name,address,addr:city,addr:postcode,cuisine,lat,lon,county
Hartz Chicken,,,,chicken,29.7654156,-96.152773,Austin
Subway,Northeast I-10 Frontage Road,Sealy,77474,sandwich,29.777136,-96.107493,Austin
China Buffet,,,,chinese,29.7697735,-96.1543322,Austin
Sonic,South Front Street,Bellville,77418,burger,29.9403805,-96.2518896,Austin
,,,,chinese,29.9496621,-96.2558814,Austin
,,,,donut,29.9493955,-96.2560023,Austin
,,,,,29.9500567,-96.256847,Austin
Burger King,,,,burger,29.7639114,-96.151909,Austin
Subway,FM 3538,,,sandwich,29.7643718,-96.1854794,Austin
Wendy's,Beckendorff Road,Sealy,77474,burger,29.7511904,-96.2666773,Austin
River Hills Seafood Steak & Bat,,,,seafood,29.7641129,-96.1854923,Austin
Taco Corner,,,,mexican,30.0233034,-96.1410589,Austin
Chicken Express,,,,chicken,29.7613652,-96.1508413,Austin
TJ Filipino-Vietnamese Cuisine,County Road 94,Pearland,77584,international,29.578925,-95.3830661,Brazoria
Donut Shop,,,,coffee_shop,29.0978977,-95.6889654,Brazoria
Bulldog Cafe,,,,american,29.0418709,-95.7041895,Brazoria
Taco Loco,,,,mexican,29.0413178,-95.7013195,Brazoria
Sonic,North Main Street,Sweeny,77480,burger,29.0417821,-95.705418,Brazoria
Simple Simons,,,,italian,29.0409088,-95.7015583,Brazoria
Domino's,North Main Street,Sweeny,77480,pizza,29.0412521,-95.7033687,Brazoria
Subway,North Main Street,Sweeny,77480,sandwich,29.0439345,-95.7072901,Brazoria
DairyMart,,,,american,29.0412697,-95.7028564,Brazoria
Lucy's Restaurant,,,,mexican,29.1343382,-95.6507116,Brazoria
Chinese Buffet,,,,chinese,29.1494628,-95.6588602,Brazoria
Baytown Seafood,,,,american,29.1377308,-95.6544989,Brazoria
Subway,,,,sandwich,29.1471763,-95.6570925,Brazoria
Drini Pizza,West Brazos Avenue,West Columbia,77486,pizza,29.1472421,-95.6571114,Brazoria
Talk About Good,North Brazosport Boulevard,Freeport,77541,cajun,28.9811934,-95.3767416,Brazoria
Jack in the Box,North Brazosport Boulevard,Freeport,77541,burger,28.9807241,-95.3764519,Brazoria
Subway,Shadow Creek Pwy,Pearland,77584,sandwich,29.5808799,-95.3909328,Brazoria
Wursthaus Restaurant,This Way,Laks Jackson,77566,german,29.0414601,-95.449271,Brazoria
Sonic,,,,burger,29.55573,-95.2619766,Brazoria
Subway,East Mulberry Street,Angleton,77515,sandwich,29.1687034,-95.4184139,Brazoria
Cracker Barrel,,,,,29.5834607,-95.3875349,Brazoria
Smoothie King,Shadow Creek Parkway,Pearland,,juice,29.580868,-95.3909976,Brazoria
Shipley's Donuts,,,,donut,29.4251467,-95.2309278,Brazoria
Grazia's,,,,italian,29.5590859,-95.3657207,Brazoria
McDonald's,Business Center Drive,Pearland,77584,burger,29.5568829,-95.3909137,Brazoria
Pei Wei,West Broadway Street,Pearland,77584,asian,29.5553076,-95.3946504,Brazoria
Freebirds,West Broadway Street,Pearland,77584,mexican,29.5549243,-95.3946479,Brazoria
Smashburger,FM518 Suite 140,Pearland,77584,burger,29.5546793,-95.3782137,Brazoria
SKEET'S Bar-B-Q,,,,,29.5544632,-95.3782019,Brazoria
Bahama Buck's,,,,dessert,29.5560957,-95.4149231,Brazoria
Stomp's Burger Joint,West Broadway Street,Pearland,,burger,29.5557858,-95.4169318,Brazoria
Zoës Kitchen,West Broadway Street,Pearland,,mediterranean,29.5551701,-95.397498,Brazoria
Mongo,West Broadway Street,Pearland,,mongolian_grill;asian;chinese;sushi,29.5534196,-95.3941511,Brazoria
Fish City Grill,West Broadway Street,Pearland,,seafood,29.5531538,-95.3941614,Brazoria
Bonchon Chicken,West Broadway Street,Pearland,,chicken;korean;sushi,29.5528748,-95.3941543,Brazoria
Honey Baked Ham,West Broadway Street,Pearland,,american,29.5517658,-95.3943101,Brazoria
ShoGun Japanese Grill & Sushi Bar,West Broadway Street,Pearland,,sushi,29.5540563,-95.3937259,Brazoria
Stadia Sports Grill,,,,,29.5528021,-95.3920226,Brazoria
Marco's Pizza,West Broadway Street,Pearland,,,29.5546559,-95.4187338,Brazoria
Sharetea,,,,bubble_tea,29.559387,-95.3887858,Brazoria
Raising Cane's,,,,chicken,29.5570299,-95.3683814,Brazoria
Smoothie King,,,,juice,29.5579007,-95.3667428,Brazoria
Molly's Donuts,,,,donut,29.5608318,-95.3499911,Brazoria
Ding Tea,,,,bubble_tea,29.5465292,-95.3902153,Brazoria
Chipotle,West Broadway Street,Pearland,77584,mexican,29.5564296,-95.3863466,Brazoria
Five Guys,West Broadway Street,Pearland,77584,burger,29.5564313,-95.386134,Brazoria
Panera Bread,West Broadway Street,Pearland,77584,sandwich;bakery,29.5564296,-95.3852521,Brazoria
Another Broken Egg Cafe,Smith Ranch Road,Pearland,77584,brunch;omelette;pancake;waffle,29.5612578,-95.3864126,Brazoria
La Casona,Abner Jackson Parkway,Lake Jackson,,tex-mex,29.0416967,-95.4576285,Brazoria
Sista White's Cafe,South Gulf Boulevard,,,barbecue,28.9596265,-95.35424,Brazoria
The Fill Station,127 Parking Way Street,,,barbecue,29.0396293,-95.4487501,Brazoria
Seahorse Bar and Grill,Ocean Avenue,,,seafood,28.9532934,-95.2816913,Brazoria
Subway,Plantation Drive,Lake Jackson,77566,sandwich,29.0198982,-95.4211112,Brazoria
Dairy Bar,,,,burger,29.0210279,-95.4264706,Brazoria
Grazia Italian Kitchen,That Way,,,italian,29.0419362,-95.4489237,Brazoria
The Local Kitchen Bar Bakery,That Way,,,burger;american;seafood,29.0427014,-95.4493213,Brazoria
China Star Chinese Buffet,West Broadway Street,Pearland,77584,,29.5565955,-95.3749444,Brazoria
McDonald's,South Bypass 35,Alvin,77511,burger,29.4219435,-95.2305955,Brazoria
Carl's Jr.,FM 523,Angleton,77515,burger,29.1964288,-95.4566082,Brazoria
The Taco Company,,,,mexican,29.4381984,-95.4322417,Brazoria
Szechuan Spice Restaurant,Business Center Drive,Pearland,77584,chinese;asian,29.5460583,-95.390208,Brazoria
Costco Food Court,,,,hot_dog;pizza;sandwich,29.5438248,-95.3911683,Brazoria
Pretzelmaker,,,,pretzel,29.5521622,-95.3943217,Brazoria
Great American Cookies,,,,cookie,29.5520597,-95.3943257,Brazoria
Wendy's,CR 59,Pearland,77584,burger,29.5419305,-95.3904711,Brazoria
Em's Seafood Kitchen,Magnolia Parkway,,,seafood,29.5406157,-95.3986906,Brazoria
Marq'E Donuts & Coffee,Magnolia Parkway,,,coffee_shop;donut;tacos,29.5406255,-95.3990643,Brazoria
Wendy's,West Broadway Street,Pearland,77584,burger,29.5550115,-95.4003504,Brazoria
Lotus Seafood,West Broadway Street,Pearland,,seafood,29.5546948,-95.4019088,Brazoria
Alpha Dessert Juice Café,West Broadway Street,Pearland,,,29.554702,-95.4017038,Brazoria
Italiano's,West Broadway Street,Pearland,,italian,29.5547182,-95.4012463,Brazoria
Starbucks,,,,coffee_shop,29.5537968,-95.3830406,Brazoria
Russo's New York Pizzeria,West Broadway Street,Pearland,,pizza,29.5535955,-95.3937202,Brazoria
Tang's Kitchen,Kingsley Drive,Pearland,,chinese,29.5562315,-95.4167983,Brazoria
Pepperoni's,Kingsley Drive,Pearland,,pizza,29.5566048,-95.4168305,Brazoria
Smokin D's Bbq Fusion Bar & Grill,TX-35 N,Alvin,77511,,29.401201,-95.241794,Brazoria
Tacotas Street Tacos,,,,mexican,29.5413378,-95.4162541,Brazoria
Chuck E. Cheese,Silverlake Village Drive,Pearland,,pizza,29.5518183,-95.3858089,Brazoria
Brew n Bake,Oyster Creek Drive,,,,29.0455072,-95.4526067,Brazoria
Little Caesars,,,,pizza,29.5808348,-95.3908357,Brazoria
Wingstop,Shadow Creek Parkway,Pearland,77584,wings,29.58084,-95.3907706,Brazoria
La Casona,,,,mexican,29.1958635,-95.4347855,Brazoria
Arby's,North Velasco Boulevard,Angleton,77515,sandwich,29.1948595,-95.4343765,Brazoria
The Monk's Indian Bistro,,,,indian,29.5508014,-95.3863676,Brazoria
El Potrillo,,,,mexican,29.0147,-95.4199983,Brazoria
Burger King,FM 1462,,,burger,29.3515071,-95.4280408,Brazoria
Jamba,Business Center Drive,Pearland,77584,juice,29.5567974,-95.3927816,Brazoria
3rd Coast Pizza Co.,,,,pizza,29.076616,-95.4097089,Brazoria
Julia Donuts & Coffee,,,,donut,29.0764681,-95.4096677,Brazoria
Target Snack Bar,,,,,29.0504181,-95.4654689,Brazoria
Backyard Patio,,,,,29.0433574,-95.4492763,Brazoria
Tommaso's Italian Grill & Cajun Seafood,North Gordon Street,Alvin,77511,italian,29.4280154,-95.2447413,Brazoria
Wild West BBQ,East Mulberry Street,Angleton,77515,barbecue,29.1705458,-95.4182272,Brazoria
Honore's Cajun Cafe,North Downing Street,Angleton,77515,cajun;seafood,29.1694771,-95.4194179,Brazoria
Domino's,This Way Street,Lake Jackson,77566,pizza,29.0416933,-95.4487069,Brazoria
Chicken Salad Chick,,,,chicken,29.0421996,-95.4439074,Brazoria
Marco's Pizza,,,,pizza,29.0420861,-95.4435681,Brazoria
Dee Best Donuts,,,,donut,29.1733453,-95.4163403,Brazoria
Marco's Pizza,,,,pizza,29.1736018,-95.4163231,Brazoria
Burger King,East State Highway 6,Alvin,77511,burger,29.4244602,-95.2283092,Brazoria
Umi Sushi,,,,sushi;japanese;ramen,29.1840366,-95.4325971,Brazoria
Wingstop,North Velasco Street,Angleton,77515,wings,29.1828119,-95.4312023,Brazoria
Texas Roadhouse,,,,steak_house,29.0494464,-95.4589269,Brazoria
Chuck E. Cheese,,,,pizza,29.0493735,-95.4583618,Brazoria
Luigi's Italian Kitchen,,,,italian,29.1782178,-95.4336964,Brazoria
Kick'n Chick'n,,,,chicken,29.1685056,-95.41991,Brazoria
The Dirty South,,,,,29.165159,-95.4317082,Brazoria
Early Bird Taqueria,West Mulberry Street,Angleton,77515,mexican,29.164142,-95.4369571,Brazoria
Nenas,West Mulberry Street,Angleton,77515,mexican,29.1635579,-95.439008,Brazoria
Hunt Brothers Pizza,,,,pizza,29.2279313,-95.3442457,Brazoria
Domino's,East Mulberry,Angleton,77515,pizza,29.172544,-95.415819,Brazoria
Rock's Donuts,,,,donut,29.172432,-95.4158862,Brazoria
Mi Tierra,,,,mexican,29.1820793,-95.4104418,Brazoria
Smoothie King,,,,juice,29.0490607,-95.4653332,Brazoria
Jimmy John's,,Lake Jackson,77566,sandwich,29.0492205,-95.4653682,Brazoria
Wendy's,Morris Avenue,Manvel,77578,burger,29.4666781,-95.3567099,Brazoria
Domino's,Highway 6,Rosharon,77583,pizza,29.4950431,-95.4388907,Brazoria
Burger King,Highway 6,Rosharon,77583,burger,29.497157,-95.4394169,Brazoria
Wingstop,West Broadway Street,Pearland,77584,wings,29.5545593,-95.4152166,Brazoria
Arby's,Broadway Street,Pearland,77581,sandwich,29.5437959,-95.2233031,Brazoria
Jack in the Box,Main Street,Pearland,77581,burger,29.547218,-95.278161,Brazoria
Wendy's,Pearland Parkway,Pearland,77581,burger,29.57631,-95.2658442,Brazoria
Wingstop,Pearland Parkway,Pearland,77581,wings,29.5578635,-95.2602768,Brazoria
Panera Bread,Pearland Parkway,Pearland,77581,sandwich;bakery,29.5583771,-95.2614638,Brazoria
Chipotle,Pearland Parkway,Pearland,77581,mexican,29.5581623,-95.2617459,Brazoria
MOD Pizza,Pearland Parkway,Pearland,77581,pizza,29.5581811,-95.2622464,Brazoria
Popeyes,Broadway Street,Pearland,77581,chicken,29.561391,-95.276972,Brazoria
Burger King,East Broadway,Pearland,77581-4306,burger,29.5626513,-95.2778493,Brazoria
DQ Grill & Chill,East Broadway,Pearland,77581-4202,ice_cream;burger,29.563439,-95.282362,Brazoria
Domino's,North Main Street,Pearland,77581,pizza,29.5733256,-95.2834973,Brazoria
Wendy's,North Main,Pearland,77581,burger,29.5755878,-95.2867399,Brazoria
Domino's,West Broadway Street,Pearland,77581,pizza,29.5591166,-95.3094239,Brazoria
DQ Grill & Chill,Broadway Street,Pearland,77581-7760,ice_cream;burger,29.5597361,-95.3448262,Brazoria
Burger King,Broadway Street,Pearland,77581-7763,burger,29.558705,-95.3472588,Brazoria
Wingstop,Broadway Street,Pearland,77581,wings,29.5604531,-95.3498692,Brazoria
Domino's,West Broadway Street,Pearland,77584,pizza,29.5568738,-95.37196,Brazoria
MOD Pizza,Business Center Drive,Pearland,77584,pizza,29.5575684,-95.3922888,Brazoria
Jimmy John's,West Broadway Street,Pearland,77584,sandwich,29.5553363,-95.3832515,Brazoria
McDonald's,West Broadway Street,Pearland,77584,burger,29.558102,-95.382598,Brazoria
Panda Express,South Freeway,Pearland,77584,chinese,29.5685887,-95.3877999,Brazoria
Jack in the Box,South Freeway,Pearland,77584,burger,29.569,-95.387792,Brazoria
Arby's,Shadow Creek Parkway,Pearland,77584,sandwich,29.5801959,-95.3938622,Brazoria
Wendy's,Shadow Creek Parkway,Pearland,77584,burger,29.5800899,-95.3966548,Brazoria
Domino's,Shadow Creek Parkway,Pearland,77584,pizza,29.5765788,-95.4056616,Brazoria
Popeyes,Shadow Creek Parkway,Pearland,77584,chicken,29.577847,-95.419022,Brazoria
McDonald's,FM 1462,,77511-4053,burger,29.4008345,-95.2464515,Brazoria
Margarita Jones,,,,mexican,29.1439101,-95.6433249,Brazoria
,,,,donut,29.4322435,-95.2545475,Brazoria
Alvin Smoked Meats & Eats,,,,barbecue,29.4323348,-95.2547514,Brazoria
Auntie Anne's,,,,pretzel,29.5567583,-95.3928477,Brazoria
Domino's,,,,pizza,29.1446368,-95.6495885,Brazoria
Snowflake Donuts,,,,donut,29.1480705,-95.6581483,Brazoria
Hunt Brothers Pizza,,,,pizza,29.0976623,-95.6892727,Brazoria
Krispy Krunchy Chicken,,,,chicken,29.264139,-95.4496171,Brazoria
,,,,barbecue,29.2640564,-95.4495897,Brazoria
,,,,mexican,29.26399,-95.4495885,Brazoria
The Taco Bar,,,,mexican,29.2653896,-95.4514156,Brazoria
Wingstop,State Highway 332 East,,,wings,29.0456331,-95.4565097,Brazoria
Little Caesars,,,,pizza,29.0457435,-95.4571363,Brazoria
Master Glazed Donuts,,,,donut,29.1436325,-95.6387891,Brazoria
Tacos and More,,,,mexican,29.1437025,-95.6386197,Brazoria
Takeria La Rosa,,,,mexican,29.1429719,-95.6378925,Brazoria
P66 / CPCHEM Cafeteria,,,,american;barbecue;chinese,29.0708259,-95.735956,Brazoria
Jay Cafe,Oyster Creek Drive,Lake Jackson,77566,american,29.0456336,-95.4529908,Brazoria
Beef O'Brady's,Oyster Creek Drive,Lake Jackson,77566,american,29.0455527,-95.4528347,Brazoria
La Madeleine,This Way,Lake Jackson,77566,french,29.0394091,-95.4541525,Brazoria
McAlister's Deli,This Way,Lake Jackson,77566,sandwich,29.0393605,-95.4543455,Brazoria
Jersey Mike's Subs,Alvin Sugarland Road,Manvel,,sandwich,29.4839495,-95.4030928,Brazoria
Chipotle,Alvin Sugarland Road,Manvel,,mexican,29.4839949,-95.4032241,Brazoria
Pho 71 Vietnamese Noodle House,,,,vietnamese,29.5568366,-95.365702,Brazoria
El Taco Spot,Flag Lake Drive,,77566,mexican,29.0119667,-95.4216708,Brazoria
Whataburger,State Hwy 6,,77584,american,29.4841309,-95.4040393,Brazoria
Nishiki Japanese restaurant,Business Center Drive,,77584,japanese,29.5463375,-95.3901988,Brazoria
Big Horn BBQ,Hwy 6,,77578,american;barbecue,29.467525,-95.3551867,Brazoria
Shipley Do-Nuts,Hwy 6,,77578,coffee_shop;donut,29.471684,-95.3679039,Brazoria
Marco's Pizza,Morris Ave,,77578,pizza,29.4695443,-95.3641481,Brazoria
Honore's Cajun Cafe,Highway 6,,77578,,29.4705812,-95.3674005,Brazoria
Manvel Seafood & Grill,Highway 6,,77578,,29.473847,-95.3747394,Brazoria
The Burger Barn,Hwy 6,,77578,,29.4743409,-95.376054,Brazoria
Kelley's Country Cookin',East Broadway Street,,77581,american;breakfast;burger;chicken;diner;pancake,29.5578176,-95.2672411,Brazoria
Domino's Pizza,Meridiana Parkway,,77583,,29.4387845,-95.4366036,Brazoria
Marco's Pizza,Meridiana Parkway,,77583,italian_pizza,29.4395501,-95.4315409,Brazoria
Krspy Krunchy Chicken,Meridiana Parkway,,77583,chicken,29.439319,-95.3938816,Brazoria
Dilly's Seafood & Burgers,Meridiana Parkway,,77583,burger;fish,29.4383837,-95.4306325,Brazoria
Parlor Doughnuts,,,,,29.5676813,-95.3878014,Brazoria
Center Court Pizza and Brew,Meridiana Parkway,,77583,italian_pizza;pizza,29.4396873,-95.4237455,Brazoria
Iguanas Ranas Cantina,South Grand Boulevard,,77581,mexican,29.5604509,-95.2842467,Brazoria
Whataburger,Broadway Street,,77581,breakfast;burger;chicken,29.5474333,-95.2334623,Brazoria
Sonic Drive-In,South Gordon Street,,77511,,29.4134478,-95.2436653,Brazoria
Domino's Pizza,South Gordon Street,,77511,chicken;italian_pizza;pizza,29.4125191,-95.2433843,Brazoria
Dairyland,South Gordon Street,,77511,burger;mexican,29.4135237,-95.2439313,Brazoria
Shipley Donuts,Meridiana Parkway,,77583,breakfast;coffee_shop;donut,29.4384299,-95.4434972,Brazoria
Wrap and Roll,West Broadway Street,,77581,,29.5596801,-95.347258,Brazoria
Five Guys,Nolan Ryan Expressway,,77578,american;burger,29.4844617,-95.4014211,Brazoria
"Kate’s Coffee, Tea, & More",South 17th Street,West Columbia,77486,,29.1399754,-95.6496128,Brazoria
Waffle House,,,,,32.8197548,-85.2106323,Chambers
,,,,chicken;fish,29.8200996,-94.9003316,Chambers
Jack in the Box,,,,burger,29.8200739,-94.8987382,Chambers
Burger King,Interstate Highway 10 West,Winnie,77665,burger,29.8363925,-94.3828836,Chambers
Subway,I-10 East,Mt Belveiu,77580,sandwich,29.8228449,-94.8977118,Chambers
DQ Grill & Chill,Highway 146,Mont Belvieu,77580,ice_cream;burger,29.8249451,-94.8976446,Chambers
Iguana Joe's,,,,,29.8257434,-94.8975809,Chambers
Wendy's,TX 146,Baytown,77523,burger,29.8172409,-94.89968,Chambers
,,,,,29.819074,-94.9004126,Chambers
Sonic,TX 146,Baytown,77520,burger,29.819421,-94.9003171,Chambers
TJ's,,,,burger;chicken;pizza,29.8353461,-94.5392793,Chambers
Dunkin' Donuts,Interstate 10 East,Winnie,77665,donut;coffee_shop,29.8353647,-94.5394403,Chambers
Crawfish Place,State Highway 61,Anahuac,77514,pizza;burger;regional;crawfish,29.8167841,-94.6469768,Chambers
Hurricane Tita's,West Bayshore Drive,Anahuac,77514,pizza;burger;regional;crawfish,29.6571167,-94.6887163,Chambers
Checkers,East Freeway,Baytown,77523,burger,29.8290027,-94.8035918,Chambers
Gong Cha,North State Highway 146,Baytown,77523,bubble_tea,29.8192416,-94.896739,Chambers
Freddy's,East Freeway,Baytown,77523,ice_cream;burger,29.8206451,-94.8964515,Chambers
Big Madre Tacos,,,,mexican,29.8289079,-94.8037505,Chambers
Subway,1-10E,Baytown,77523,sandwich,29.8308869,-94.8046383,Chambers
Church's Chicken,,,,chicken,29.8309369,-94.8043057,Chambers
Schlotzsky's,,,,sandwich,29.7774718,-94.9124588,Chambers
MOD Pizza,Eagle Drive,Mont Belvieu,77523,pizza,29.8280743,-94.8482577,Chambers
Popeyes,20th Avenue,Valley,36854,chicken,32.8471602,-85.1838886,Chambers
Dunkin',20th Avenue,Valley,36854,donut;coffee_shop,32.8470325,-85.18374,Chambers
Hello Gorgeous By Sydni,River Oak Drive,Baytown,77523,,29.8512452,-94.8135558,Chambers
Gator Junction Bar-B-Q,,,,barbecue,29.8397698,-94.6641903,Chambers
Chipotle,,,,mexican,29.8204215,-94.898503,Chambers
Subway,,,,sandwich,29.8412162,-94.6468572,Chambers
McDonald's,,,77523,burger,29.8328662,-94.8486669,Chambers
,,,,,29.8199728,-94.9002957,Chambers
Cactus Jack's,,,,,29.8265931,-94.8512352,Chambers
Southern SmokeHouse,North Cherry Drive,Lanett,36863,barbecue,32.8742271,-85.1899661,Chambers
Arby's,20th Avenue,Valley,36854,sandwich,32.83665,-85.177601,Chambers
Subway,Westheimer Road,Houston,77082,sandwich,29.709886,-95.686142,Fort Bend
Little Ceasers,Westheimer Road,,77802,pizza,29.7094867,-95.6861006,Fort Bend
Jack in the Box,FM 1464 Road,Richmond,77407,burger,29.6911611,-95.6886945,Fort Bend
Shipley Donuts,,,,,29.5653731,-95.781318,Fort Bend
DQ Grill & Chill,Herndon Drive,Rosenberg,77471-2101,ice_cream;burger,29.5655457,-95.7813716,Fort Bend
Papa Mex,,,,,29.5650885,-95.7819939,Fort Bend
Wendy's,,,,,29.563698,-95.7846064,Fort Bend
Little Caesars,,,,pizza,29.5657137,-95.7814736,Fort Bend
Texas Safari Banquet Hall,,,,,29.6452725,-95.6780794,Fort Bend
Sonic,Sienna Ranch Road,Missouri City,77459,burger,29.541908,-95.5491881,Fort Bend
Burger King,Crabb River Road,Richmond,77469-5632,burger,29.5589322,-95.6909529,Fort Bend
Starbucks,City Walk Boulevard,Sugar Land,77479,coffee_shop,29.5961262,-95.6223894,Fort Bend
Subway,Eldridge Road,Sugar Land,77498,sandwich,29.634294,-95.619024,Fort Bend
Pei Wei,,,,asian,29.598255,-95.625989,Fort Bend
Freebirds,,,,mexican,29.6050781,-95.6135591,Fort Bend
Schlotzsky's,Southwest Freeway Frontage Road,Sugar Land,77478,sandwich,29.6054401,-95.6138628,Fort Bend
Lupe Tortilla,Southwest Freeway,Sugar Land,77478,mexican,29.5991447,-95.6202791,Fort Bend
Madras Pavillion,,,,indian,29.5982155,-95.6277036,Fort Bend
Fish City Grill,City Walk,Sugar Land,77479,seafood,29.5966387,-95.6217626,Fort Bend
Sonic,Westheimer Parkway,Cinco Ranch,77494,burger,29.7351913,-95.7776082,Fort Bend
Panda Express,Southwest Freeway,Rosenberg,77471,chinese,29.544116,-95.7553426,Fort Bend
Denny's,,,,american,29.6462018,-95.5796233,Fort Bend
Chick-fil-A,State Highway 6 South,Sugar Land,77478,chicken,29.5975596,-95.6186122,Fort Bend
T Jins China Diner,,,,,29.5421771,-95.7498454,Fort Bend
McDonald's,State Highway 6,Sugar Land,77479,burger,29.6013392,-95.6322524,Fort Bend
Denny's,State Highway 6,Sugar Land,77478,american,29.601696,-95.6331295,Fort Bend
Carrabba's Itallian Grill,,,,,29.713012,-95.7705135,Fort Bend
Smashburger,,,,burger,29.7125933,-95.772739,Fort Bend
Jack in the Box,Fondren Road,Missouri City,77489,burger,29.619436,-95.5079574,Fort Bend
Shipley Donuts,Texas Parkway,Missouri City,77489,donut,29.6020026,-95.5260516,Fort Bend
Church's Chicken,Texas Parkway,Missouri City,77489,chicken,29.5982828,-95.5264432,Fort Bend
Timmy Chan's Chicken and Fried Rice,Texas Parkway,Missouri City,77489,,29.5976997,-95.526293,Fort Bend
Burger King,Texas Parkway,Missouri City,77489,burger,29.5950503,-95.5262742,Fort Bend
Subway,Texas Parkway,Missouri City,77489,sandwich,29.5976134,-95.5271379,Fort Bend
KFC,Texas Parkway,Missouri City,77489,chicken,29.5952602,-95.5271352,Fort Bend
McDonald's,Cartwright Road,Missouri City,77489,burger,29.5831293,-95.5273525,Fort Bend
Hartz Chicken Buffet,Cartwright Road,Missouri City,77489,chicken,29.5831479,-95.5282939,Fort Bend
Fu Lu Su,Cartwright Road,Missouri City,77459,thai,29.582896,-95.542456,Fort Bend
Tornado Taco,Murphy Road,Missouri City,77459,tex-mex,29.5831882,-95.5637205,Fort Bend
Sonic,Alvin Sugarland Road,Missouri City,77459,burger,29.569634,-95.567188,Fort Bend
Old Hickory Inn BBQ,Murphy Road,Missouri City,77459,barbecue,29.571253,-95.564554,Fort Bend
Five Guys,Highway 6,Missouri City,77459,burger,29.5655731,-95.5635214,Fort Bend
Spring Creek Barbeque,State Highway 6,Missouri City,77459,barbecue,29.5791773,-95.5796736,Fort Bend
Fuzzy's Taco Shop,State Highway 6,Missouri City,77459,mexican,29.5797324,-95.5805159,Fort Bend
Cafe East Chinese Restaurant and Buffet,State Highway 6 South,Sugar Land,77478,chinese,29.5819531,-95.5824256,Fort Bend
Saigon Pho & Grill Vietnamese Noodle House,State Highway 6 South,Sugar Land,77478,vietnamese,29.5820581,-95.582667,Fort Bend
Dumar's Mediterranean Grill,State Highway 6 South,Sugar Land,77479,mediterranean,29.5811544,-95.5862957,Fort Bend
El Fogon Mexican Kitchen 4514 Yes I Don't See Any,State Highway 6 South,Sugar Land,77478,mexican,29.5812386,-95.5864237,Fort Bend
Volcano Hot Pot & BBQ,State Highway 6 South,Sugar Land,77478,asian,29.5884818,-95.5990607,Fort Bend
Firehouse Subs,State Highway 6 South,Sugar Land,77478,sandwich,29.5934452,-95.6069449,Fort Bend
Pho Ben Noodle House,State Highway 6 South,Sugar Land,77478,vietnamese,29.5908328,-95.5983016,Fort Bend
Paisa twin,,,,,29.772953,-95.837861,Fort Bend
Berryhill Tacos Sugarland,Southwest Freeway,Sugar Land,77478,mexican,29.6227782,-95.5984241,Fort Bend
Wynn Network Plus,,,,,29.5865492,-95.5897429,Fort Bend
The Toasted Yolk Cafe,,,,,29.5963919,-95.6233118,Fort Bend
Schlotzsky's,Addicks-Howell Road,Houston,77083,sandwich,29.6827165,-95.6428388,Fort Bend
Pizza Bella,Pin Oak Road,Katy,77494,pizza,29.7709398,-95.8182819,Fort Bend
Mai Colachi BBQ & Grill,Southwest Freeway,Sugar Land,77478,,29.6222483,-95.597821,Fort Bend
Subway,Southwest Freeway,Sugar Land,77478,sandwich,29.621697,-95.6000397,Fort Bend
Subway,Highway 6 South,Sugar Land,77498,sandwich,29.6666479,-95.6441254,Fort Bend
Hooters,,,,burger,29.6339399,-95.5856998,Fort Bend
Good 'Ol Boys,,,,cajun,29.7765842,-95.833726,Fort Bend
Wendy's,West Grand Parkway South,Richmond,77407,burger,29.6633516,-95.7415132,Fort Bend
Little Caesars,West Grand Parkway South,Richmond,77407,pizza,29.6632887,-95.7413941,Fort Bend
Jack in the Box,West Grand Parkway South,Richmond,77407,burger,29.6627104,-95.7400631,Fort Bend
IL Primo Pizza & Winds,West Grand Parkway South,Richmond,77407,italian,29.6637756,-95.7369506,Fort Bend
Subway,South Post Oak,Houston,77053,sandwich,29.5952557,-95.4669526,Fort Bend
Frenchy's,,,,,29.595219,-95.4667521,Fort Bend
Starbucks,West Grand Parkway South,Richmond,77406,coffee_shop,29.6639031,-95.745368,Fort Bend
Papa John's,West Grand Parkway South,Richmond,77406,pizza,29.6640166,-95.7455576,Fort Bend
DQ Grill & Chill,US 90A,Sugar Land,77498-2012,ice_cream;burger,29.608569,-95.6580083,Fort Bend
Cicis,,,,pizza;buffet,29.7725196,-95.8176731,Fort Bend
Starbucks,Spring Green Boulevard,Katy,77494,coffee_shop,29.7631692,-95.8436498,Fort Bend
Subway,Spring Green Boulevard,Katy,77494,sandwich,29.763987,-95.8435646,Fort Bend
Russo's New York Pizzeria,,,,,29.7640729,-95.843578,Fort Bend
Fajita Petes,FM 1463,Katy,77494,mexican;tex-mex,29.7538513,-95.8510245,Fort Bend
Subway,FM 1463,Katy,77494,sandwich,29.7512513,-95.8523359,Fort Bend
Southern Maid Donuts,,,,,29.7511634,-95.8523307,Fort Bend
Pepperoni's,FM 1463,Katy,77494,pizza;sandwich,29.7508113,-95.850933,Fort Bend
Banh Mi - Juice and Sandwich,,,,,29.7508782,-95.850939,Fort Bend
Fusion Wok,,,,,29.7511582,-95.8509405,Fort Bend
Pizza Hut,FM 1463 Road,Katy,77494,pizza,29.7517988,-95.8509528,Fort Bend
Daily Donuts,,,,,29.7322727,-95.8459162,Fort Bend
Little V Vietnamese Bistro,FM 1463,Katy,77494,,29.7322782,-95.8458339,Fort Bend
Chuckwagon BBQ & Burgers,,,,,29.7323006,-95.8456797,Fort Bend
Ling's Restaurant,FM 1463,Katy,77494,chinese,29.7262171,-95.8456955,Fort Bend
Cane Island Bar & Grill,,,,,29.7234423,-95.8457924,Fort Bend
MOD Pizza,FM 1463,Katy,77494,pizza,29.7182429,-95.8466287,Fort Bend
Mama Fu's asian house,,,,,29.7184128,-95.845803,Fort Bend
Fuji Sushi,,,,,29.7174153,-95.8455046,Fort Bend
Subway,FM 1463 Road,Katy,77494,sandwich,29.717012,-95.845502,Fort Bend
Wendy's,FM 1463,Katy,77494,burger,29.7052203,-95.8453911,Fort Bend
Southern Maid Donuts,,,,,29.7051424,-95.8454005,Fort Bend
Suzie Wong's Chinese Restaurant,,,,,29.7049083,-95.8453972,Fort Bend
Yen Teppanyaki & Sushi Steakhouse,FM 1463,Fulshear,77441,,29.696991,-95.8468123,Fort Bend
Dimassi's Mediterranean Buffet,Southwest Freeway,Sugar Land,77479,mediterranean;buffet,29.5928642,-95.6231085,Fort Bend
Domino's,Spring Green Boulevard,Katy,77494,pizza,29.7616358,-95.8414734,Fort Bend
Social Pub,,,,,29.7613504,-95.8414285,Fort Bend
Rice & Rolls,,,,vietnamese;chinese,29.6426608,-95.5825694,Fort Bend
Church's Chicken,Southwest Freeway,Stafford,77477,chicken,29.6393357,-95.5823353,Fort Bend
McDonald's,Highway 6 South,Missouri City,77459,burger,29.5345137,-95.5162585,Fort Bend
Sonic,FM 359,Richmond,77406,burger,29.6216834,-95.7430125,Fort Bend
49ers Grill,Farm to market 359,Richmond,77469,,29.6187055,-95.7430701,Fort Bend
Ninja Japanese Cuisine,Farm to Market 359,Richmond,77469,japanese,29.6186764,-95.7425741,Fort Bend
Pepperonis Pizzeria,Fm 359,Richmond,77469,pizza,29.618716,-95.7427506,Fort Bend
Domino's,Fm359,Richmond,77406,pizza,29.6209583,-95.7425973,Fort Bend
McDonald's,FM 359,Richmond,77469,burger,29.6240635,-95.7445076,Fort Bend
Subway,FM 359,Richmond,77406,sandwich,29.6208563,-95.7431799,Fort Bend
Pizza Hut,,,,pizza,29.6248967,-95.7443985,Fort Bend
Clancy's Public House,Fm 359,Richmond,77406,,29.6017629,-95.7434045,Fort Bend
Mugz Coffee Bar,FM 359,Richmond,77406,,29.6023413,-95.7434018,Fort Bend
Pier 36 Seafood & Oyster bar,East US Highway 90 Alternate,Richmond,77406,,29.5949391,-95.7390716,Fort Bend
Teriyaki Madness,Katy Freeway,Katy,,japanese,29.7758253,-95.8219157,Fort Bend
Starbucks,"FM 1463, 100",Katy,77494,coffee_shop,29.7763712,-95.8326023,Fort Bend
McDonald's,,,,burger,29.7763444,-95.8312579,Fort Bend
Billy's Donuts,Highway 6,Missouri City,77459,donut;pastry,29.5549007,-95.5558694,Fort Bend
Hurts Donut Co,Spring Green Boulevard,Katy,77494,donut;pastry;coffee_shop,29.7008406,-95.8147389,Fort Bend
Sake Asian Fusion,University Boulevard,Sugar Land,77479,asian,29.5498629,-95.5826828,Fort Bend
Main Squeeze Juice Company,University Boulevard,Sugar Land,77479,juice,29.5505396,-95.5853838,Fort Bend
MOD Pizza,University Boulevard,Sugar Land,77479,pizza,29.5499212,-95.5822402,Fort Bend
Cougar Corner,,,,coffee_shop;sandwich,29.5747756,-95.65149,Fort Bend
OG Tea,,,,,29.5889992,-95.6766245,Fort Bend
9ers Grill,,,,,29.5897829,-95.6747067,Fort Bend
Mochi Sushi,,,,sushi,29.5897091,-95.6748452,Fort Bend
Desi Tadka,,,,indian,29.5895475,-95.6750458,Fort Bend
Local Table,Peek Road,,,,29.7354176,-95.7633595,Fort Bend
Subway,University Boulevard,Sugar Land,77479,sandwich,29.5496742,-95.5870378,Fort Bend
The Pizza Shack,University Boulevard,Sugar Land,,pizza;italian;mediterranean,29.5496963,-95.5869307,Fort Bend
Republic Roots Coffee + Juice Co.,University Boulevard,Sugar Land,,,29.5496643,-95.5870915,Fort Bend
Mango Hut,,,,,29.5821654,-95.5828493,Fort Bend
Pei Wei,,,,asian,29.6986163,-95.8101362,Fort Bend
Subway,Spring Green Boulevard,Katy,77494,sandwich,29.7002199,-95.8128134,Fort Bend
Arby's,FM 723 Road,Richmond,77406,sandwich,29.6940635,-95.8138283,Fort Bend
Rosati's Pizza,Farm to Market Rd 723,Richmond,77406,pizza;chicago,29.6937445,-95.8138091,Fort Bend
Starbucks,Highway 90A,Sugar Land,77498,coffee_shop,29.6078582,-95.6595784,Fort Bend
Pizza Hut Delivery,Highway 6,Missouri City,77459,pizza,29.5538945,-95.5556497,Fort Bend
Starbucks,Commercial Drive,Rosenberg,77471,coffee_shop,29.5485026,-95.7509029,Fort Bend
Water Drop Teahouse,Jebbia Lane,Stafford,77477,chinese,29.6403949,-95.5538195,Fort Bend
Chick-fil-A,Southwest Freeway,Sugar Land,77479,chicken,29.5906387,-95.6255157,Fort Bend
Keeper's Japanese Restaurant & Bar,State Highway 6 South,Sugar Land,77478,japanese;sushi,29.5798448,-95.5843144,Fort Bend
Pepperoni’s,FM 359,,,pizza,29.6906492,-95.9003085,Fort Bend
Essence House Cafe,FM 359,,,,29.6907654,-95.9003246,Fort Bend
Subway,FM 359,Fulshear,77441,sandwich,29.690698,-95.9003172,Fort Bend
Domino's,FM 359,Fulshear,77441,pizza,29.691426,-95.8997137,Fort Bend
Pier 36 Seafood Restaurant & Oyster Bar,FM 359,,,,29.6909007,-95.900337,Fort Bend
Target Cafe,,,,american;pizza,29.7359767,-95.7759225,Fort Bend
Starbucks,Westheimer Parkway,Katy,77494,coffee_shop,29.7362283,-95.7763302,Fort Bend
Starbucks,Southwest Freeway,Sugar Land,77479,coffee_shop,29.5961571,-95.6278378,Fort Bend
Subway,Southwest Freeway,Rosenberg,77471,sandwich,29.5449056,-95.7534979,Fort Bend
Starbucks,Southwest Freeway,Rosenberg,77471,coffee_shop,29.544873,-95.7535931,Fort Bend
Escalente's,,,,mexican,29.5968294,-95.6209304,Fort Bend
Grab N Go Tacos,LJ Parkway,Sugar Land,,mexican,29.551905,-95.5873337,Fort Bend
V Lotus,LJ Parkway,Sugar Land,,vietnamese;noodle,29.5527821,-95.5873428,Fort Bend
Ding Tea,,,,bubble_tea,29.5799071,-95.5844065,Fort Bend
Great American Cookies,,,,cookies,29.5909879,-95.6243325,Fort Bend
Jamba,Southwest Freeway,Sugar Land,77479,juice,29.5915397,-95.625068,Fort Bend
Sbarro,,,,pizza,29.590799,-95.6252432,Fort Bend
Little Caesars,,,,pizza,29.5515629,-95.6973716,Fort Bend
McDonald's,Crabb River Road,Richmond,77406,burger,29.5510296,-95.6977884,Fort Bend
Chipotle,Alvin Sugarland Road,Missouri City,77459,mexican,29.5645682,-95.5627123,Fort Bend
Bakers House,Highway 6,Missouri City,77459,donut;bakery,29.5632033,-95.5615563,Fort Bend
Brookstreet BBQ,,,,barbecue,29.5533183,-95.5545101,Fort Bend
The Roof,State Highway 6,Sugar Land,,chicken;italian;seafood;steak_house,29.6014162,-95.6292339,Fort Bend
Ferso's Tacos & More,Katy Mills Circle,Katy,77494,mexican,29.773133,-95.8092459,Fort Bend
Burger King,Katy Mills Circle,Katy,77494,burger,29.7747957,-95.809417,Fort Bend
Charleys Philly Steaks,,,,sandwich,29.7748038,-95.8095104,Fort Bend
Asian Too,,,,asian,29.7748322,-95.8092302,Fort Bend
Lou's Cajun Grill,,,,cajun,29.7748504,-95.8091064,Fort Bend
FUWA,,,,japanese,29.7744391,-95.8094634,Fort Bend
Villa Fresh Italian Kitchen,,,,italian,29.7744578,-95.809331,Fort Bend
GW: Gyros & Wings,,,,,29.7744926,-95.8089874,Fort Bend
Rainforest Cafe,,,,american,29.7768342,-95.8103343,Fort Bend
Crust Pizza Co.,Gaston Road,Katy,77494,pizza,29.7366849,-95.8131486,Fort Bend
Union Kitchen,Gaston Road,Katy,77494,regional,29.7371111,-95.8129877,Fort Bend
Jax Grill,Gaston Road,Katy,77494,american,29.7367053,-95.8125277,Fort Bend
Papa Joe's New York Style Deli,Avenue H,,,jewish,29.5724924,-95.7739164,Fort Bend
The Prairie Table,Musselburgh Court,Missouri City,77459,coffee_shop,29.5996484,-95.5744051,Fort Bend
Laredo Taco Company,,,,tex-mex,29.5392241,-95.7453977,Fort Bend
McDonald's,West Grand Parkway South,Richmond,77407,burger,29.6639155,-95.7420127,Fort Bend
Subway,TX-36,Needville,77461,sandwich,29.3944172,-95.8314579,Fort Bend
Snow Flake Donuts,TX-36,Needville,77461,donut,29.3975767,-95.8342274,Fort Bend
Pizza Hut,TX-36,Needville,77461,pizza,29.3975055,-95.8342069,Fort Bend
Starbucks,Highway 6,Missouri City,77459,coffee_shop,29.565537,-95.5676946,Fort Bend
Dulcédo Coffee,FM 1093,Katy,77406,,29.6959523,-95.8402893,Fort Bend
P.F. Chang's,,,,asian,29.5954191,-95.6242119,Fort Bend
Chipotle,Lone Star Drive,Sugar Land,77479,mexican,29.5941355,-95.6227345,Fort Bend
B.B. Italia,,,,italian,29.5951771,-95.6234932,Fort Bend
KFC,FM 762,Rosenberg,77469,chicken,29.5450725,-95.7462131,Fort Bend
Taco Bell,FM 762,Rosenberg,77469,tex-mex,29.545153,-95.7461527,Fort Bend
Saigon Pho and Grill,State Highway 6 South,Sugar Land,77478,vietnamese,29.5823401,-95.582894,Fort Bend
Minuti Coffee,Katy Gaston Road,Richmond,77406,coffee_shop,29.6978971,-95.7903189,Fort Bend
Salata Salad Kitchen,,,,salad,29.595988,-95.6228663,Fort Bend
bellagreen,,,,,29.5972662,-95.6204443,Fort Bend
State Fare,,,,american,29.597072,-95.6212876,Fort Bend
The Rouxpour,,,,cajun,29.5961667,-95.6202896,Fort Bend
Mahesh's Kitchen,,,,indian,29.5964509,-95.6213995,Fort Bend
Japaneiros,,,,fusion;japanese;mexican,29.5973412,-95.6215474,Fort Bend
Vino & Vinyl,,,,,29.5965938,-95.6212254,Fort Bend
CAVA,,,,mediterranean,29.5943759,-95.6230413,Fort Bend
Jimmy John's,Lone Star Drive,Sugar Land,77479,sandwich,29.5941737,-95.6228166,Fort Bend
Sweet Paris,,,,,29.5972045,-95.6205145,Fort Bend
Perry's Steakhouse & Grill,,,,steak_house,29.596674,-95.6229344,Fort Bend
Port of Peli Peli,,,,,29.5945536,-95.6204854,Fort Bend
Boulevard Bagel,,,,,29.5950886,-95.6176191,Fort Bend
Habibi Kitchen,,,,middle_eastern,29.5912407,-95.6191701,Fort Bend
Smashburger,Town Center Boulevard,Sugar Land,77479,burger,29.5946609,-95.6205548,Fort Bend
la Madeleine,,,,french,29.5943238,-95.6209518,Fort Bend
Jupiter Pizza & Waffle Co.,,,,pizza,29.595305,-95.6223451,Fort Bend
Döner and Gyros,,,,lebanese;mediterranean,29.5621077,-95.6919638,Fort Bend
MOD Pizza,Highway 6,Missouri City,77459,pizza,29.5322138,-95.5080446,Fort Bend
Chick-fil-A,Highway 6,Missouri City,77459,chicken,29.5374404,-95.531522,Fort Bend
BurgerIM,,,,burger,29.5372139,-95.5332983,Fort Bend
Smoothie King,Sienna Crossing Drive,Missouri City,77459,juice,29.5372692,-95.5331638,Fort Bend
IHOP,TX Highway 6,Missouri City,77459,breakfast;pancake,29.5371833,-95.5308498,Fort Bend
Jack in the Box,State Highway 6,Missouri City,77459,burger,29.5369935,-95.530187,Fort Bend
Chuck E. Cheese,Town Center Drive,Sugar Land,77478,pizza,29.6005414,-95.6185228,Fort Bend
Wetzel's Pretzels,,,,pretzel,29.5910045,-95.6243814,Fort Bend
Incredible Burger,,,,burger,29.590668,-95.6250643,Fort Bend
Bigotes Street Tacos,,,,mexican,29.5906501,-95.625009,Fort Bend
Great American Cookies,,,,cookies,29.5908834,-95.6254737,Fort Bend
GW Gyro & Wings,,,,greek,29.5907344,-95.6251771,Fort Bend
Auntie Anne's,,,,pretzel,29.5909592,-95.6255604,Fort Bend
Thirstys,,,,juice,29.5912326,-95.6232384,Fort Bend
Kokee Tea,,,,bubble_tea,29.5909932,-95.62569,Fort Bend
Chopsticks Express,,,,chinese,29.5906175,-95.6249746,Fort Bend
Sarku Japan,,,,japanese,29.5908226,-95.6253257,Fort Bend
Charleys Philly Steaks,,,,sandwich,29.5906828,-95.6251085,Fort Bend
Starbucks,Southwest Freeway,Sugar Land,77478,coffee_shop,29.5928496,-95.625396,Fort Bend
The Juicy Crab,,,,seafood,29.5928546,-95.623763,Fort Bend
German Doner Kebab,,,,kebab,29.5974593,-95.6216779,Fort Bend
Charley's Philly Steaks,,,,sandwich,29.547355,-95.4445643,Fort Bend
Cinnabon,,,,dessert,29.5475224,-95.4445002,Fort Bend
Sonic,FM 521 Road,Fresno,77545,burger,29.5476061,-95.4444682,Fort Bend
The Taco Bar,,,,mexican,29.5811109,-95.4311733,Fort Bend
Hartz,,,,chicken,29.5567857,-95.8092099,Fort Bend
Taco Corner,,,,mexican,29.3596022,-95.7887781,Fort Bend
Dining 36,,,,,29.5554423,-95.8091242,Fort Bend
Schulze:s Bar-B-Q,,,,barbecue,29.5556507,-95.8091313,Fort Bend
Shake Shack,Town Center Boulevard North,Sugar Land,77479,burger,29.5958894,-95.6192558,Fort Bend
Sonic Drive-In,School Street,Needville,77461,burger,29.4020556,-95.8355105,Fort Bend
Dish Society,,,,,29.7411565,-95.7748373,Fort Bend
Grimaldi's Pizzeria,,,,pizza,29.7408232,-95.7751602,Fort Bend
Uni Uni,,,,bubble_tea,29.7129764,-95.7755459,Fort Bend
McAlister's Deli,Southwest Freeway,Rosenberg,77471,sandwich,29.5452295,-95.7527411,Fort Bend
McDonald's,,,,burger,29.5510156,-95.6978005,Fort Bend
China One,Farm-to-Market Road 2218,Richmond,,chinese,29.5573561,-95.7629822,Fort Bend
Joey's New York Subs,Avenue G,Rosenberg,77471,sandwich,29.5595854,-95.8048019,Fort Bend
DQ Grill & Chill,,,,ice_cream;burger,29.7024136,-95.7596795,Fort Bend
La Balance Cafe,FM 359 RD South,Fulshear,77441,mexican,29.6951655,-95.9010628,Fort Bend
Bestop Cafe,,,,donut;coffee_shop,29.6932984,-95.6888798,Fort Bend
Jack in the Box,Highway 6,Fresno,77545,burger,29.517608,-95.479412,Fort Bend
Wingstop,Farm to Market 521,Rosharon,77583,wings,29.5076333,-95.4598843,Fort Bend
Domino's,South Post Oak Road,Houston,77053,pizza,29.5927206,-95.4679183,Fort Bend
Bonsai Hibachi and Sushi,,,,japanese,29.5859648,-95.6336874,Fort Bend
Ding Tea,FM 762,Rosenberg,77469,bubble_tea,29.5424886,-95.7437474,Fort Bend
L&A China Cafe,FM 762,Rosenberg,77469,chinese,29.5423836,-95.7435899,Fort Bend
Brooklyn Pizza,,,,pizza,29.6609832,-95.7415801,Fort Bend
Tim Hortons,,,,coffee_shop,29.6457016,-95.5789455,Fort Bend
Taco Bell,FM 1093,Katy,77494,tex-mex,29.6960346,-95.8387643,Fort Bend
Mala Sichuan Bistro,,,,asian,29.5889648,-95.6002966,Fort Bend
Torchy's Tacos,,,,tex-mex,29.5436598,-95.7513436,Fort Bend
Wingstop,,,,wings,29.5431002,-95.7525241,Fort Bend
Iza Robata Ramen,,,,ramen,29.5421466,-95.7499127,Fort Bend
Starbucks,,,,coffee_shop,29.541582,-95.7508518,Fort Bend
Taco Bell,,,,tex-mex,29.5914274,-95.601718,Fort Bend
McDonald's,,,,burger,29.5916411,-95.6022306,Fort Bend
Pizza Twist,State Highway 6 South,Sugar Land,77478,pizza;indian,29.5906182,-95.6019401,Fort Bend
McDonald's,Highway Boulevard,Katy,77494,burger,29.7855246,-95.8225638,Fort Bend
McDonald's,,,77083,burger,29.6781174,-95.644127,Fort Bend
McDonald's,Westheimer Parkway,,77494,burger,29.7496308,-95.7988241,Fort Bend
Ruthie's Tex-Mex,West Airport Boulevard,Sugar Land,77498,mexican,29.6483626,-95.6787358,Fort Bend
Sharetea,State Highway 6 South,Sugar Land,77478,bubble_tea,29.5928767,-95.6051232,Fort Bend
Great American Cookies,West Grand Parkway South,Richmond,77407,cookies,29.6594092,-95.7116113,Fort Bend
Day 6 Coffee Company,State Highway 6 South,Sugar Land,77478,coffee_shop,29.5928543,-95.6050518,Fort Bend
LA Cajun Table,State Highway 6 South,Sugar Land,77478,american,29.5921206,-95.6034756,Fort Bend
,,,,,29.6448968,-95.6500716,Fort Bend
,,,,burger,29.6449961,-95.6524188,Fort Bend
Sapporo Hibachi & Sushi Bar,Minonite Road,Rosenberg,77469,japanese;sushi,29.541197,-95.7428233,Fort Bend
Piada Italian Street Food,State Highway 6,Sugar Land,77478,italian,29.5985296,-95.6245268,Fort Bend
JINYA Ramen Bar,University Boulevard,Sugar Land,77479,ramen,29.5842288,-95.647365,Fort Bend
Chipotle,Highway 6 South,Houston,77083,mexican,29.6777017,-95.6427143,Fort Bend
Gayatri Bhavan,Highway 6,Missouri City,77459,india;south_indian;fine_dining;snack,29.5549518,-95.5559317,Fort Bend
El Kiche Mexican Grill,State Highway 6 South,,,mexican,29.5935421,-95.6072639,Fort Bend
GM Family Kitchen,,,,indian,29.6440162,-95.6523964,Fort Bend
Krispy Krunchy Chicken,,,,chicken,29.6440051,-95.6523958,Fort Bend
Feng Cha,University Boulevard,,77479,bubble_tea,29.5845084,-95.6490934,Fort Bend
Torchy's Tacos,Southwest Freeway,,77478,tex-mex,29.6006467,-95.6214887,Fort Bend
,,,,mexican,29.5742699,-95.7496901,Fort Bend
Pressed Juicery,Southwest Freeway,,77478,juice,29.6010373,-95.6221548,Fort Bend
Oma Sushi,Southwest Freeway Frontage Road,,77478,sushi,29.6014556,-95.6218949,Fort Bend
Churrascos,Lake Pointe Parkway,,77478,steak_house,29.6025538,-95.6220073,Fort Bend
Five Guys,Southwest Freeway,,77479,burger,29.6008211,-95.6212931,Fort Bend
Wingstop,Lexington Boulevard,,,wings,29.5879032,-95.6233191,Fort Bend
Karahi Boys,Lexington Boulevard,,77479,pakistani,29.5877417,-95.6241006,Fort Bend
Kung Fu Tea,University Boulevard,,77479,bubble_tea,29.5842006,-95.647278,Fort Bend
85°C,University Boulevard,,77479,coffee_shop;chinese,29.5842589,-95.6474813,Fort Bend
Kura Sushi,University Boulevard,,77479,sushi,29.5839607,-95.6475446,Fort Bend
Dumpling World,State Highway 6 South,,77478,chinese,29.5933987,-95.6065224,Fort Bend
Shipley Do-Nuts,State Highway 6 South,,77478,donut,29.5934218,-95.6065873,Fort Bend
Tropical Smoothie Cafe,University Boulevard,,,juice,29.5845147,-95.6487942,Fort Bend
Two Hands,University Boulevard,,,corn_dog,29.5833341,-95.6490436,Fort Bend
Schlotzsky's,University Boulevard,,,sandwich,29.5832531,-95.6491843,Fort Bend
Black Bear Diner,University Boulevard,,,american,29.5833498,-95.6489217,Fort Bend
Haraz Coffee,University Boulevard,,,coffee_shop;yemeni,29.5835207,-95.6487919,Fort Bend
Papa John's,University Boulevard,,,pizza,29.5836205,-95.6488267,Fort Bend
Kohiko Coffee House,Austin Parkway,,77479,coffee_shop,29.578986,-95.5846722,Fort Bend
Mo City Crawfish,,,,seafood,29.5812207,-95.5809481,Fort Bend
Renu's Kitchen,State Highway 6 South,,,indian,29.5813636,-95.5866146,Fort Bend
Mori Sushi,State Highway 6 South,,,japanese,29.5813226,-95.5865502,Fort Bend
Ly's Kitchen,State Highway 6 South,,,asian,29.5809673,-95.5860114,Fort Bend
Rang Coffee,State Highway 6 South,,,,29.5800937,-95.5846824,Fort Bend
Naseeb Indian Restaurant,State Highway 6 South,,,indian,29.59093,-95.5986185,Fort Bend
R&B Tea House,State Highway 6 South,,,tea,29.5908546,-95.5984068,Fort Bend
Live Oak Grill,Dairy Ashford Road,,77478,american,29.6300809,-95.5973917,Fort Bend
Thai Cottage,,,,thai,29.584824,-95.6318457,Fort Bend
Old Place Cafe,State Highway 6 South,,77478,chinese,29.5829458,-95.5844777,Fort Bend
MTea & Coffee,State Highway 6 South,,77478,coffee_shop;bubble_tea,29.5894182,-95.5961545,Fort Bend
Teapioca,Westcott Avenue,,,bubble_tea,29.586327,-95.6459158,Fort Bend
Gyro Hut,,,,greek,29.5863853,-95.6458005,Fort Bend
Thai Square,,,,thai,29.6012242,-95.6816403,Fort Bend
Subway,,,,sandwich,29.6486586,-95.6495928,Fort Bend
Papa John's,,,,pizza,29.6487781,-95.6495225,Fort Bend
,Southwest Freeway,Sugar Land,77478,indian,29.6221248,-95.5980055,Fort Bend
First Watch,,,,american;breakfast,29.7184813,-95.8489741,Fort Bend
Uberrito,,,,mexican,29.5933252,-95.6221314,Fort Bend
Brooklyn Pizzeria,State Highway 6 South,Missouri City,77459,pizza,29.5815879,-95.5813869,Fort Bend
Marco's Pizza,FM 359,Fulshear,77441,pizza,29.7088451,-95.91822,Fort Bend
Revive Cafe,FM 359,Fulshear,77441,,29.709041,-95.9183181,Fort Bend
Popeyes,FM 1463,Fulshear,77441,chicken,29.6994264,-95.846668,Fort Bend
Starbucks,FM 1463,Fulshear,77441,coffee_shop,29.6982616,-95.84675,Fort Bend
Firehouse Subs,FM 1463,Fulshear,77441,sandwich,29.6978858,-95.8468277,Fort Bend
Go Tea Boba & Banh Mi,FM 1463,Fulshear,77441,,29.6975829,-95.8468267,Fort Bend
JLB Eatery,FM 1463,Fulshear,77441,burger,29.6974613,-95.846823,Fort Bend
The Toasted Yolk Cafe,FM 1463,Katy,77494,,29.6955114,-95.8452991,Fort Bend
Swig,FM 1093,Katy,77494,juice,29.6955607,-95.8437765,Fort Bend
Panda Express,FM 1093,Katy,77494,chinese,29.6957107,-95.8422428,Fort Bend
Freddy's,FM 1093,Katy,77494,ice_cream;burger,29.6958312,-95.8417768,Fort Bend
Spring Creek Barbeque,FM 1093,Katy,77494,barbecue,29.695847,-95.8411582,Fort Bend
Charleys Philly Steaks,FM 1093,Katy,77494,sandwich,29.6959627,-95.8401285,Fort Bend
KFC,FM 1093,Katy,77494,chicken,29.6959838,-95.8392158,Fort Bend
Chick-fil-A,FM 1463,Katy,77494,chicken,29.6969221,-95.8453747,Fort Bend
Tropical Smoothie Cafe,FM 1463,Katy,77494,juice,29.6985861,-95.8451902,Fort Bend
Jersey Mike's Subs,FM 1463,Katy,77494,sandwich,29.6985511,-95.8451895,Fort Bend
Great American Cookies,FM 1463,Katy,77494,cookies,29.6983527,-95.8450584,Fort Bend
Round Table Pizza,FM 723,Richmond,77406,pizza,29.684406,-95.8135845,Fort Bend
Absolute Thai Cuisine,FM 1463,Fulshear,77441,thai,29.69916,-95.846823,Fort Bend
Happy Lemon,FM 1463,Fulshear,77441,bubble_tea,29.6990289,-95.8468288,Fort Bend
Kamiya Sushi,FM 1463,Fulshear,77441,sushi,29.698498,-95.8468184,Fort Bend
Shipley Do-Nuts,FM 1463,Fulshear,77441,donut,29.6997883,-95.846955,Fort Bend
Teriyaki Madness,FM 1463,Fulshear,77441,japanese,29.7000045,-95.8469567,Fort Bend
Molina's Cantina,FM 1463,Fulshear,77441,,29.7001929,-95.8469379,Fort Bend
TG's Tex-Mex Grill,,,,mexican,29.6483615,-95.6808462,Fort Bend
Chipotle,Westheimer Parkway,,77494,mexican,29.7347662,-95.7771367,Fort Bend
Panda Express,Highway 6 South,Houston,77083,chinese,29.6774627,-95.6427176,Fort Bend
Los Agaves,,,,mexican,29.6752285,-95.6445932,Fort Bend
Love Bird,,,,caribbean;american,29.672527,-95.6439696,Fort Bend
Crave Cafe,,,,,29.6726959,-95.6444321,Fort Bend
Oh K-Dog,,,,hot_dog,29.7744669,-95.809168,Fort Bend
Great American Cookies,,,,cookies,29.7745506,-95.8096695,Fort Bend
,,,,coffee_shop,29.7746567,-95.8088467,Fort Bend
McDonald's,FM 1463,Fulshear,77441,burger,29.6961033,-95.8469631,Fort Bend
El Regio Mexican Grill & Bar,,,,mexican,29.6121723,-95.5641276,Fort Bend
Lotus Seafood,,,,seafood,29.6148802,-95.5596991,Fort Bend
Harlem Road Texas BBQ,Harlem Road,Richmond,77407,barbecue,29.6702425,-95.7148253,Fort Bend
Cajun Comforts Crawfish & Seafood,Katy Freeway,Katy,77493,cajun;seafood,29.773982,-95.8429509,Fort Bend
,1st Street,Rosenberg,77471,pizza;gyros,29.5545173,-95.809138,Fort Bend
Tortas Las Llardas,,,,mexican,29.532892,-95.8091926,Fort Bend
Subway,,,,sandwich,29.5338988,-95.8086839,Fort Bend
Buffalo Wild Wings GO,,,,wings,29.6470284,-95.7073818,Fort Bend
Willie's Grill & Icehouse,Highway 6,Sugar Land,77478,american,29.6085199,-95.6407473,Fort Bend
Fadi's Mediterranean Grill Telfair,Highway 6,Sugar Land,77478,mediterranean,29.6068852,-95.6421018,Fort Bend
Dough Zone,Town Center Boulevard North,Sugar Land,77479,chinese,29.5937378,-95.6217298,Fort Bend
MOD Coffeehouse,Postoffice Street,Galveston,77550,coffee_shop,29.304914,-94.7922817,Galveston
Gumbo Bar,,,,seafood,29.304937,-94.791437,Galveston
Miller's Seawall Restaurant,,,,,29.293138,-94.784524,Galveston
Noah's Ark Bar & Grill,Boulevard Street,Bacliff,77518,seafood;american,29.5116414,-94.9789218,Galveston
Subway,East Main Street,League City,77573,sandwich,29.528544,-95.0733591,Galveston
Schlotzsky's,East Parkwood Avenue,Friendswood,77546,sandwich,29.5098087,-95.1872619,Galveston
Sonic,FM 270,League City,77573,burger,29.5225063,-95.0753026,Galveston
Schlotzsky's,FM 270,League City,77573,sandwich,29.5218233,-95.0760302,Galveston
Masa Sushi,FM 646,Dickinson,77539,sushi,29.4653709,-95.093964,Galveston
Freebirds,,,,mexican,29.4695893,-95.0862058,Galveston
Stingaree,North Stingaree Drive,Crystal Beach,77650,seafood,29.4819229,-94.6051055,Galveston
Black Pearl,23rd Street,Galveston,77550,seafood,29.3054921,-94.7940109,Galveston
Subway,West Parkwood Avenue,Friendswood,77546,sandwich,29.5085076,-95.1886622,Galveston
Topwater Grill,Avenue O,San Leon,77539,seafood,29.4719516,-94.9258166,Galveston
McDonald's,,,,burger,29.2884791,-94.8528009,Galveston
SubWay,,,,,29.3063637,-94.771868,Galveston
Schlotzsky's Deli,Seawall Boulevard,Galveston,77550,sandwich,29.3065134,-94.7717259,Galveston
Schlotzsky's,61st Street,Galveston,77551,sandwich,29.271964,-94.8296883,Galveston
Bubba Gump Shrimp Co.,,,,seafood,29.2879367,-94.7902073,Galveston
Schlotzsky's,Palmer Highway,Texas City,77590,sandwich,29.3948665,-94.9466727,Galveston
La Brisa,,,,mexican,29.5067303,-95.1142338,Galveston
Starbucks,FM 2094,League City,77573,coffee_shop,29.5290626,-95.0732678,Galveston
Esteban's,West Main Street,League City,77573,mexican,29.507097,-95.0984675,Galveston
Subway,Gulf Freeway,Dickinson,77539,sandwich,29.4493445,-95.0788875,Galveston
Gaidos,Seawall Boulevard,Galveston,77550,seafood,29.2794012,-94.8045692,Galveston
Chick-fil-A,Seawall Boulevard,Galveston,77550,chicken,29.2886762,-94.7903412,Galveston
T-Bone Tom's,,,,barbecue,29.5416911,-95.0199635,Galveston
Starbucks,61st Street,Galveston,77551,coffee_shop,29.2709274,-94.8279732,Galveston
Shark Shack Beach Bar & Grill,The Strand,Galveston,77550,,29.3069804,-94.7957427,Galveston
Wingstop,,,,wings,29.5373237,-95.0206889,Galveston
,Gulf Freeway,Texas City,77591,,29.4247572,-95.0591948,Galveston
Charleys Philly Steaks,Gulf Freeway,Texas City,77591,sandwich,29.4247012,-95.0594109,Galveston
Russo's New York Pizzeria,,,,italian,29.3071024,-94.7714818,Galveston
Gianni's Italian Bistro & Bar,Seawall Boulevard,,,italian,29.2888787,-94.7899949,Galveston
Katie's Seafood House,Wharf Road,Galveston,,seafood,29.3099801,-94.7913893,Galveston
Brick House Tavern and Tap,Seawall Boulevard,Galveston,,american,29.2817336,-94.8011499,Galveston
Wingstop,Broadway Street,Galveston,77551,wings,29.2893442,-94.8395712,Galveston
Domino's,West Main Street,League City,77573,pizza,29.5045593,-95.1067751,Galveston
BLVD. Seafood,Seawall Boulevard,,,seafood,29.2865665,-94.793961,Galveston
Chick-fil-A,Palmer Highway,Texas City,77590,chicken,29.3957008,-94.9486678,Galveston
Starbucks,Gulf Freeway,Texas City,77591,coffee_shop,29.4250182,-95.059283,Galveston
El Rodeo,Gulf Freeway,Texas City,77591,mexican,29.4249365,-95.0593149,Galveston
Krispy Krunchy Chicken,Gulf Freeway,Texas City,77591,chicken,29.4248317,-95.0593556,Galveston
Crepes and Waffles,Gulf Freeway,Texas City,77591,,29.424787,-95.0593821,Galveston
Auntie Anne's,Gulf Freeway,Texas City,77591,pretzel,29.4246529,-95.0594387,Galveston
Sonic,East League City,League City,77573,burger,29.507359,-95.0376502,Galveston
Taco Bell,East League City Parkway,League City,77573,tex-mex,29.5063162,-95.0415681,Galveston
Salty Bovine Pit House,State Highway 87,Crystal Beach,77650,barbecue,29.4562941,-94.6428059,Galveston
Taco Bell,West Main,League City,77573,tex-mex,29.5023914,-95.1154447,Galveston
Red Light Coffee Roasters,Market Street - Avenue D,Galveston,77550,coffee_shop,29.3040661,-94.7995031,Galveston
Pier 6,,,,seafood,29.4964895,-94.9153438,Galveston
Pomodoro's Cucina Italiana,Marina Bay Drive,League City,77573,italian,29.5383988,-95.0663041,Galveston
Mario’s Seawall,,,,italian,29.3042881,-94.7732409,Galveston
Benno’s Cajun Seafood,,,,seafood,29.2982238,-94.7782491,Galveston
Starbucks,Marina Bay Drive,Clear Lake Shores,77565,coffee_shop,29.5389587,-95.0224471,Galveston
Gypsy Joynt,Stewart Road,Galveston,77551,,29.2741112,-94.8316307,Galveston
Cajun Greek,61st Street,Galveston,77551,seafood;regional,29.2766494,-94.8313773,Galveston
Seawall Coffee Company,,,,,29.2445598,-94.8678808,Galveston
Seahorse Grill,,,,american,29.2445984,-94.8679841,Galveston
Sugar Bean Coffee & Cream,,,,,29.2611831,-94.8704631,Galveston
Salsas Mexican Restaurant,Seawall Boulevard,Galveston,77551,mexican,29.2755097,-94.8118364,Galveston
Starbucks,Gulf Freeway South,League City,77573,coffee_shop,29.4664285,-95.0847119,Galveston
Domino's,61st Street,Galveston,77551,pizza,29.2718924,-94.8297725,Galveston
Starbucks,Central City Avenue,Galveston,77551,coffee_shop,29.2697437,-94.8299632,Galveston
Pe King Buffet,,,,chinese,29.2688952,-94.828424,Galveston
Starbucks,Seawall Boulevard,Galveston,77551,coffee_shop,29.2688681,-94.8242586,Galveston
Subway,61st Street,Galveston,77551,sandwich,29.2764311,-94.8310619,Galveston
Barcena’s Mexican,,La Marque,77568,mexican,29.3856226,-95.0203356,Galveston
Kabuki,,,,sushi,29.4724894,-95.0973272,Galveston
Starbucks,Gulf Freeway South,League City,77573,coffee_shop,29.4698735,-95.0928936,Galveston
Vintage Crown Michelada Bar,23rd Street,Galveston,77550,mexican;seafood,29.3065945,-94.7944585,Galveston
The Flying Dutchman,,,,seafood,29.5480769,-95.0196957,Galveston
Aquarium Restaurant,,,,seafood,29.5482881,-95.0209604,Galveston
Taqueria La Chaparita,,,,mexican,29.5084448,-94.9813862,Galveston
Don Raffa's Mexican Restaurant,Grand Avenue,Bacliff,77518,mexican,29.5057767,-94.9844278,Galveston
Domino's,Highway 146,Dickinson,77539,pizza,29.4979396,-94.9938213,Galveston
Yummy Yummy,,,,chinese,29.5004634,-94.9933548,Galveston
Taqueria El Taquito,,,,mexican,29.5003911,-94.9921961,Galveston
Brooklyn Pizza,Grand Avenue,Bacliff,77518,pizza,29.5008615,-94.9913405,Galveston
Lorenzo’sPizza,,,,italian,29.3751803,-95.097474,Galveston
,,,,donut,29.3772981,-95.0300711,Galveston
Shuck's Tavern & Oyster Bar,,,,seafood,29.3055647,-94.7911904,Galveston
Mama Teresa's Flying Pizza,,,,pizza,29.3055214,-94.7911783,Galveston
Yaga's Cafe,The Strand,Galveston,,american;pizza;seafood,29.3071369,-94.7950379,Galveston
MOD Pizza,South Gulf Freeway,League City,77573,pizza,29.4670733,-95.0942619,Galveston
Center Court Pizza & Brew,West Parkwood Avenue,Friendswood,77546,pizza,29.4869111,-95.2134432,Galveston
,19th Street,Galveston,77550,,29.307216,-94.7892349,Galveston
Bao's Cafe,,,,,29.4881842,-95.1146896,Galveston
El Dorado Mexican Restaurant,,,,,29.4884417,-95.1150888,Galveston
Salad to Go,,,,,29.4869907,-95.1146176,Galveston
JayLa's Bar & Grill,Texas State Highway 87,Gilchrist,,,29.5096882,-94.4977936,Galveston
Tia Juanita's Fish Camp,State Highway 87,Crystal Beach,77650,mexican;seafood;cajun,29.4642056,-94.6233575,Galveston
Hartz Chicken Buffet,,,,chicken,29.44673,-95.0837079,Galveston
Domino's,West FM 517,Dickinson,77539,pizza,29.4467136,-95.0836102,Galveston
One Tea,,,,,29.4467175,-95.0835031,Galveston
Crust Pizza,West League City Parkway,League City,77573,pizza,29.4859023,-95.1139589,Galveston
Birraporetti's,West Parkwood Avenue,Friendswood,77546,italian,29.5078007,-95.1920424,Galveston
DQ Grill & Chill,Highway 146,Kemah,77565-3269,ice_cream;burger,29.5372025,-95.0170815,Galveston
Pho Boardwalk,,,,vietnamese,29.5376599,-95.0173792,Galveston
Eculent,,,,fine_dining;international,29.5418649,-95.0190288,Galveston
Tookie's,Texas Street,Kemah,77565,burger,29.5446791,-95.0213462,Galveston
Porch Cafe,,,,,29.3195849,-94.7503078,Galveston
Nick's,,,,seafood,29.279874,-94.8039873,Galveston
Pappa's Pizza,,,,pizza,29.2764753,-94.8096864,Galveston
Tortuga,,,,mexican,29.2735805,-94.8155942,Galveston
The Garden,Tremont Street,,,thai,29.3065123,-94.7940486,Galveston
Saltgrass Steak House,Seawall Boulevard,Galveston,77550,steak_house,29.2960552,-94.7809056,Galveston
McDonald's,League City Parkway,,77573,burger,29.504151,-95.0437975,Galveston
McDonald's,West Parkwood Avenue,,77546,burger,29.509264,-95.189058,Galveston
McDonald's,South Friendswood Drive,,77546-3904,burger,29.5306477,-95.2029682,Galveston
McDonald's,Marina Bay Drive,,77573,burger,29.5421352,-95.0620977,Galveston
Taco Bell,East FM 518,,77573,,29.5207588,-95.0767664,Galveston
Shipley's Do-nuts,West League City Parkway,,77573,donut,29.4870304,-95.106141,Galveston
The Frio Loco Shaved Ice,State Highway 87,Crystal Beach,77650,,29.4479946,-94.6557877,Galveston
Crazy Alan's Swamp Shack,,,,seafood;cajun,29.5454674,-95.0213644,Galveston
Tormenta Coffee & Kitchen,,,,,29.5426848,-95.0201923,Galveston
Dillon Donuts,FM 1764,Santa Fe,77510,donut,29.3912441,-95.0593926,Galveston
Hey Mikey's Ice Cream,Postoffice Street - Avenue E,Galveston,77550,,29.3051235,-94.7919842,Galveston
LeSorelle Food - Coffee & Crepes,Broadway - Avenue J,Galveston,77550,,29.2937582,-94.8150879,Galveston
Starbucks,East League City Parkway,League City,77573,coffee_shop,29.5045856,-95.0436034,Galveston
Craft 96 Draught House + Kitchen,East League City Parkway,League City,77573,american,29.5036902,-95.0424206,Galveston
Cafe in the Park,Hope Boulevard,,77554,american,29.2728755,-94.8513944,Galveston
Chama,,,,,29.8030294,-95.720231,Harris
Carl's BBQ,Hwy 290 West,Cypress,77429,barbecue,29.9335019,-95.6444447,Harris
McDonald's,Highway 6,Houston,77084-2822,burger,29.8425581,-95.6452092,Harris
Wendy's,,,,,29.838307,-95.6461335,Harris
Jason's Deli,,,,sandwich,29.8799544,-95.6448031,Harris
Fuddruckers,,,,burger,29.8835563,-95.6439191,Harris
Willi's Icehouse,,,,,29.8827898,-95.644477,Harris
Boston Market,,,,american;chicken,29.8831917,-95.644477,Harris
McDonald's,Highway 6 North,Houston,77095-2512,burger,29.8841814,-95.6442538,Harris
Burger King,Highway 6 North,Houston,77095-1702,burger,29.8911914,-95.6405373,Harris
Panera Bread,Highway 6,Houston,77095,sandwich;bakery,29.8797508,-95.6466938,Harris
Spring Creek Barbeque,,,,barbecue,29.8647899,-95.6457786,Harris
Pete's Fine Meats and Deli,Richmond Avenue,Houston,77056,american,29.7311039,-95.4741826,Harris
Shipley's Donuts,Richmond Avenue,Houston,77056,american,29.7310965,-95.4743972,Harris
CENAS,,,,mexican,29.8796695,-95.6442536,Harris
Starbucks,,,,coffee_shop,29.8761934,-95.645784,Harris
Ice Valley Boba Smoothies,North Highway 6,Houston,77095,bubble_tea;smoothie,29.9051763,-95.631654,Harris
Kolache Factory,,,,kolache,29.9056991,-95.6312869,Harris
Taco Cabana,Louetta Crossing,Spring,77373,mexican,30.0635488,-95.4329526,Harris
Quiznos,,,,sandwich,30.0637271,-95.4330985,Harris
Charley's Philly Steaks,,,,,30.0639945,-95.4308755,Harris
Chick-fil-A,North Freeway,Spring,77373,chicken,30.064975,-95.433253,Harris
Hard Rock Cafe,Texas Avenue,Houston,77002,american,29.7626286,-95.3672993,Harris
Starbucks,FM 1960 East,Humble,77346,coffee_shop,29.9977822,-95.1778932,Harris
Starbucks,Post Oak Boulevard,Houston,77056,coffee_shop,29.74123,-95.460606,Harris
Fountain View Cafe,,,,,29.7482014,-95.4864717,Harris
The Rice Box,,,,,29.7557726,-95.4085642,Harris
Taco Cabana,,,,mexican,29.6541475,-95.2532973,Harris
Birraporetti's,Louisiana Street,Houston,77002,italian,29.7622468,-95.364836,Harris
Gen Korean BBQ House,,,,korean,29.7430613,-95.3796154,Harris
Piola,Louisiana Street,Houston,77006,italian,29.7427972,-95.3797685,Harris
El Tiempo Cantina,Westheimer Road,Houston,77006,tex-mex,29.744737,-95.385631,Harris
Backstreet Cafe,,,,,29.7553353,-95.4085726,Harris
Cafe Express,West Gray Street,Houston,,,29.7534482,-95.3995168,Harris
La Madeleine,West Gray Street,Houston,77019,,29.7523537,-95.4104227,Harris
Enlighten Coffee Roasters,West NASA Parkway,Webster,,,29.5326871,-95.1258591,Harris
Jack in the Box,Jones Road,Houston,77070,burger,29.9517705,-95.5854484,Harris
Salt & Sugar Gastro Bar,,,,,29.9078992,-95.6479712,Harris
Macayo's Mexican Restaurant,,Tomball,,,30.121175,-95.5536104,Harris
Church's Chicken,,Tomball,,chicken,30.1222004,-95.5535996,Harris
Starbucks,FM 1960 West,Houston,77065,coffee_shop,29.9158378,-95.6163045,Harris
Jack in the Box,Barker Cypress Road,Houston,77433,burger,29.9482135,-95.6763857,Harris
Smashburger,North Highway 6,Houston,,burger,29.9034707,-95.6326223,Harris
Carrabba's Italian Grill,,,,italian,29.8879737,-95.6425746,Harris
Heirloom Cafe & Market,State Highway 249,Tomball,77375,,30.1148527,-95.6422417,Harris
Margaritas & Fajitas Mexican Kitchen,TX-249,Tomball,77377,mexican,30.1068328,-95.6394116,Harris
Five Star Hamburgers,,,,burger,29.6785352,-95.1927958,Harris
Las Haciendas,,,,mexican,29.6131997,-95.2112528,Harris
McDonald's,Gulf Freeway,Houston,77034,burger,29.6289712,-95.2291271,Harris
KFC,South Sam Houston Parkway East,Houston,77089,chicken,29.6021414,-95.2144017,Harris
Jack in the Box,South Sam Houston Parkway East,Houston,77089,burger,29.6020201,-95.2151796,Harris
Empire Turkish Grill,Memorial Drive,Houston,77024,turkish,29.7666846,-95.5491108,Harris
Starbucks,Memorial Drive,Lantern Lane,77024,coffee_shop,29.7664913,-95.550248,Harris
Z Pizza,,,,pizza,29.7212834,-95.4423565,Harris
Subway,Bissonnet,Houston,77005,sandwich,29.7211902,-95.4425282,Harris
The Buffalo Grille,Bissonnet Street,Houston,77005,american,29.7210491,-95.4427831,Harris
Pizza Hut,Richmond Avenue,Houston,77063,pizza,29.7281533,-95.5297137,Harris
Burger Guys,Westheimer Road,,77077,,29.735632,-95.6074374,Harris
Starbucks,Woodway Drive,Houston,77057,coffee_shop,29.7601049,-95.4824123,Harris
Starbucks,Memorial Drive,Houston,77007,coffee_shop,29.7610851,-95.4172699,Harris
Barnaby's Cafe,,,,,29.7470442,-95.4864952,Harris
Shokku Ramen,Studewood Street,Houston,77009,japanese,29.7887188,-95.3880842,Harris
Brasa's Steakhouse,Main Street,Houston,77002,steak_house,29.7589071,-95.3629581,Harris
Grand Buffet,,,,chinese,29.6647284,-95.1121148,Harris
Merche',Northwest Freeway,,77429,italian,29.924378,-95.6298689,Harris
Sonic,,,,burger,29.9592882,-95.6726968,Harris
Subway,Spencer Highway,La Porte,77571,sandwich,29.6650117,-95.0883026,Harris
Little Caesars,Spencer Highway,,77571,pizza,29.6646435,-95.0885816,Harris
Gringo's Mexican Kitchen,Underwood Road,,77571,mexican,29.6653398,-95.0863768,Harris
Bullritos,Underwood Road,,77571,mexican,29.6659091,-95.0864667,Harris
Domino's,Spencer Highway,La Porte,77571,pizza,29.6638883,-95.0867014,Harris
Fish Place,Spencer Highway,La Porte,77571,,29.6646446,-95.1007244,Harris
The Wing Factory,Spencer Highway,,77571,burger,29.6634315,-95.1031892,Harris
McDonald's,Spencer Highway,Pasadena,77505,burger,29.6641028,-95.1238044,Harris
Jack in the Box,Spencer Highway,Pasadena,77505,burger,29.6639815,-95.1233967,Harris
Burger King,Spencer Highway,Pasadena,77505-1901,burger,29.6640258,-95.1220582,Harris
Casa Ole,,,,mexican,29.663259,-95.1194806,Harris
Luby's,,,,american,29.6658438,-95.1221736,Harris
Starbucks,Center Street,Deer Park,77536,coffee_shop,29.6778062,-95.1227798,Harris
Bullritos,Center Street,,77536,mexican,29.6775359,-95.1225652,Harris
Chopsticks,Center Street,,77536,chinese,29.6821686,-95.1237453,Harris
Panera Bread,Fairmont Parkway,Pasadena,77505,sandwich;bakery,29.6505093,-95.1505943,Harris
Buffalo Wild Wings,Fairmont Parkway,Pasadena,,wings,29.6511478,-95.1505784,Harris
Chipotle,Fairmont Parkway,Pasadena,77505,mexican,29.6504161,-95.152622,Harris
Chinois Orient Bistro,North Eldridge Parkway,,77041,chinese,29.8644001,-95.6064831,Harris
McDonald's,North Eldridge Parkway,Houston,77041,burger,29.8639931,-95.6077292,Harris
Hoppie's Texican Grill,Spencer Highway,,77571,steak_house,29.6655413,-95.0353371,Harris
Pei Wei,,,,asian,29.6491881,-95.1510905,Harris
Souper! Salad!,,,,sandwich,29.6489457,-95.1521634,Harris
Which Wich?,Fairmont Parkway,Pasadena,,sandwich,29.6486566,-95.1538317,Harris
Freebirds,Fairmont Parkway,Pasadena,,mexican,29.6485774,-95.1539551,Harris
Tutti Frutti,,,,ice_cream,29.6470156,-95.1555537,Harris
Texas Medical Center Commons,,,,,29.7095374,-95.3977045,Harris
Salata,,,,,29.7094513,-95.4013821,Harris
Chipotle,Fannin Street,Houston,77030,mexican,29.7097296,-95.4011622,Harris
Cliff's Grill,Main Street,Houston,77030,burger,29.7099195,-95.4018918,Harris
Go Fish,Dryden Road,Houston,77030,vietnamese,29.7098624,-95.4013459,Harris
The Halal Guys,Main Street,Houston,77030,chicken;falafel;gyros,29.7098205,-95.4019776,Harris
Starbucks,Fannin Street,Houston,77030,coffee_shop,29.7096388,-95.4012266,Harris
Citadel BBQ,Main Street,Houston,77030,,29.7100977,-95.4017536,Harris
JuiceLand,,,,,29.7099975,-95.4015712,Harris
Taco Cabana,,,,mexican,29.6924672,-95.4154831,Harris
Burger King,West Holcombe Boulevard,Houston,77030-3304,burger,29.7065501,-95.4059359,Harris
Pizza Hut,Holcombe Boulevard,Houston,77030,pizza,29.7065646,-95.4053495,Harris
Starbucks,Meyerland Plaza,Houston,77096,coffee_shop,29.6888717,-95.4621141,Harris
Becks Prime,Meyerland Plaza,Houston,77096,burger,29.6888694,-95.4619612,Harris
Panda Express,,,,chinese,29.686706,-95.458016,Harris
First Watch,Tomball Parkway,,77070,american;breakfast,29.9970974,-95.5818835,Harris
Subway,FM 529,Houston,77095,sandwich,29.8800182,-95.6435784,Harris
Subway,Hollister Street,Houston,77040,sandwich,29.8511742,-95.5043856,Harris
Captain Benny's,Deer Park,,77536,seafood,29.7006989,-95.1014704,Harris
Subway,Spencer Highway,Deerpark,77536,sandwich,29.6647112,-95.1124832,Harris
Brisket House,,,,,29.6819069,-95.1228505,Harris
Subway,Center Street,Deer Park,77536,sandwich,29.6823357,-95.1229221,Harris
Bibi's House of Kabob,,,,greek,29.6829569,-95.1230436,Harris
Sonic,Center Street,Deer Park,77536,burger,29.6795393,-95.1238161,Harris
Best Donuts,,,,donut,29.6768353,-95.4925422,Harris
Lemongrass Cafe,Bellaire Boulevard,Bellaire,77401,thai,29.7051229,-95.4692533,Harris
Auntie Pasto's,,,,italian,29.7050843,-95.4753385,Harris
Domino's,Airline Drive,Houston,77076,pizza,29.8601663,-95.3857075,Harris
Kolache Factory,Tomball Parkway,Houston,77064,kolache,29.9594209,-95.547023,Harris
Starbucks,Tomball Parkway,Houston,77064,coffee_shop,29.9593409,-95.5471202,Harris
Relish Restaurant & Bar,Westheimer Road,Houston,77098,american,29.742563,-95.421236,Harris
Yoshi,Bellaire Boulevard,,,asian;ramen,29.706432,-95.442079,Harris
Smoothie King,,Houston,77096,juice,29.687933,-95.459803,Harris
The Grotto,Westheimer Road,Houston,,italian,29.740553,-95.456784,Harris
Escalante's Mexican Grille,,Houston,,mexican,29.688858,-95.45989,Harris
Café Express,,Houston,,american,29.685633,-95.46056,Harris
Jax Grill,,,,american,29.7081948,-95.4683258,Harris
Subway,West Loop South,Houston,77081,sandwich,29.722989,-95.458715,Harris
Shipley's Donuts,,,,donut,29.715581,-95.451713,Harris
Luigi's Pizzeria,,,,pizza,29.715527,-95.451842,Harris
Fajita Pete's,Weslayan Street,Houston,77005,mexican,29.706868,-95.440835,Harris
Subway,Beechnut Street,Houston,77096,sandwich,29.689483,-95.45718,Harris
JJ Garden Restaurant,,,,asian,29.689483,-95.457298,Harris
Panda Express,Weslayan,Houston,77046,chinese,29.7338,-95.441069,Harris
Schlotzsky's,Richmond Avenue,Houston,77027,sandwich,29.73224,-95.441793,Harris
Thai Cottage,Richmond Avenue,Houston,,thai,29.732151,-95.441158,Harris
Smoothie King,,,,juice,29.760846,-95.4172638,Harris
Kolache Factory,,,,kolache,29.7609257,-95.4172658,Harris
Jamba,Post Oak Boulevard,Houston,77056,juice,29.741228,-95.460457,Harris
La Madeline,,Houston,,french,29.6887987,-95.4601726,Harris
Subway,Memorial Drive,Houston,,sandwich,29.7617676,-95.419459,Harris
Flower Child,Uptown Park Boulevard,,,,29.756166,-95.4570241,Harris
Pizza Hut,Bellaire Boulevard,Houston,77025,pizza,29.705441,-95.440892,Harris
The Rustic,Uptown Park Boulevard,,,,29.7570434,-95.4566572,Harris
Boudreaux Cajun Restaurant,,,,,29.72301,-95.45943,Harris
Guadalajara,,,,mexican,29.729749,-95.42369,Harris
Café Express,,,,american,29.729946,-95.437454,Harris
Gugliani's,Beechnut Street,Houston,,italian,29.689558,-95.46519,Harris
Juanita's Mexican Kitchen,,,,mexican,29.994366,-95.754072,Harris
Taco Cabana,Bissonnet Street,Houston,77099,mexican,29.6755752,-95.5869874,Harris
Shipley's Do-nuts,,,,donut,29.973543,-95.702701,Harris
Chipotle,Westheimer Road,Houston,77063,mexican,29.7365456,-95.5145013,Harris
Starbucks,Hillcroft Avenue,Houston,77081,coffee_shop,29.7165914,-95.4982746,Harris
Sonic,Hillcroft Avenue,Houston,77036,burger,29.7183116,-95.5011142,Harris
Tacos A Go Go,White Oak Drive,Houston,77007,mexican,29.7818775,-95.3900259,Harris
Starbucks,Buffalo Speedway,Houston,77005,coffee_shop,29.728194,-95.427617,Harris
Freebirds,Greenbriar Drive,Houston,77098,mexican,29.732781,-95.412748,Harris
Starbucks,Bellaire Boulevard,Houston,77025,coffee_shop,29.70546,-95.440367,Harris
Cherry de Pön,Bellaire Boulevard,Houston,,drinks,29.705493,-95.440525,Harris
Snooze - An A.M. Eatery,West Holcombe Boulevard,Houston,,,29.705819,-95.426676,Harris
Subway,Tomball Parkway,Houston,77064,sandwich,29.9593809,-95.5470716,Harris
Freds Italian,,,,italian,29.707078,-95.412262,Harris
Perry's Steakhouse and Grille,West Gray Street,Houston,,steak_house,29.752735,-95.408213,Harris
Pepper Tree Veggie Cuisine,Richmond Avenue,Houston,,asian,29.732293,-95.439316,Harris
Chipotle,Richmond Avenue,Houston,77027,mexican,29.732283,-95.439119,Harris
Corner Bakery,,,,coffee_shop,29.7297034,-95.4198259,Harris
Jamba,,,,juice,29.753566,-95.410157,Harris
Panda Express,North Terminal Road,Houston,77032,chinese,29.9854602,-95.3353196,Harris
Duck and Bao,,,,asian,29.7606083,-95.4181333,Harris
Armando's,Westheimer Road,Houston,,,29.742409,-95.41975,Harris
Jason's Deli,South Shepherd Drive,Houston,77098,sandwich,29.742016,-95.410482,Harris
Subway,South Shepherd Drive,Houston,77098,sandwich,29.734463,-95.410989,Harris
Sierra Madre Taco Co.,,,,mexican,29.9949615,-95.6155381,Harris
Locatelli's,,,,pizza;italian,29.9948964,-95.6249651,Harris
Papa Murphy's,,,,pizza,29.9948384,-95.6211778,Harris
Papa John's,Louetta Road,Cypress,77429,pizza,29.9960254,-95.6220022,Harris
El Palenque,,,,mexican,29.9981648,-95.5823994,Harris
Hunan River Bistro,,,,chinese,29.9950457,-95.6217065,Harris
The Bake Shoppe,,,,,29.9892503,-95.6165604,Harris
La Parmigiana,,,,italian,29.9894971,-95.6169053,Harris
Top Donuts,,,,donut,29.9879244,-95.615178,Harris
Jax Burgers,,,,,29.9891509,-95.616405,Harris
BreWingz,Tomball Parkway,Houston,,wings,30.0095643,-95.5894757,Harris
,,,,donut,30.0126789,-95.5929277,Harris
Submarina California Subs,Spring Cypress Road,Tomball,77375,sandwich,30.0134,-95.5924677,Harris
Salata,Vintage Park Boulevard,Houston,,,29.9954858,-95.5732644,Harris
,,,,donut,30.0119747,-95.6085198,Harris
Taisho Sushi,,,,sushi,29.9814768,-95.6094773,Harris
Subway,Louetta Road,Cypress,77429,sandwich,29.996194,-95.6215941,Harris
Taco Bell,Grant Road,Cypress,77429,tex-mex,29.9956371,-95.6241576,Harris
KFC,Grant Road,Cypress,77429,chicken,29.9956707,-95.6241965,Harris
Tea for Two Tearoom,,,,,29.9950242,-95.6209633,Harris
Starbucks,Louetta,Cypress,77429,coffee_shop,29.9943774,-95.6215914,Harris
Del Pueblo Mexican Restaurant,,,,mexican,29.9657758,-95.5869644,Harris
Little Caesars,,,,pizza,29.9671957,-95.5847588,Harris
Napoli's Pizza,,,,pizza,29.967805,-95.5853871,Harris
Starbucks,Cypress Creek Parkway,Houston,77070,coffee_shop,29.9641186,-95.5437566,Harris
Chipotle,Cypress Creek Parkway,Houston,77070,mexican,29.9642162,-95.5435634,Harris
Baker Servery,,,,,29.7170527,-95.3992944,Harris
Starbucks,South Rice,Bellaire,77401,coffee_shop,29.7072708,-95.4683074,Harris
,,,,vietnamese,30.0000095,-95.5809787,Harris
Rockfish Grill,,,,fish,29.9803491,-95.5126337,Harris
Lupe Tortilla,,,,mexican,29.981132,-95.5140231,Harris
Cicis,Tomball Parkway,Houston,,pizza;buffet,30.0097206,-95.5903159,Harris
Chuck E. Cheese's,,,,pizza,29.721895,-95.440587,Harris
Skeeter's,,,,american;mexican,29.722191,-95.440976,Harris
Hibachi Grill & Buffet,,,,,29.7832786,-95.6016918,Harris
The Egg and I,Beechnut Street,Houston,,breakfast,29.6895666,-95.4643168,Harris
Subway,Pease Street,Houston,77003,sandwich,29.7466355,-95.3598421,Harris
Pizza Hut,,,,,29.672764,-95.275922,Harris
D Wok Express,,,,chinese,29.8230034,-95.5232616,Harris
Papa John's,Broadway Street,Houston,77087,pizza,29.683595,-95.278004,Harris
Sonic,West Sam Houston Parkway North,Houston,77043,burger,29.7912267,-95.5643121,Harris
Jason's Deli,,,,sandwich,29.783587,-95.551382,Harris
Burger King,South Loop West,Houston,77054-4815,burger,29.6799394,-95.4023379,Harris
Texas Roadhouse,El Dorado Boulevard,,,steak_house,29.5526125,-95.1567872,Harris
Sonic,,Houston,,burger,29.5511099,-95.1548989,Harris
McDonald's,West El Dorado Boulevard,Friendswood,77546,burger,29.5528651,-95.1595002,Harris
Cicis,Bellaire Boulevard,,,pizza;buffet,29.704888,-95.484973,Harris
Pho VN 21,,,,vietnamese,29.70601,-95.482803,Harris
Tacos La Bala,,,,mexican,29.706567,-95.483826,Harris
Chinese Buffet,,,,chinese,29.706613,-95.483932,Harris
Honduras Maya Internacional Bar & Grill,Bellaire Boulevard,,,,29.705182,-95.486354,Harris
Christian’s Tailgate,White Oak Drive,Houston,77007,burger,29.781927,-95.3896764,Harris
Barnaby's Cafe,Congress Street,Houston,77002,american,29.7633189,-95.3622116,Harris
Frank's Pizza,Travis Street,Houston,77002,pizza,29.7613726,-95.3625415,Harris
Chipotle,Texas Avenue,Houston,77002,mexican,29.7603293,-95.362519,Harris
Taco Bell,Wallisville Road,Houston,77049,tex-mex,29.8078929,-95.1684691,Harris
Popeyes,Wallisville Road,Houston,77049,chicken,29.8071545,-95.1712524,Harris
Iekei Ramen & Sushi Bar,,,,ramen;sushi,29.9355091,-95.2503602,Harris
Starbucks,Wilson Road,Humble,77396,coffee_shop,29.9360606,-95.2500543,Harris
Jack in the Box,Tomball Parkway,Tomball,77375,burger,30.0865625,-95.6321933,Harris
Citiline Deli,,,,,29.7647358,-95.6219723,Harris
BB's Tex-Orleans Cooking,Eldridge Parkway,Houston,,,29.763778,-95.6246395,Harris
Minuti Coffee,Eldridge Parkway,Houston,,,29.7631912,-95.6246395,Harris
Subway,Eldridge Parkway,Houston,77077,sandwich,29.7634543,-95.6246369,Harris
Subway,Fondren Road,Houston,77096,sandwich,29.675344,-95.509256,Harris
Fat Bao,,,,chinese,29.735139,-95.418083,Harris
Luna Pizzaria,,,,pizza,29.735123,-95.417782,Harris
Good Eats Grill,,,,american;barbecue,29.9383573,-95.3305545,Harris
Subway,Westheimer Road,Houston,77042,sandwich,29.7361874,-95.5488901,Harris
Schlotzsky's,Main Street,Houston,77025,sandwich,29.6925894,-95.4164283,Harris
Chili's,,,,tex-mex,29.7364646,-95.5507596,Harris
Outback Steakhouse,,,,american;steak,29.7365368,-95.5488901,Harris
Arby's,,,,sandwich,29.7358523,-95.6002399,Harris
Schlotzsky's,Gulf Freeway Frontage Road,Houston,77087,sandwich,29.7039731,-95.2972354,Harris
Panda Express,FM 1960 Road,West,77090,chinese,30.0189414,-95.4345768,Harris
Wingstop,FM 1960 Road West,Houston,77090,wings,30.0200399,-95.4362022,Harris
Schlotzsky's,FM 1960 Bypass Road West,Humble,77338,sandwich,30.0062537,-95.2748088,Harris
Schlotzsky's,Fry Road,Katy,77449,sandwich,29.8162032,-95.7210336,Harris
Popeyes,Morton Road,Katy,77449,chicken,29.8151513,-95.7197086,Harris
Jack in the Box,North Fry Road,Katy,77449,burger,29.8145369,-95.7201109,Harris
Schlotzsky's,Kingwood Drive,Kingwood,77339,sandwich,30.0506844,-95.2378418,Harris
Denny's,,,,american,29.9991428,-95.4270599,Harris
Subway,Buffalo Speedway,Houston,77005,sandwich,29.7268744,-95.429654,Harris
100% Taquito,,,,mexican,29.7287308,-95.4309947,Harris
Thai Bistro,,,,thai,29.7287541,-95.4305012,Harris
McDonald's,Almeda Road,Houston,77053,burger,29.6132514,-95.4202076,Harris
Church's Chicken,,,,,29.614113,-95.4199259,Harris
Schlotzsky's,Northwest Freeway Frontage Road,Cypress,77429,sandwich,29.9636353,-95.6867012,Harris
Brasserie 19,West Gray Street,Houston,77019,,29.753412,-95.4073494,Harris
Panera Bread,West Holcombe Boulevard,Houston,77025,sandwich;bakery,29.704855,-95.426826,Harris
Sushi King,,,,sushi,29.735141,-95.418411,Harris
Bollo Woodfired Pizza,West Alabama Street,Houston,77098,italian;pasta;pizza,29.738867,-95.413419,Harris
Jamba,,,,juice,29.729857,-95.438011,Harris
Firehouse Subs,,Houston,,sandwich,29.6857351,-95.4638807,Harris
Little Caesars,,,,pizza,29.5598669,-95.1418413,Harris
Burger King,Eldorado Boulevard,Webster,77598-2201,burger,29.5613531,-95.1420692,Harris
Taco Bell,Gulf Freeway,Webster,77598,tex-mex,29.5556647,-95.1531392,Harris
McDonald's,Eldorado Boulevard,Webster,77598-2202,burger,29.5602729,-95.1421685,Harris
Jack in the Box,El Dorado Boulevard,Webster,77598,burger,29.5591297,-95.144325,Harris
McDonald's,Gulf Freeway,Houston,77034,burger,29.5926696,-95.19224,Harris
Chick-fil-A,Gulf Freeway,Webster,77598,chicken,29.5556253,-95.1538092,Harris
Jack in the Box,Galveston Road,Houston,77034,burger,29.5996897,-95.1770587,Harris
Popeyes,El Dorado Boulevard,Webster,77598,chicken,29.5555446,-95.1518567,Harris
Subway,El Dorado Boulevard,Webster,77598,sandwich,29.5599556,-95.1419485,Harris
Subway,Gulf Freeway,Houston,77034,sandwich,29.5885879,-95.1832277,Harris
Popeyes,Gulf Freeway,Houston,77034,chicken,29.5929075,-95.1926262,Harris
Subway,Edgebrook Road,Houston,77034,sandwich,29.6424042,-95.2434009,Harris
Denny's,,,,american,29.6518684,-95.25244,Harris
Starbucks,San Felipe Street,San Felipe,77027,coffee_shop,29.7476663,-95.4548472,Harris
Chacho's Grill,South Loop West,Houston,77054,mexican,29.678459,-95.421968,Harris
Jack in the Box,Long Drive,Houston,77087,burger,29.69299,-95.321896,Harris
Shipley's Donuts,,,,donut,29.685185,-95.340294,Harris
Saltgrass Steak House,Northwest Freeway,,77429,steak_house,29.9521702,-95.6703168,Harris
Hungry Like The Wolf,Studemont Street,Houston,77007,,29.7671866,-95.3917245,Harris
Spicy Tu Jiazu,Bellaire Boulevard,Houston,77036,chinese,29.7066563,-95.5531567,Harris
China Stix,West Holcombe Boulevard,Houston,77025,chinese,29.7049514,-95.4265689,Harris
Five Guys,North Shepherd Drive,Houston,77008,burger,29.8135915,-95.4099541,Harris
Chipotle,Heights Boulevard,Houston,77007,mexican,29.7746436,-95.3979396,Harris
Starbucks,Heights Boulevard,Houston,77007,coffee_shop,29.7747678,-95.3983383,Harris
Popeyes,Jones Road,Houston,77070,chicken,29.9462636,-95.5845058,Harris
Wingstop,North Shepherd Drive,Houston,77018,wings,29.8121108,-95.4099457,Harris
Raj Bhavan Vegetarian Restaurant,Tomball Parkway,Houston,77064,indian,29.9595009,-95.5469258,Harris
Smoothie King,FM 1960 West,Houston,77070,juice,29.9327295,-95.5844696,Harris
CoCos Crepes,Washington Avenue,Houston,77007,regional;breakfast;coffee_shop;cake;ice_cream;savory_pancakes,29.7703853,-95.41834,Harris
Chipotle,North Loop West,Houston,77008,mexican,29.8120147,-95.4223142,Harris
Pei Wei,North Loop West,Houston,77008,asian,29.8120137,-95.4221734,Harris
Corner Bakery,Yale Street,,,coffee_shop,29.772809,-95.3989858,Harris
Chilosos Taco House,East 20th Street,Houston,77246,mexican,29.8043204,-95.3908882,Harris
Chick-fil-A,McKinney Street,Houston,77010,chicken,29.7552172,-95.3627949,Harris
McDonald's,Highway 6,Houston,77083-3303,burger,29.7024364,-95.6434132,Harris
Chipotle,East Sam Houston Parkway North,Houston,77049,mexican,29.8100076,-95.1624022,Harris
Chili's,,,,tex-mex,29.9336768,-95.2514313,Harris
Burger King,North Sam Houston Parkway East,Humble,77396-2981,burger,29.9335295,-95.2503123,Harris
Long John Silver's,,,,seafood,29.649252,-95.1670521,Harris
Sonic,Fairmont Parkway,Pasadena,77505,burger,29.6492124,-95.1653423,Harris
Chipotle,Louisiana Street,Houston,77006,mexican,29.7463167,-95.3762346,Harris
Starbucks,Louisiana Street,Houston,77006,coffee_shop,29.7465706,-95.3767282,Harris
Potbelly,Louisiana Street,Houston,77006,sandwich,29.7465193,-95.3766423,Harris
Starbucks,Louisiana Street,Houston,77006,coffee_shop,29.748813,-95.3745347,Harris
Cali Sandwich & Pho,Travis Street,Houston,77006,sandwich;vietnamese,29.7436386,-95.3771975,Harris
Jimmy John's,Yale Street,Houston,77007,sandwich,29.7734798,-95.3982548,Harris
McDonald's,Kuykendahl Road,Tomball,77375,burger,30.1125018,-95.553282,Harris
Fang's Cafe,,,,chinese,30.1234143,-95.5534445,Harris
Wendy's,El Camino Real,Houston,77062,burger,29.5577702,-95.1235945,Harris
Subway,Bay Area Boulevard,Houston,77058,sandwich,29.5719556,-95.1107826,Harris
Subway,Airline Drive,Houston,77076,sandwich,29.86866,-95.3843575,Harris
Gotham Pizza,Louisiana Street,Houston,,pizza,29.7495249,-95.3751133,Harris
Little Caesars,West Little York Road,Houston,,pizza,29.8645832,-95.4739237,Harris
Pho 21,Bay Area Boulevard,Houston,77058,vietnamese,29.574632,-95.1096046,Harris
Little Caesars,Fulton Street,Houston,,pizza,29.7857813,-95.3616309,Harris
Texadelphia,North Shepherd Drive,Houston,77018,sandwich,29.8176278,-95.4098911,Harris
Oporto Fooding House,West Gray Street,Houston,77019,portuguese,29.7531325,-95.380196,Harris
Starbucks,Smith Street,Houston,77002,coffee_shop,29.7505266,-95.3746958,Harris
Jason's Deli,Kingwood Drive,Kingwood,,sandwich,30.0506901,-95.2374511,Harris
Local Foods,,,,,29.7194905,-95.4165267,Harris
Thai Spice,,,,thai,29.7196547,-95.416577,Harris
Subway,Richmond Avenue,Houston,77056,sandwich,29.7327814,-95.4658258,Harris
Little Caesars,,,,pizza,29.9021479,-95.3336751,Harris
Table 7 Bistro,Fannin Street,Houston,77002,american,29.7581757,-95.3630325,Harris
Sapporo Sushi & Bar,Congress Street,Houston,77002,sushi,29.7632214,-95.3620814,Harris
The Big Casino Bar,,,,latin_american,29.7624484,-95.3613586,Harris
Hearsay Gastro Lounge,Travis Street,Houston,77002,,29.7630107,-95.3616013,Harris
Moon Tower Inn,Canal Street,Houston,77003,hot_dog,29.7543105,-95.3409715,Harris
Sambuca,Texas Avenue,Houston,77002,,29.76054,-95.3631907,Harris
Siphon Coffee,West Alabama Street,Houston,77006,,29.7383874,-95.3882991,Harris
Jimmy John's,Main Street,Houston,77002,sandwich,29.7580149,-95.3643278,Harris
Jason's Deli,McKinney Street,Houston,77002,sandwich,29.757519,-95.3654597,Harris
Tacos a Go-Go,Main Street,Houston,77002,mexican;tacos,29.7383718,-95.3798552,Harris
Winnie's,Main Street,Houston,77002,,29.7388028,-95.3795223,Harris
,San Jacinto Street,Houston,77002,,29.7533682,-95.3641501,Harris
,San Jacinto Street,Houston,77002,,29.7535126,-95.3640965,Harris
La Madeleine,Katy Freeway,Houston,77007,french,29.7764377,-95.3824414,Harris
Freebirds,Taylor Street,Houston,,mexican,29.775462,-95.3826895,Harris
Bodegas Taco Shop,Binz Street,Houston,77004,mexican,29.7236671,-95.3877275,Harris
Torchy's Tacos,Times Boulevard,Houston,77005,,29.7169295,-95.4151375,Harris
Jimmy John's,Calhoun Road,Houston,77004,sandwich,29.7227273,-95.3371652,Harris
Murphy's Deli,,,,,29.7191977,-95.3376724,Harris
Pink's Pizza,,,,italian,29.7226439,-95.3372,Harris
Pizza Hut,,,,pizza,29.7190663,-95.3377251,Harris
Subway,,,,sandwich,29.7191268,-95.3377005,Harris
The Nook Cafe,,,,,29.7225331,-95.3372392,Harris
Moody Towers Dining Commons,Cougar Village Drive,Houston,77204,pizza;italian;burger;regional;chinese;sandwich;mexican;indian;chicken;american;seafood,29.7175235,-95.3423427,Harris
Subway,Scott Street,Houston,77004,sandwich,29.7225299,-95.3519286,Harris
Wingstop,,,,wings,29.7224321,-95.3519714,Harris
El Greco Greek,,,,,29.7272674,-95.3209052,Harris
McAlister's Deli,,,,sandwich,29.7185367,-95.3397006,Harris
Ray's BBQ Shack,,,,,29.7064839,-95.3436962,Harris
Belfort Seafood,,,,,29.7048579,-95.3580055,Harris
Domino's,Old Spanish Trail,Houston,77021,pizza,29.7024355,-95.3639419,Harris
Louisiana Fried Chicken & Seafood,Old Spanish Trail,Houston,,,29.7016239,-95.3644963,Harris
Papa John's,Old Spanish Trail,Houston,77021,pizza,29.7016182,-95.3646136,Harris
Subway,Old Spanish Trail,Houston,77021,sandwich,29.7024336,-95.3640139,Harris
Ostioneria Michoacan,,,,,29.7164776,-95.3157082,Harris
Shipley Donuts,,,,,29.7163401,-95.3155115,Harris
Chinese Buffet,,,,chinese,29.711581,-95.3135741,Harris
Julio's Mexican Grill,Telephone Road,Houston,,,29.7120058,-95.314965,Harris
Little Caesars,Telephone Road,Houston,,pizza,29.7119846,-95.3150325,Harris
Subway,Telephone Road,Houston,77023,sandwich,29.7112505,-95.3145274,Harris
Subway,Clear Lake City Boulevard,Houston,77062,sandwich,29.5827381,-95.1536587,Harris
Abe's Cajun Market & Cafe,,,,,29.5807933,-95.15577,Harris
Starbucks,Galveston Road,Webster,77598,coffee_shop,29.5782694,-95.1569716,Harris
Alamo Tamales,,,,mexican,29.578456,-95.1571165,Harris
Subway,Upper Bay Road,Houston,77058,sandwich,29.5503972,-95.0902236,Harris
Perbacco,Milam Street,Houston,,italian,29.7601901,-95.3651729,Harris
El Dorado Mexican Restaurant,,,,mexican,29.5786745,-95.120244,Harris
KFC,El Dorado Boulevard,Houston,77062,chicken,29.5783759,-95.1219579,Harris
Sharky's,,,,seafood,30.0316071,-95.1734784,Harris
Zammitti's,,,,italian,30.0318045,-95.1743112,Harris
Chimichurri's,,,,,30.031541,-95.1731578,Harris
Raffa's,,,,,30.0317441,-95.1740349,Harris
Frenchie's Italian Restaurant,Nasa Parkway,Houston,77058,italian,29.5467455,-95.1055901,Harris
Church's Chicken,Bay Area Boulevard,League City,77058,chicken,29.5577114,-95.1178206,Harris
Dickey's Barbecue Pit,,,,barbecue,29.5575621,-95.117995,Harris
Starbucks,Bay Area Boulevard,Houston,77058,coffee_shop,29.5516681,-95.1262036,Harris
McDonald's,Bay Area Boulevard,Houston,77058,burger,29.5514902,-95.1263979,Harris
The Cajun Shop,,,,,29.7447607,-95.359894,Harris
"AHH, Coffee!",,,,,29.7527083,-95.3549529,Harris
Pizza Hut,Saint Emanuel Street,Houston,77003,pizza,29.7518735,-95.3554905,Harris
Vitingho Restaurant,,,,asian,29.7520609,-95.3556728,Harris
Boudreaux's Cajun Kitchen,,,,,29.7003128,-95.2961486,Harris
Cicis,,,,pizza;buffet,29.6962472,-95.2972852,Harris
Son Nam,,,,,29.7002406,-95.2957208,Harris
Vietnamese Cuisine,,,,vietnamese,29.7002482,-95.2958652,Harris
Wingstop,Gulfgate Center Mall,Houston,77087,wings,29.6965499,-95.2971202,Harris
Starbucks,Gulfgate Center,Houston,77087,coffee_shop,29.6978076,-95.2977735,Harris
McDonald's,North Park Drive,Kingwood,77339,burger,30.0681424,-95.2150286,Harris
MOD Pizza,San Felipe Street,Houston,77057,pizza,29.7494484,-95.4785691,Harris
Leaf & Grain,San Felipe Street,Houston,77057,,29.7494452,-95.4786982,Harris
Jimmy John's,Greenspoint Drive,Houston,77032,sandwich,29.9439635,-95.4063687,Harris
China Star,,,,,29.7017484,-95.2978596,Harris
Subway,Gulf Freeway,Houston,77087,sandwich,29.7015523,-95.2974786,Harris
Valdo's Seafood House,,,,seafood,29.5652849,-95.0534304,Harris
Villa Capri,,,,italian,29.563688,-95.0475519,Harris
Church's Chicken,West Grand Parkway North Frontage Road,Katy,77449,chicken,29.7932116,-95.7755186,Harris
Sonic,West Grand Parkway,Katy,77449,burger,29.7934304,-95.7752863,Harris
Sonic,Mason Road,Katy,77449,burger,29.801445,-95.7527176,Harris
Donuts Kolaches,,,,,29.7993702,-95.7525312,Harris
Subway,North Mason Road,Katy,77449,sandwich,29.8006025,-95.7525187,Harris
Zum Barrel,,,,,29.9756126,-95.4326606,Harris
Chocolate Wasted Ice Cream,Telephone Road,Houston,,ice_cream,29.7345428,-95.3309446,Harris
Pizza Patron,South 75th Street,Houston,,pizza,29.7169128,-95.2941371,Harris
Subway,South 75th Street,Houston,77023,sandwich,29.7166771,-95.2942302,Harris
Subway,Harrisburg,Houston,77011,sandwich,29.7358202,-95.3058764,Harris
Wingstop,Harrisburg Boulevard,Houston,77011,wings,29.7355972,-95.3050308,Harris
Los Chinos Rico,,,,chinese,29.6997066,-95.2866964,Harris
Church's Chicken,,,,chicken,29.7035153,-95.2933985,Harris
Pizza Hut,Woodridge Drive,Houston,77087,pizza,29.7033713,-95.2957697,Harris
Vstar,,,,chinese,29.7034603,-95.2960411,Harris
La Madeleine,Westheimer Road,Houston,77042,,29.7365254,-95.551862,Harris
Whataburger,Main Street,Houston,77002,burger,29.7566945,-95.3655339,Harris
Starbucks,Northpark Drive,Kingwood,77345,coffee_shop,30.0668526,-95.1874435,Harris
Sonic,Northpark Drive,Kingwood,77345,burger,30.0667939,-95.1888441,Harris
McDonald's,Fry Road,Katy,77449,burger,29.7886285,-95.7217061,Harris
Subway,North Fry Road,Katy,77450,sandwich,29.7877076,-95.7193939,Harris
Lenny's Subs,Katy Freeway,Katy,,sandwich,29.7840763,-95.715382,Harris
Starbucks,Katy Freeway,Houston,77094,coffee_shop,29.7821097,-95.7165598,Harris
Chipotle,North Fry Road,Katy,77084,mexican,29.7876886,-95.7183519,Harris
Five Guys,North Fry Road,Houston,77084,burger,29.7860959,-95.7162593,Harris
Jimmy John's,North Fry Road,Katy,77084,sandwich,29.7875501,-95.718314,Harris
Smoothie King,North Fry Road,,,juice,29.788607,-95.7184725,Harris
Panera Bread,Katy Freeway,Houston,77094,sandwich;bakery,29.7860465,-95.7119427,Harris
The Cottage,,,,,29.786069,-95.7137499,Harris
Donuts & Kolaches,,,,,29.7927032,-95.7194854,Harris
Starbucks,Park Row,Katy,77449,coffee_shop,29.7906436,-95.7205277,Harris
Tropical's Latin Food,,,,,29.7927788,-95.7194821,Harris
Chang's Chinese,,,,chinese,29.787025,-95.7341042,Harris
Firehouse Subs,,,,sandwich,29.7867287,-95.733655,Harris
Stone Age Korean Grill Bar,,,,korean,29.7869854,-95.7350085,Harris
Sushi Ichii,,,,sushi,29.7869248,-95.7340342,Harris
Flavors Indian Cuisine Buffet,,,,indian,29.7865905,-95.733658,Harris
Orleans Seafood Kitchen,,,,seafood,29.7870326,-95.7347006,Harris
Russo's New York Pizzeria,,,,,29.7871236,-95.7341164,Harris
Mi Pueblito Restaurant,,,,,29.7870928,-95.7346155,Harris
Unicle Julio's,,,,,29.7863233,-95.7281191,Harris
Da Silva Steakhouse,,,,steak_house,29.7869597,-95.7351432,Harris
Orient Express,Katy Freeway,Katy,,chinese,29.7822401,-95.7201867,Harris
Shipley Donuts,,,,,29.7832325,-95.7214022,Harris
Texas Mesquite Grill,,,,,29.7835724,-95.7214022,Harris
Jimmy John's,Mason Road,Katy,77449,sandwich,29.7871895,-95.7512536,Harris
Moe's Southwest Gril,,,,,29.7868797,-95.7511367,Harris
Pho Bamboo Vietnamese Noodle House,,,,vietnamese,29.7873531,-95.7512548,Harris
Salata,,,,,29.7868786,-95.7512887,Harris
E Star Chinese Buffet,Katy Freeway,Katy,,,29.7834382,-95.7236306,Harris
Dimassi's Mediterranean Buffet,Richmond Avenue,Houston,77056,greek;buffet,29.7327805,-95.4659304,Harris
Kolache Factory,,,,,29.7819668,-95.7509396,Harris
Tacos La Bala,,,,,29.7811435,-95.7508752,Harris
Taquerias Arandas,,,,,29.7819652,-95.7512399,Harris
Cici's Pizza,,,,pizza;buffet,29.7824468,-95.7525604,Harris
Freebirds,,,,mexican,29.7824518,-95.7521266,Harris
Miri's Kitchen Persian,Memorial Drive,Houston,77007,persian,29.7609974,-95.4202809,Harris
Atami Steak & Sushi,South Mason Road,Katy,,,29.776683,-95.750311,Harris
BreWingZ Sports Bar & Grill,,,,,29.7776869,-95.7511543,Harris
Kabob Korner,,,,,29.7768044,-95.7511742,Harris
Starbucks,South Mason Road,Katy,77450,coffee_shop,29.7768405,-95.7503329,Harris
The Bagel Cafe,South Mason Road,Katy,77450,bagel,29.7730357,-95.7503846,Harris
China Cottage,,,,,29.7730357,-95.7506082,Harris
Fuzzy's Pizza,,,,,29.7739307,-95.7498753,Harris
Subway,Saums Road,Houston,77084,sandwich,29.8010881,-95.7176917,Harris
Habanero's Tacos,Hialeah Drive,Seabrook,77586,,29.5726926,-95.0263088,Harris
Shipley's Doughnuts,Seabrook Circle,Seabrook,77586,,29.5802627,-95.0277127,Harris
Seabrook Waffle Company,5th Street,Seabrook,77586,breakfast;waffle,29.5598985,-95.0243048,Harris
Pink's Pizza,North Shepherd Drive,Houston,77018,pizza,29.8177017,-95.4098872,Harris
Simply Phở,Milam Street,Houston,77006,vietnamese,29.743861,-95.3776454,Harris
The Boot,West 20th Street,Houston,77008,cajun,29.8034886,-95.4205897,Harris
Bernadine's,,,,seafood,29.8019276,-95.4109947,Harris
Hunky Dory,,,,american,29.8021254,-95.4108479,Harris
Vietnam Restaurant,,,,vietnamese,29.8029447,-95.4082276,Harris
Laredo Taqueria,,,,mexican,29.7700789,-95.4050434,Harris
Miyako,Washington Avenue,Houston,77007,japanese,29.7702821,-95.4076781,Harris
Five Guys,Washington Avenue,Houston,77007,burger,29.7695948,-95.4007275,Harris
Buffalo Wild Wings,Washington Avenue,Houston,77007,wings,29.7695605,-95.4002708,Harris
Chatter's Cafe & Bistro,South Heights Boulevard,Houston,77007,mediterranean,29.7681635,-95.3975505,Harris
Star Pizza #2,Harvard Street,Houston,77007,pizza,29.7700613,-95.3962089,Harris
Urban Eats,Washington Avenue,Houston,77007,,29.7695952,-95.394786,Harris
KA Sushi,North Shepherd Drive,Houston,77008,sushi,29.8031008,-95.410536,Harris
Gold Tooth Tony's Detroit Pizza,North Shepherd Drive,Houston,77008,,29.8030951,-95.4107421,Harris
Amy's Ice Cream,North Shepherd Drive,Houston,77008,,29.8030954,-95.4106849,Harris
Smoothie King,North Shepherd Drive,Houston,77008,juice,29.8030944,-95.4108565,Harris
Torchy's Tacos,West 19th Street,Houston,77008,tacos,29.8027058,-95.4034662,Harris
Harold's,,,,,29.8027092,-95.4033847,Harris
Jeni's Ice Creams,West 19th Street,Houston,,ice_cream,29.8030396,-95.403484,Harris
Boomtown Coffee,West 19th Street,Houston,,coffee_shop,29.8026862,-95.4006728,Harris
CAVA,West 20th Street,Houston,,mediterranean,29.8037522,-95.4012092,Harris
Subway,Yale Street,Houston,77008,sandwich,29.8046045,-95.3995704,Harris
Dandelion Cafe,West 22nd Street,,,,29.8060546,-95.4083616,Harris
Yard House,Sorella Court,Houston,77024,american,29.7799159,-95.5612571,Harris
Subway,FM 1960 West,Houston,77069,sandwich,29.9797113,-95.5144404,Harris
Demeris Barbeque,West Loop North,Houston,,barbecue,29.8005039,-95.4482566,Harris
Ae's Taste of Korea,,,,asian,29.9972963,-95.1945559,Harris
Subway,FM 1960 East,Humble,77346,sandwich,29.9973729,-95.1946819,Harris
SouthSide Espresso,Westheimer Road,Houston,77006,coffee_shop,29.7449924,-95.3907,Harris
Southwell's Hamburger Grill,San Felipe Street,Houston,77057,burger,29.7503864,-95.4850801,Harris
Eatz On The Corner,Commerce Street,Pine Mountain,31811,burger,32.8651311,-84.8540902,Harris
Peso's Mexican Cafe,,,,mexican,29.9211535,-95.0705174,Harris
Subway,North FM 2100,Crosby,77532,sandwich,29.9206096,-95.0684521,Harris
Going's BBQ,FM 2100,Crosby,77532,barbecue,29.9176571,-95.0696162,Harris
Pepperoni's,West 43rd Street,Houston,,pizza,29.8287457,-95.4339681,Harris
Taste of Greek,Kingwood Drive,Kingwood,77345,greek,30.048389,-95.1825861,Harris
El Charro,Kingwood Drive,Kingwood,77345,mexican,30.0496938,-95.1819745,Harris
Hin's Garden,Kingwood Drive,Kingwood,77345,chinese,30.0478369,-95.1808858,Harris
Three B's Grill,Kingwood Drive,Kingwood,77345,american,30.0503855,-95.1813332,Harris
La Madeleine,Kingwood Drive,Kingwood,77345,french,30.0501792,-95.1823405,Harris
Chipotle,Kingwood Drive,Kingwood,77345,mexican,30.0500472,-95.1830828,Harris
Papa Murphy's,Kingwood Drive,Kingwood,77345,pizza,30.0498656,-95.1830099,Harris
Conservatory,Prairie Street,Houston,77002,,29.760363,-95.3615432,Harris
Bahama Buck's Original Shaved Ice,Katy Freeway Frontage Road,Houston,77043,ice_cream;shaved_ice;smoothie,29.7854485,-95.5826052,Harris
Murphy's Deli,Harwin Drive,Houston,77036,sandwich,29.717759,-95.5055621,Harris
Lopez,Wilcrest Drive,Houston,77099,mexican,29.6530367,-95.5709047,Harris
Re+Bar No.9,,,,,29.9879763,-95.3499416,Harris
Starbucks,North Terminal Road,Houston,77032,coffee_shop,29.987874,-95.3498089,Harris
Blaze Pizza,,,,pizza,29.9875774,-95.3498023,Harris
Mango Taco Truck,,,,,29.9875774,-95.3496322,Harris
Dimassi's Mediterranean Buffet,Kirby Drive,Houston,77054,mediterranean;buffet,29.6891682,-95.4129677,Harris
Happy Lamp Restaurant,Hillcroft Avenue,,77096,chinese,29.6767078,-95.4930319,Harris
Subway,South Sam Houston Parkway West,Houston,77085,sandwich,29.6150128,-95.4950292,Harris
Popeyes,South Sam Houston Parkway West,Houston,77085,chicken,29.6156378,-95.4958902,Harris
Papa John's,South Sam Houston Parkway West,Houston,77085,pizza,29.6216768,-95.5087996,Harris
Starbucks,Northpark,Northpark Place,77339,coffee_shop,30.0696677,-95.2163387,Harris
Taqueria Elena 2 taco truck,,,,mexican,29.7166835,-95.3150992,Harris
Pizza Hut,Northpark Drive,Kingwood,77345,pizza,30.0675313,-95.1953898,Harris
Citizen Donuts,West Lake Houston Parkway,Kingwood,77339,,30.0658704,-95.1889457,Harris
Skeeter's Mesquite Grill,West Lake Houston Parkway,Kingwood,77339,mexican,30.0657481,-95.188928,Harris
Green Garden,Park Row,Katy,77449,asian,29.7906435,-95.7207072,Harris
Subway,North Park Drive,Kingwood,77339,sandwich,30.0696815,-95.212126,Harris
Jack in the Box,,,,burger,30.0680793,-95.209641,Harris
Thai Chefs,Barker Cypress Road,Houston,77084,thai,29.8788205,-95.6837264,Harris
J. Christopher’s Italian Bistro,Northpark Drive,Kingwood,77339,italian;pasta;pizza,30.06969,-95.2124862,Harris
Las Palomas Mexican Restaurant,Northpark Drive,Kingwood,77339,mexican,30.0696863,-95.212833,Harris
MOD Pizza,Richmond Avenue,Houston,77056,pizza,29.7319739,-95.4661732,Harris
KFC,Kingwood Drive,Kingwood,77339,chicken,30.0498695,-95.2302917,Harris
Oriental Gardens Chinese Restaurant,Kingwood Drive,Kingwood,77339,chinese,30.0487012,-95.2322616,Harris
Mr. Gatti's Pizza,Kingwood Drive,Kingwood,77339,pizza,30.0507739,-95.2362509,Harris
Sonic,Will Clayton Parkway,Humble,77338,burger,29.9824312,-95.2810697,Harris
,,,,tex-mex,29.8361739,-95.6508153,Harris
Subway,,,,sandwich,29.835613,-95.646585,Harris
El Klosko Frutas y Helados,,,,mexican,29.8356127,-95.6468653,Harris
Cafe Giot Dang,,,,vietnamese,29.8352406,-95.647976,Harris
Smoothie King,,,,juice,29.8316938,-95.7030084,Harris
Subway,Clay Road,Katy,77449,sandwich,29.8314053,-95.7046889,Harris
Elements Grill,Hermann Park Drive,Houston,77030,american;burger;hot_dog,29.7219141,-95.3898569,Harris
Chachi's Mexican Restaurant,Town Center Place,Kingwood,77339,mexican,30.0480617,-95.1855796,Harris
Texas Sushi Hana,North Main Street,Kingwood,77339,japanese,30.0482021,-95.1856292,Harris
Russo's New York Pizzeria,North Main Street,Kingwood,77339,pizza,30.0487103,-95.1854019,Harris
Italian Pizza & Pasta,,,,italian,29.7995538,-95.71996,Harris
Koby Japanese Steak House & Sushi Bar,,,,japanese,29.7999215,-95.7199842,Harris
Cravin' Cajin,,,,seafood,29.800685,-95.7201585,Harris
Domino's,Fry Road,Katy,77449,pizza,29.8009526,-95.7200512,Harris
El Kiosko Frutas Y Helados #12,,,,juice,29.8014065,-95.72007,Harris
Kingwood Bagel & Sandwich,West Lake Houston Parkway,Kingwood,77339,,30.0476822,-95.1844576,Harris
Papa John's,West Lake Houston Parkway,Kingwood,77339,pizza,30.0477249,-95.1844737,Harris
Taqueria,,,,mexican,29.8490885,-95.6829026,Harris
Mi Rancho,Wilson Road,Humble,77396,tex-mex,29.9367186,-95.2490338,Harris
Subway,Wilson Road,Humble,77396,sandwich,29.9369706,-95.249044,Harris
Tutti Frutti Frozen Yogurt,,,,frozen_yogurt,29.9367613,-95.2473588,Harris
Pizza Hut,Wilson Road,Humble,77396,pizza,29.9368445,-95.2490389,Harris
Hunan Garden Restaurant,Kingwood Drive,Kingwood,77339,chinese,30.0510899,-95.1863493,Harris
Domino's,Kingwood Drive,Kingwood,77339,pizza,30.0508288,-95.1866068,Harris
Fung's kitchen,Southwest Freeway,Houston,,,29.7026669,-95.5170209,Harris
Ocean Palace,Bellaire Boulevard,,,,29.7028834,-95.5786086,Harris
Starbucks,Amherst Street,Houston,77005,coffee_shop,29.7156999,-95.4173876,Harris
Starbucks,Lamar Street,Houston,77010,coffee_shop,29.7515798,-95.3601287,Harris
Tookie's Seafood,,,,seafood,29.5616169,-95.0247795,Harris
The Annie,,,,,29.9879979,-95.338313,Harris
Little Caesars,West Mount Houston Road,Houston,77038,pizza,29.8989307,-95.4288134,Harris
Little Caesars,East Crosstimbers Street,Houston,77022,pizza,29.828125,-95.3740626,Harris
Little Caesars,,,,pizza,29.870448,-95.3826709,Harris
Mamacita's,,,,mexican,29.5414238,-95.1138536,Harris
El Hidalguense,Long Point Road,Houston,,,29.8025708,-95.4705104,Harris
Spanish Flowers Seafood & Oyster Bar,,,,seafood,29.9090554,-95.4133251,Harris
El Papaturro,Aldine Bender Road,Houston,,,29.9312898,-95.4077994,Harris
Domino's,Aldine Bender Road,Houston,77060,pizza,29.9312676,-95.4082501,Harris
Subway,North Freeway,Houston,77037,sandwich,29.9131982,-95.4135695,Harris
Schlotzsky's,Spencer Highway,La Porte,,sandwich,29.6637124,-95.0990386,Harris
Dunkin',Bingle Road,Houston,77092,donut;coffee_shop,29.83959,-95.4891624,Harris
Denny's,North Sam Houston Parkway East,Houston,,american,29.9379523,-95.3721616,Harris
Piada Italian Street Food,Memorial Drive,Houston,,italian,29.7609975,-95.4206271,Harris
Schlotzsky's,Kuykendahl Road,Spring,77379,sandwich,30.0724376,-95.5110905,Harris
Schlotzsky's,Louetta Road,Spring,77388,sandwich,30.0651092,-95.439241,Harris
Buffalo Wild Wings,FM 1960 East,Humble,,chicken;american,29.9969154,-95.1743793,Harris
Becks Prime,East Memorial Loop Drive,Houston,77007,burger,29.7732626,-95.4333134,Harris
Angelo'z,Kirby Drive,Houston,77054,sandwich,29.6915956,-95.4120932,Harris
East Star Chinese Buffet,,,,chinese,29.54669,-95.1060915,Harris
Starbucks,Dallas Street,Houston,77002,coffee_shop,29.7556333,-95.3667303,Harris
Popeyes,Scott Street,Houston,77004,chicken,29.7165205,-95.3544047,Harris
Smoothie King,West Lake Houston Parkway,Houston,77044,juice,29.9237265,-95.195442,Harris
Subway,West Lake Houston Parkway,Houston,77044,sandwich,29.9236645,-95.1954538,Harris
IHOP,NASA Parkway,Webster,77598,american,29.5449282,-95.108883,Harris
Cuisine Of India,NASA Parkway,Houston,77058,indian,29.5468836,-95.1018743,Harris
Shipley Doughnuts,NASA Parkway,Houston,77058,donut,29.5467739,-95.1021935,Harris
Ray's Italian Kitchen,NASA Parkway,Houston,77058,italian,29.5481297,-95.1011074,Harris
Mediterranean Chef,NASA Parkway,Houston,77058,greek,29.5482207,-95.1004744,Harris
Pho NASA,NASA Parkway,Nassau Bay,77058,vietnamese,29.5474406,-95.0990855,Harris
Bullrito's,NASA Parkway,Houston,77058,burrito,29.5500472,-95.0920442,Harris
Five Guys,NASA Parkway,Nassau Bay,77058,burger,29.5495297,-95.0936278,Harris
1000 Degrees Neapolitan Pizzeria,Saturn Lane,Houston,77058,pizza,29.5493495,-95.0928117,Harris
Burger Nation,NASA Parkway,Houston,77058,burger,29.5478467,-95.0983564,Harris
Franca's Italian,NASA Parkway,Houston,77058,italian,29.5469627,-95.1041176,Harris
Mom Alone,NASA Parkway,Webster,77598,mexican,29.5472548,-95.103773,Harris
James Coney Island,Gulf Freeway,Webster,77598,american,29.527107,-95.1302034,Harris
Hunan Star,Bay Area Boulevard,Houston,77058,chinese,29.5747297,-95.1094732,Harris
Persona Wood Fired Pizzeria,North Sam Houston Parkway East,,,pizza,29.9367229,-95.2471838,Harris
Jack in the Box,Highway 146 South,La Porte,77571,burger,29.6531246,-95.0309078,Harris
Tokyo Bowl,Bay Area Boulevard,,,japanese,29.5721744,-95.1079869,Harris
Pizza Hut,Highway 146,Seabrook,77586,pizza,29.5702946,-95.0257401,Harris
Pier Eight Seafood Market,Todville Road,Seabrook,77586,seafood,29.5534391,-95.0223258,Harris
Merlion,4th Street,Seabrook,77586,thai,29.5598029,-95.0232255,Harris
Midnite Slice,2nd Street,Seabrook,77586,pizza,29.5626889,-95.0243225,Harris
Star Ice & Teriyaki,,,,,29.7035303,-95.5543131,Harris
Casa Anita's,East NASA Parkway,Seabrook,77586,tex-mex,29.5674592,-95.0602033,Harris
Bay Area Meat Market,Kirby Road,Seabrook,77586,barbecue,29.5724278,-95.0589586,Harris
Java Coffee & Tea Co.,Fondren Road,Houston,77063,coffee_shop,29.7363898,-95.5200085,Harris
Subway,Hammerly Boulevard,Houston,77080,sandwich,29.8101515,-95.5250249,Harris
Whataburger,North Terminal Road,Houston,77032,burger,29.9861327,-95.3457969,Harris
Poké Fresh,Dallas Street,Houston,77002,sushi,29.758101,-95.370137,Harris
Bullritos,,,,,29.9860574,-95.3455849,Harris
Chick-fil-A,North Terminal Road,Terminal,77032,chicken,29.9866974,-95.3459524,Harris
El Real,,,,,29.9869309,-95.3461106,Harris
Freshii,,,,salad,29.9869797,-95.3460234,Harris
Jason's Deli,,,,sandwich,29.986227,-95.3455916,Harris
Panda Express,North Terminal Road,Houston,77032,chinese,29.9860469,-95.3457995,Harris
Ray's BBQ Shack,,,,,29.9863373,-95.3459591,Harris
Smashburger,,,,burger,29.986414,-95.3460958,Harris
Starbucks,North Terminal Road,Houston,77032,coffee_shop,29.9858634,-95.3456975,Harris
Tagliare,,,,,29.9861329,-95.3455862,Harris
Pelican Grill,East NASA Parkway,Seabrook,77586,american,29.5624935,-95.0410987,Harris
Wong's Chef,East NASA Parkway,Seabrook,77586,chinese,29.560414,-95.0385983,Harris
Iguana Rana's,East NASA Parkway,Seabrook,77586,tex-mex,29.5600846,-95.0385895,Harris
Taqueria NASA,East NASA Parkway,Seabrook,77586,mexican,29.560511,-95.0347353,Harris
Seabrook Classic Cafe,East NASA Parkway,Seabrook,77586,american,29.5601288,-95.0336417,Harris
Cattle Drive BBQ,,,,,29.6864045,-95.1239677,Harris
Dunkin' Donuts,Center Street,Deer Park,77536,donut;coffee_shop,29.6815036,-95.1229223,Harris
McDonald's,Center,Deer Park,77536-4169,burger,29.6991563,-95.1234158,Harris
Burger King,Center Street,Deer Park,77536-3501,burger,29.6995244,-95.1232978,Harris
The Battleground,,,,,29.6963784,-95.1358536,Harris
,,,,,29.5523436,-95.0985022,Harris
Gen Korean BBQ,Egret Bay Boulevard,Houston,77058,korean;barbecue,29.5442636,-95.1039722,Harris
Somboon Thai Kitchen,Durham Drive,Houston,77007,thai,29.7765006,-95.4114297,Harris
Mr. K Donuts & Kolaches,Fairbanks North Houston Road,,,donut,29.8815097,-95.5250935,Harris
Mi Tierra,Fairbanks North Houston Road,,,mexican,29.8832575,-95.5242062,Harris
Seafood Kitchen,Fairbanks North Houston Road,,,,29.883258,-95.52413,Harris
Off the Wall Work and Play Cafe,Fairbanks North Houston Road,,,,29.8832597,-95.5238541,Harris
Starbucks,West Lake Houston Parkway,Houston,77044,coffee_shop,29.925438,-95.1971223,Harris
Berripop Frozen Yogurt,Meyerland Plaza,Houston,,ice_cream,29.6887698,-95.4621051,Harris
La Esperanza,,,,mexican,29.8970632,-95.5243856,Harris
Smashburger,Eldridge Parkway,Houston,77077,burger,29.7538917,-95.6245553,Harris
McDonald's,,,,burger,29.7767269,-94.9747314,Harris
Monument Inn,,,,,29.7611311,-95.0804689,Harris
The Teahouse,Memorial Drive,Houston,,tea,29.7617654,-95.419809,Harris
Fajita Pete’s,Memorial Drive,Houston,,,29.761766,-95.419713,Harris
The Honey Hole,Post Oak Boulevard,Houston,77056,,29.7432498,-95.4602067,Harris
Grand Lux Cafe,Westheimer Road,Houston,77056,,29.7411202,-95.462946,Harris
Mogul Indian,,,,indian,29.5564265,-95.1188327,Harris
888 Chinese Restaurant,,,,chinese,29.5554046,-95.1214451,Harris
McDonald's,Bay Area Boulevard,Houston,77058,burger,29.5776422,-95.107385,Harris
Denny's,,,,american,29.5783233,-95.1070524,Harris
Nokturne,Saturn Lane,Houston,77058,fusion,29.5588223,-95.1132168,Harris
Kolache Factory,,,,breakfast,29.5451523,-95.1346764,Harris
Torchy's Tacos,,,,tacos,29.5431456,-95.1382813,Harris
Panera Bread,El Dorado Boulevard,Webster,77598,sandwich;bakery,29.5558451,-95.1513027,Harris
Starbucks,El Dorado Boulevard,Webster,77598,coffee_shop,29.5564406,-95.149822,Harris
Eduardo's Mexican Kitchen,,,,mexican,29.5453083,-95.1083558,Harris
Subway,Nasa Road,Houston,77058,sandwich,29.5469158,-95.1078173,Harris
Masa Sushi,,,,,29.5471987,-95.1081074,Harris
Domino's,,,,pizza,29.5637511,-95.0450475,Harris
Village Pizza and Seafood,,,,pizza,29.5646743,-95.044663,Harris
B&B Butchers,Washington Avenue,Houston,77007,steak_house,29.767862,-95.3764426,Harris
Bubba's Texas Burger Shack,Westpark Drive,Houston,77056,,29.7259871,-95.4668573,Harris
Sbarro,,,,pizza,29.7386875,-95.4623741,Harris
Taste Kitchen + Bar,Main Street,,,,29.76096,-95.3619869,Harris
The Pass & Provisions,,,,,29.7587752,-95.3856423,Harris
True Food Kitchen,Post Oak Boulevard,Houston,77056,american,29.7498579,-95.4625164,Harris
Adair Kitchen,San Felipe Street,,,american,29.7490172,-95.4665814,Harris
Pappas BBQ,Smith Street,Houston,77002,barbecue,29.7581914,-95.3692405,Harris
Otto's,Dallas Street,Houston,77002,burger;breakfast;barbecue;coffee_shop,29.7574413,-95.3704044,Harris
Pappas Bros. Steakhouse,Dallas Street,,77002,steak_house,29.755539,-95.3631481,Harris
Chick-fil-A,Dallas Street,Houston,77002,chicken,29.7574462,-95.3703285,Harris
Fresh Healthy Cafe,Dallas Street,Houston,77002,,29.7574496,-95.370277,Harris
Starbucks,,,,coffee_shop,29.7410211,-95.4665679,Harris
Ruth's Chris Steak House,Westheimer Road,Houston,77056,american,29.7383345,-95.4715567,Harris
Shake Shack,,,,burger,29.7397336,-95.4627643,Harris
Fish & Chicks,,,,,29.8924298,-95.6844811,Harris
Hotspot Cajun Seafood House,Barker Cypress Road,Cypress,77433,,29.8921508,-95.6844758,Harris
Frenchy's Chicken,,Cypress,77433,,29.8918578,-95.6844664,Harris
MaTu Chinese Restaurant,Barker Cypress Road,Cypress,77433,chinese,29.8912718,-95.684246,Harris
Top Sushi,Barker Cypress Road,Cypress,77433,sushi,29.8910381,-95.6842384,Harris
Chipotle,Katy Freeway,Katy,77494,mexican,29.7868561,-95.7924527,Harris
Hyderabad House,Park Row,Houston,77084,indian;hyderabadi;biryani,29.788534,-95.6464929,Harris
Home Base Pizza,,,,pizza,29.9055714,-95.6703965,Harris
Vito's Famous,Spring Cypress Road,Spring,77379,pizza,30.0263775,-95.562283,Harris
Potbelly,,,,sandwich,29.9040008,-95.5517273,Harris
Salata,,,,salad,29.9273278,-95.2026179,Harris
Five Guys,East Sam Houston Parkway North,Houston,77044,burger,29.9279553,-95.2031832,Harris
Mama Fu's,,,,chinese,29.9281078,-95.2033625,Harris
MOD Pizza,East Sam Houston Parkway North,Houston,77044,pizza,29.9281737,-95.2034401,Harris
The Pho,,,,vietnamese,29.9272546,-95.2032701,Harris
Summer China Diner,,,,chinese,29.9271955,-95.2032151,Harris
Panda Express,Fm529,Houston,77095,chinese,29.8788525,-95.6505813,Harris
Papa John's,Tomball Parkway,Tomball,77375,pizza,30.0869231,-95.6313557,Harris
Chipotle,Louetta Road,Spring,77388,mexican,30.0662399,-95.4377595,Harris
Tacodeli,Washington Avenue,Houston,77007,mexican,29.7679646,-95.3773873,Harris
House of Blues,Caroline Street,Houston,77002,american,29.7538517,-95.3639653,Harris
Narin's Bombay Brasserie,,,,indian,29.7357431,-95.4582462,Harris
Tony’s Mexican Restaurant,South Mason Road,,77450,mexican,29.769734,-95.753099,Harris
Freebirds,Bay Area Boulevard,,,mexican,29.5449609,-95.1349096,Harris
Buffalo Wild Wings,Bay Area Boulevard,,,wings,29.5452272,-95.1345505,Harris
Sonic,Bay Area Boulevard,Webster,77598,burger,29.5470182,-95.1315229,Harris
Angelo's Pizza and Pasta,Bay Area Boulevard,,,,29.5468432,-95.131944,Harris
Genghis Grill,Bay Area Boulevard,,,,29.5455603,-95.1337768,Harris
Taco Cabana,,,,mexican,29.5438774,-95.1345699,Harris
BJ's,,,,american,29.5447254,-95.1330526,Harris
Subway,East NASA Parkway,Seabrook,77586,sandwich,29.5674694,-95.059939,Harris
Barbacana,Franklin Street,Houston,77002,,29.763563,-95.3608003,Harris
La Calle Tacos,Franklin Street,Houston,77002,tacos,29.7634792,-95.3606743,Harris
Dan's Pizza Co.,Galveston Road,Webster,77598,pizza,29.567058,-95.1461661,Harris
Stanton's City Bites,Edwards Street,Houston,77007,burger,29.7709364,-95.3721326,Harris
Baby Barnaby's Cafe,Fairview Street,Houston,77006,breakfast,29.7482751,-95.3882641,Harris
Barnaby's Cafe,Fairview Street,Houston,77006,,29.7482657,-95.3884224,Harris
Barnaby's Cafe,White Oak Drive,Houston,77007,,29.7818237,-95.3890885,Harris
La Pupusa Loca,HWY6,Houston,77083,latin_american,29.7023722,-95.6449846,Harris
La Pupusa Loca,Hammerly Boulevard,Houston,77080,latin_american,29.81297,-95.541565,Harris
La Pupusa Rica,South Gessner Drive,Houston,77074,latin_american,29.6803572,-95.5281215,Harris
Cocina Latina Pupusa Buffet,Wirt Road,Houston,77055,latin_american;buffet,29.8034559,-95.4852814,Harris
Willie's Grill and Ice House,Northwest Freeway Frontage Road,Houston,77040,,29.8919309,-95.5840764,Harris
Pondicheri,Kirby Drive,Houston,77098,indian,29.7415173,-95.4194861,Harris
Eddie V's,Kirby Drive,Houston,77098,steak;seafood,29.7402794,-95.4190917,Harris
La Tapatia,Richmond Avenue,Houston,77098,mexican,29.7339952,-95.4041551,Harris
Pollo Campero,Greens Road,,77060,chicken,29.9512055,-95.4078061,Harris
Pretzelmaker,,,,pretzel,29.9611985,-95.5393225,Harris
Starbucks,FM 1960 West,Houston,77070,coffee_shop,29.9600646,-95.5389516,Harris
Sarku Japan,,,,japanese,29.9597351,-95.5387795,Harris
Chick-fil-A,Willowbrook Mall,Houston,77070,chicken,29.9596695,-95.5384163,Harris
China Max,,,,,29.9596307,-95.5387347,Harris
Cinnabon,,,,dessert,29.9598573,-95.5389086,Harris
Papa Tony's,John Fitzgerald Kennedy Boulevard,Houston,77032,,29.9441867,-95.3321206,Harris
Kung Food,John Fitzgerald Kennedy Boulevard,Houston,77032,,29.9441885,-95.3324562,Harris
Subway,Greens Road,Houston,77032,sandwich,29.9509092,-95.3482496,Harris
Subway,John Fitzgerald Kennedy Boulevard,Houston,77032,sandwich,29.944188,-95.3323743,Harris
Alwadi,John Fitzgerald Kennedy Boulevard,Houston,77032,,29.9441899,-95.3327314,Harris
Gumbo Jeaux's,John Fitzgerald Kennedy Boulevard,Houston,77032,,29.944391,-95.3329889,Harris
Starbucks,Greenspoint Drive,Houston,77060,coffee_shop,29.9471346,-95.4073765,Harris
Laredo Taco Company,,,,,29.9821804,-95.4240546,Harris
Potbelly,,,,sandwich,30.0643689,-95.4408856,Harris
Panera Bread,Louetta Road,Spring,77379,sandwich;bakery,30.0142047,-95.535232,Harris
The Crab Station Oyster Bar,Cypress Creek Parkway,Houston,77068,seafood,29.9871526,-95.4987729,Harris
Gourmet India,Westheimer Road,Houston,77077,indian,29.7349958,-95.6217536,Harris
Bombay Sweets Inc.,Hillcroft Avenue,Houston,77036,indian,29.7190352,-95.5003778,Harris
Govinda's Vegetarian Cuisine,West 34th Street,Houston,77018,indian,29.8178628,-95.4239037,Harris
Killer Noodle Tsujita,North Shepherd Drive,,,,29.8025859,-95.4104689,Harris
TD Tofu & Fast Food,,,,vietnamese,29.8809715,-95.7000317,Harris
Pho Viet Mai,,,,vietnamese,29.8809808,-95.6997688,Harris
Bún Bò Huế - Đức Chương 529,,,,vietnamese,29.8805342,-95.7002248,Harris
Lenny's Sub Shop,,,,,29.5480253,-95.1284678,Harris
Zaxby's,Barker Cypress Road,Cypress,,chicken,29.9058112,-95.6850372,Harris
Starbucks,Barker Cypress Road,Houston,77095,coffee_shop,29.9118067,-95.6855128,Harris
Chipotle,Barker Cypress Road,Cypress,77433,mexican,29.9115823,-95.6855141,Harris
Jack in the Box,Barker Cypress Road,Cypress,77433,burger,29.912217,-95.6856402,Harris
Slim Chickens,,,,,29.912532,-95.6855919,Harris
Crazy Cajun Seafood Shoppe,Barker Cypress Road,Cypress,77433,cajun,29.9353807,-95.6812146,Harris
Marvino's Italian Kitchen,,,,italian,29.9524544,-95.6707716,Harris
La Fogata Tex-Mex Grill,,,,,29.8706194,-95.5461759,Harris
Subway,Northwest Freeway,Houston,77040,sandwich,29.8708404,-95.5460847,Harris
Little Caesars,,,,pizza,29.8031661,-95.4906026,Harris
Raspados El Oasis,,,,,29.8800465,-95.700085,Harris
Domino's,FM 529,Cypress,77433,pizza,29.8800751,-95.7148803,Harris
Star Wok Asian Bistro,,,,,29.878395,-95.720892,Harris
Adrian's Mexican Street Food,,,,mexican,29.8783988,-95.721086,Harris
JLB Eatery,,,,american,29.87837,-95.720982,Harris
Jack in the Box,Fry Road,Cypress,77433,burger,29.8807966,-95.7244317,Harris
DQ Grill & Chill,FM 529 Road,Cypress,77433-3296,ice_cream;burger,29.8801373,-95.7253222,Harris
Brewingz Sports Bar & Grill,,,,chicken,29.7845046,-95.7935641,Harris
Antonia's Restaurant - Cucina Italiana,,,,italian,29.783563,-95.8066396,Harris
Vieng Thai,Long Point Road,Houston,,thai,29.8026336,-95.4709335,Harris
Famous Princess Kitchen – West African Restaurant,West Little York Road,Houston,77084,,29.8653896,-95.6686346,Harris
Phở 18,,,,vietnamese,29.8659019,-95.6702815,Harris
Bar BQ Village,,,,pakistani,29.8660135,-95.6702842,Harris
Popeyes,,,,chicken,29.8642893,-95.6837033,Harris
Jack in the Box,Barker Cypress Road,Houston,77084,burger,29.86616,-95.6837489,Harris
Pizza Hut,Barker Cypress Road,Cypress,77433,pizza,29.8955109,-95.6830209,Harris
Mr. Donut Hot & Fresh Kolaches,,,,,29.8959021,-95.683094,Harris
Quiznos,,,,sandwich,29.8958451,-95.6830833,Harris
Subway,Highway 6 North,Houston,77084,sandwich,29.8506913,-95.6462692,Harris
The Kickin' Crab,,,,seafood,29.8511659,-95.6462263,Harris
French Quarter Cajun Seafood,,,,cajun,29.8825369,-95.6459261,Harris
Domino's,Highway 6 North,Houston,77095,pizza,29.8965873,-95.637175,Harris
China Inn,,,,,29.8966733,-95.6371241,Harris
Yokohamaya,Northwest Freeway,Cypress,77433,japanese,29.9822111,-95.7224754,Harris
Brewingz,,,,wings,29.9906161,-95.742878,Harris
Little Caesars,,,,pizza,29.9938828,-95.7414891,Harris
Hot Wok,,,,asian,29.9939246,-95.7413912,Harris
$5 Pizza,,,,,29.9082942,-95.6486002,Harris
Little Caesars,North Highway 6,Houston,77095,pizza,29.9052505,-95.6316049,Harris
Wherever Bar & Grill,,,,,29.9049268,-95.6309563,Harris
Banhmi and Tea,,,,vietnamese,29.881177,-95.6466743,Harris
Thai Chili,,,,thai,29.8801664,-95.6428981,Harris
Pizza Fino,,,,,29.8801711,-95.6427331,Harris
Jamillah Garden,,,,chinese,29.880203,-95.6413545,Harris
Hikari Sushi Bar,,,,,29.8759671,-95.6448717,Harris
Jimmy John's,,,,sandwich,29.8741583,-95.6448338,Harris
The Egg & I,,,,,29.8688551,-95.6447312,Harris
Phở Hái 2 Vietnamese Noodle House,,,,vietnamese;noodle,29.8668004,-95.6457365,Harris
Chávez Mexican Café,,,,,29.8645886,-95.6444191,Harris
Northern Pasta,,,,chinese,29.7055288,-95.5465442,Harris
Lucky Dragon,,,,chinese,29.7057694,-95.5465463,Harris
Xin Jiang BBQ,,,,,29.7056476,-95.5465467,Harris
Tainan Bistro,,,,chinese,29.7059198,-95.5476345,Harris
Mala Sichuan Bistro,,,,,29.7059372,-95.5481697,Harris
Jing 5,,,,chinese,29.7057957,-95.548437,Harris
Yuan Ten,Bellaire Boulevard,Houston,77036,chinese,29.7056712,-95.5484609,Harris
Triple Pepper,,,,chinese,29.70527,-95.5484083,Harris
Taj,,,,,29.7384979,-95.6238813,Harris
Gil's Bar-B-Q,,,,,29.7378359,-95.6247758,Harris
Lasagna House III,,,,italian,29.7370115,-95.6248053,Harris
Chopan Kabob House,,,,afghan,29.7355936,-95.6219731,Harris
Le Teahouse,Barker Cypress Road,Houston,77084,,29.8787773,-95.683727,Harris
Phở Tàu Bay,Barker Cypress Road,Houston,77084,vietnamese,29.8789587,-95.6837243,Harris
Jersey Mike's Subs,FM 1960 West,Houston,77065,sandwich,29.9277153,-95.5947647,Harris
Hopdoddy,Vintage Park Boulevard,Houston,77070,,29.9959637,-95.5737666,Harris
Potbelly,Vintage Park Boulevard,Houston,77070,sandwich,29.9959884,-95.5740191,Harris
Shogun Grill,Vintage Park Boulevard,Houston,,japanese,29.9943862,-95.5724601,Harris
El Tiempo,Vintage Park Boulevard,Houston,,tex-mex,29.9948552,-95.5725296,Harris
Another Broken Egg,Vintage Park Boulevard,Houston,77070,,29.9948853,-95.5740152,Harris
Dimassi's Mediterranean Buffet,,,,mediterranean;buffet,29.7362405,-95.5692188,Harris
Dunkin',Barker Cypress Road,Cypress,77433,donut;coffee_shop,29.8817942,-95.6838173,Harris
Charlie's New York Style Pizza,,,,,29.8829738,-95.6828503,Harris
Double Dragon Chinese Café,,,,chinese,29.8787605,-95.6807847,Harris
Jo Jo Chinese Café,,,,chinese,29.8797298,-95.6744961,Harris
Herradura Mexican Grill,Farm To Market Rd 529,Houston,77095,mexican,29.8787131,-95.6540016,Harris
Taco de Oro,,,,mexican,29.8795824,-95.6604933,Harris
B-B-Q Sushi Bar,,,,,29.8795824,-95.6611156,Harris
Lucky Star Asian Buffet,Farm To Market Rd 529,Houston,77095,,29.8795964,-95.6612792,Harris
China Bistro,Farm To Market Rd 529,Houston,77095,,29.8784743,-95.6658793,Harris
Subway,Farm To Market Road 529,Houston,77095,sandwich,29.8784767,-95.667502,Harris
Taquería México Lindo Y Sabroso,,,,,29.8657058,-95.6824158,Harris
El Amanecer Restaurante y Pupusería,,,,latin_american,29.8657064,-95.6825352,Harris
green seed vegan,Almeda Road,Houston,77004,,29.7304001,-95.3764556,Harris
Cafe 4212,Almeda Road,Houston,77004,,29.7310827,-95.376171,Harris
Mary'z,,,,mediterranean;lebanese,29.7707276,-95.4064408,Harris
Triple Crown Bingo,,,,,29.9263469,-95.5863629,Harris
Phở Bon,,,,vietnamese,29.9254868,-95.5852878,Harris
Tony's New York Pizza,,,,pizza,29.9257332,-95.5852676,Harris
Café Latino Bakery & Pupusería,,,,latin_american;bakery;cafe,29.9259383,-95.5852994,Harris
Southern Maid Donuts,,,,donut,29.9260836,-95.5852699,Harris
Tamale Joint,East T C Jester Boulevard,,,,29.8169843,-95.443574,Harris
Chuck E. Cheese,,,,pizza,29.5367091,-95.1494068,Harris
Blaze Pizza,West Bay Area Boulevard,Webster,77598,pizza,29.5377662,-95.1498252,Harris
Zoës Kitchen,,,,mediterranean,29.9931975,-95.7516633,Harris
Chipotle,Highway 290,Cypress,77433,mexican,29.993086,-95.751328,Harris
Pei Wei,Northwest Freeway,Cypress,77433,asian,29.9928114,-95.7505348,Harris
Peet's Coffee,,,,coffee_shop,29.9867183,-95.3451276,Harris
RA Sushi,,,,,29.7796943,-95.560899,Harris
Grimaldi’s,Queensbury Lane,Houston,77079,,29.778903,-95.5613998,Harris
Cyclone Anaya’s Mexican Grill,,,,,29.7799112,-95.5604091,Harris
Texas De Brazil,,,,,29.7818412,-95.5608612,Harris
Salata,,,,,29.7799747,-95.5622486,Harris
Chipotle,Queensbury Lane,Houston,77024,mexican,29.7796293,-95.5621863,Harris
Grubb Burger,,,,,29.7796793,-95.5610933,Harris
Capital Grille,West Sam Houston Parkway North,Houston,77079,,29.7800166,-95.5618731,Harris
Brio,,,,,29.7788592,-95.5604242,Harris
Eddie V’s,Queensbury Lane,Houston,77079,,29.7789041,-95.5608382,Harris
Seasons 52,West Sam Houston Parkway North,Houston,77079,american,29.780464,-95.5619061,Harris
Einstein Brothers,,,,,29.7216629,-95.3436742,Harris
Crazy Frog's,,,,,29.8968168,-95.6097694,Harris
Popeyes,,,,chicken,29.987811,-95.3386555,Harris
Jamba,,,,juice,29.9880073,-95.3386101,Harris
Velvet Taco,,,,,29.9879987,-95.3387221,Harris
Pink's Pizza,,,,,29.9856735,-95.3382532,Harris
Landry's,,,,seafood,29.9853874,-95.3382738,Harris
Wendy's,,,,burger,29.9855394,-95.3382,Harris
La Salsa,,,,tex-mex,29.985485,-95.3382717,Harris
Einstein Bros. Bagels,,,,bagel,29.9854802,-95.3383328,Harris
Raising Cane's,,,,chicken,30.0175768,-95.4398686,Harris
Luby's,,,,american,30.0188196,-95.4407196,Harris
Great Wall,,,,,30.0202244,-95.4350245,Harris
Jack in the Box,FM 1960 Road East,Houston,77073,burger,30.0240284,-95.4203636,Harris
Little Caesars,FM 1960 Bypass Road West,Humble,,pizza,30.0050673,-95.3074586,Harris
Subway,FM 1960 Bypass Road West,Humble,77338,sandwich,30.0039792,-95.3069061,Harris
Donald's Donuts,FM 1960 Bypass Road West,Humble,,,30.0039777,-95.3070992,Harris
Vida Taqueria,,,,mexican,29.9893922,-95.3413832,Harris
Starbucks,North Terminal Road,Houston,77032,coffee_shop,29.9893016,-95.3416193,Harris
Ember,,,,,29.987938,-95.3414878,Harris
BằmBằm,,,,vietnamese,29.9890216,-95.3413703,Harris
Pala,,,,pizza,29.9887103,-95.3413904,Harris
Wendy's,North Terminal Road,Terminal,20508,burger,29.98809,-95.3412791,Harris
Pick Up Stix,,,,asian,29.9880247,-95.3412206,Harris
Potbelly,,,,sandwich,29.9879544,-95.3411518,Harris
Honey Baked Ham,Eastex Freeway,,,american,30.0035183,-95.2723145,Harris
Cicis,Eastex Freeway,Humble,,pizza;buffet,30.0026008,-95.2708635,Harris
V Bistro,Eastex Freeway,Humble,,,30.0037413,-95.2708366,Harris
Jason's Deli,Eastex Freeway,Humble,,sandwich,30.0040502,-95.2705711,Harris
Kami Ramen Bar,Eastex Freeway,Humble,,sushi;ramen;japanese,30.004041,-95.270217,Harris
Antony's Deli,Katy Freeway,Houston,77024,,29.7833858,-95.5587987,Harris
Goode Co. Seafood,,,,,29.7833305,-95.5481543,Harris
Guadalajara Hacienda,Katy Freeway,Houston,77024,mexican,29.7834179,-95.5346576,Harris
Jack in the Box,Katy Freeway,Houston,77024,burger,29.7833378,-95.4676163,Harris
The Egg & I,Katy Freeway,Houston,,,29.7854915,-95.53708,Harris
Jimmy John's,Katy Freeway,Houston,77055,sandwich,29.7854775,-95.5375976,Harris
Popeyes,Barker Cypress Road,Houston,77084,chicken,29.7882421,-95.687847,Harris
Subway,Barker Cypress,Houston,77084,sandwich,29.7894835,-95.6878181,Harris
China One,Barker Cypress Road,,,chinese,29.8110092,-95.6879113,Harris
Checkers,Barker Cypress Road,,,burger,29.8119183,-95.6877183,Harris
Starbucks,Clay Road,Houston,77084,coffee_shop,29.8326995,-95.6840642,Harris
Los Faroles,,,,mexican,29.8539189,-95.6824296,Harris
Pizza Hut,,,,pizza,29.853677,-95.6824699,Harris
Christian's Tailgate Bar & Grill,,,,,29.7866937,-95.6440764,Harris
Chabela's,,,,mexican,29.8307138,-95.646233,Harris
Señor Burritos #2,,,,burrito,29.7871193,-95.6455605,Harris
Annam Indian Cuisine,,,,indian,29.7869575,-95.6455698,Harris
Pho Kim Kim,,,,vietnamese,29.7875476,-95.6455873,Harris
Umami Sushi,,,,sushi,29.7874731,-95.6455819,Harris
Pupusería Las Brisas,,,,,29.8314545,-95.6461445,Harris
Crawfish N' More,,,,,29.8315939,-95.6461457,Harris
El Rincón Paisa,,,,colombian,29.8319247,-95.6461421,Harris
Pizza Fino,,,,,29.8622032,-95.6827738,Harris
Checkers,,,,burger,29.6890031,-95.622923,Harris
Starbucks,Highway 6 South,Houston,77079,coffee_shop,29.7752825,-95.6434503,Harris
China Inn Café,North Highway 6,Houston,77095,chinese,29.9023331,-95.6356654,Harris
Famous Pizza,,,,,29.9020261,-95.6358558,Harris
Denny's,,,,,29.6539578,-95.030957,Harris
McDonald's,FM 2920,Tomball,77377,burger,30.0804368,-95.700848,Harris
Xochi,Walker Street,Houston,77010,oaxaca;mexican,29.754635,-95.35882,Harris
3 Chiles,,,,mexican,29.8985583,-95.4463368,Harris
Laredo Taco Company,,,,tex-mex,29.9014727,-95.4647302,Harris
Church's Chicken,,,,,29.9201416,-95.4931197,Harris
Taco Bell,State Highway 249,Houston,77086,tex-mex,29.9219935,-95.4975299,Harris
Rosa's Pupuseria & Taqueria,Tomball Parkway,Houston,,,29.9286635,-95.5046772,Harris
Pho Bien Hoa,Tomball Parkway,Houston,,vietnamese,29.9287798,-95.5048502,Harris
Subway,Westview Drive,Houston,77043,sandwich,29.7912951,-95.5653161,Harris
Burger King,Richmond Avenue,Houston,77042,burger,29.728231,-95.5583898,Harris
Frenchy's Chicken,,,,chicken,29.7282287,-95.5587599,Harris
Pollo Bravo,,,,chicken,29.728174,-95.5590831,Harris
Six Ping,Bellaire Boulevard,Houston,77036,chinese,29.70556,-95.5484632,Harris
Schlotzsky's,Walker Street,Houston,77002,sandwich,29.7584729,-95.3653197,Harris
Schlotzsky's,South Terminal Road,Houston,77032,sandwich,29.9864468,-95.3451585,Harris
Schlotzsky's,Greenspoint Drive,Houston,77060,sandwich,29.9445135,-95.4065159,Harris
Jersey Mike's Subs,Katy Freeway,Houston,77024,sandwich,29.7861352,-95.4675823,Harris
Schlotzsky's,North Sam Houston Parkway East,Houston,77032,sandwich,29.9379277,-95.3726416,Harris
Schlotzsky's,West Lake Houston Parkway,Houston,77044,sandwich,29.9235408,-95.2028523,Harris
Schlotzsky's,Westheimer Road,Houston,77057,sandwich,29.7366634,-95.4902924,Harris
Schlotzsky's,Katy Freeway,Houston,77055,sandwich,29.786192,-95.5349818,Harris
Peking Cuisine Chinese Restaurant,Southwest Freeway Frontage Road,Houston,77074,chinese;peking,29.6893653,-95.5312605,Harris
Pho Binh 59 South,Southwest Freeway Frontage Road,Houston,77054,vietnamese;pho,29.6892922,-95.5313186,Harris
Maharaja Bhog,Southwest Freeway Frontage Road,Houston,77074,indian,29.6891914,-95.5313963,Harris
Church's Chicken,John F. Kennedy Boulevard,Houston,77032,chicken,29.9479101,-95.3325405,Harris
Starbucks,Kirby Drive,Houston,77030,coffee_shop,29.6959048,-95.4151656,Harris
Smashburger,Main Street,Houston,77030,burger,29.6945865,-95.413473,Harris
Kolache Factory,Main Street,Houston,77030,,29.6946254,-95.4135412,Harris
Glazed the Doughnut Cafe,Old Spanish Trail,Houston,77054,,29.6935165,-95.411536,Harris
Pizza Hut,Kirby Drive,Houston,77054,pizza,29.6919034,-95.4122297,Harris
Viet's Express,Kirby Drive,Houston,77054,,29.691657,-95.4121204,Harris
Akashi Asian Sushi Cuisine & Wine Bar,Kirby Drive,Houston,77054,asian;japanese,29.6915785,-95.4131297,Harris
Russo's New York Pizza,Kirby Drive,Houston,77054,pizza,29.6889777,-95.4131124,Harris
Subway,Kirby Drive,Houston,77054,sandwich,29.6888394,-95.4131556,Harris
Asahi Sushi,Kirby Drive,Houston,77054,asian;japanese,29.6886936,-95.4131519,Harris
Chipotle,Main Street,Houston,77025,mexican,29.6910715,-95.4157213,Harris
Five Guys,Main Street,Houston,77025,burger,29.6909547,-95.4159163,Harris
Panda Express,Main Street,Houston,77025,chinese,29.6908764,-95.4160373,Harris
Quiznos,Main Street,Houston,77025,sandwich,29.6917789,-95.4170388,Harris
Pepperoni's,Main Street,Houston,77025,pizza,29.6916722,-95.4171263,Harris
Papa John's,Main Street,Houston,77025,pizza,29.6927984,-95.4163056,Harris
Wingstop,Main Street,Houston,77025,wings,29.6929281,-95.4162192,Harris
Starbucks,Main Street,Houston,77025,coffee_shop,29.6929428,-95.4185697,Harris
Five Guys,Katy Freeway,Houston,77055,burger,29.7856119,-95.5344513,Harris
Donna Maria,Navigation Boulevard,Houston,77003,mexican,29.7578881,-95.3432259,Harris
Taqueria El Zocalo,Gregg Street,Houston,77020,mexican;tex-mex,29.7678707,-95.3355116,Harris
Torchy's,,,,,30.051548,-95.1812404,Harris
Potbelly,,,,sandwich,30.0517023,-95.1800531,Harris
MOD Pizza,Kingwood Drive,Kingwood,77345,pizza,30.0517006,-95.1802902,Harris
Starbucks,Kingwood,Kingwood,77345,coffee_shop,30.0517187,-95.1805463,Harris
Seoul Garden,Houston,,77058,,29.7984306,-95.5248902,Harris
Starbucks,North Terminal Road,Houston,77032,coffee_shop,29.9856311,-95.3497678,Harris
Tree Garden,Long Point Road,,,,29.7977346,-95.5259508,Harris
Korea House,,,,,29.7948086,-95.5433434,Harris
Korea Restaurent,,,,,29.7969258,-95.5263767,Harris
The Yellow Cup,Washington Avenue,,,coffee_shop,29.7707362,-95.4220598,Harris
Fix Coffeebar,Westheimer Road,Houston,77006,coffee;beer;wine,29.7442673,-95.3866269,Harris
Sorrento Ristorante,Westheimer Road,Houston,77006,italian,29.7442487,-95.3870534,Harris
Little Ginger Cafe,,,,chinese;japanese;sushi,30.0479548,-95.1845697,Harris
McDonald's,Almeda-Genoa Road,Houston,77047,burger,29.6148862,-95.3856118,Harris
Catalina Coffee,Washington Avenue,Houston,77007,coffee_shop,29.7679924,-95.3806538,Harris
Rodeo Goat,Dallas Street,Houston,77003,burger,29.74992,-95.356344,Harris
Solecita,Travis Street,Houston,77002,,29.761438,-95.3624825,Harris
Irma's Southwest Grill,Texas Avenue,Houston,77002,,29.7578208,-95.3594124,Harris
Maggiano's Little Italy,Post Oak Boulevard,Houston,77056,italian,29.745192,-95.4604598,Harris
Pad Thai,Louisiana Street,Houston,77002,thai,29.762478,-95.364199,Harris
Roost,Fairview Street,Houston,77019,,29.744864,-95.407402,Harris
BB's Tex-Orleans,Westheimer Road,Houston,77006,,29.7441986,-95.3885032,Harris
Phil & Derek's Restaurant & Jazz Lounge,Webster Street,Houston,77003,,29.7443186,-95.3654024,Harris
Los Tios Mexican Restaurant,Memorial Drive,Houston,77079,mexican;tex-mex,29.7725563,-95.5903615,Harris
Pizaro's Pizza,Memorial Drive,Houston,77079,pizza;italian,29.7725655,-95.5905986,Harris
Tree House - Craft Coffee & Frozen Yogurt,Memorial Drive,Houston,77079,coffee_shop;frozen_yogurt;coffee,29.7716107,-95.5903681,Harris
Luchi & Joey's,Memorial Drive,Houston,77079,tacos;mexican,29.7704369,-95.590126,Harris
The Devine Affair,Memorial Drive,Houston,77079,fine_dining;wine;steak_house,29.7699592,-95.5901623,Harris
Pei Wei,Memorial Drive,Houston,77079,asian,29.7716713,-95.5902095,Harris
Urban American Kitchen,Memorial Drive,Houston,77079,american,29.7714617,-95.5907283,Harris
Honey Baked Ham,Memorial Drive,Houston,77079,american,29.771804,-95.591249,Harris
The Studewood Cantine,Studewood Street,Houston,77008,mexican,29.7915632,-95.3881333,Harris
Little Italy Restaurant,Katy Freeway,,77494,italian,29.7844399,-95.7947684,Harris
The Lost Cajun,,,,cajun,29.9959864,-95.1714959,Harris
Hummus Republic,Northwest Freeway,Houston,,greek,29.8188705,-95.4668324,Harris
Oishii,Richmond Avenue,Houston,77046,sushi,29.7331057,-95.4368638,Harris
Pizza Hut,West 43rd Street,Houston,77018,pizza,29.8275307,-95.4313889,Harris
Atlantic Ocean,Washington Avenue,Houston,77007,,29.7708445,-95.4228832,Harris
Sushi on Post Oak,Post Oak Boulevard,Houston,77056,sushi,29.7451127,-95.4599682,Harris
Chipotle,Richmond Avenue,Houston,77056,mexican,29.7319795,-95.466322,Harris
In D Kitchen,Yorktown Street,Houston,77056,vietnamese,29.7441343,-95.4704522,Harris
Common Bond,San Felipe Street,,,,29.750282,-95.4793365,Harris
Dish Society,San Felipe Street,,,,29.7502878,-95.4788178,Harris
Flaming Wok,South Sam Houston Parkway East,Houston,77075,asian,29.5990284,-95.2670397,Harris
Snap Kitchen,,,,,29.7333618,-95.418971,Harris
Kata Robata,,,,,29.7335268,-95.4196027,Harris
NASA Fast Food,,,,vietnamese,29.5484273,-95.0944688,Harris
JINYA Ramen Bar,Egret Bay Boulevard,Houston,77058,ramen,29.5441282,-95.1038439,Harris
Delicias Latinas,,,,latin_american,29.5450747,-95.1048123,Harris
Smashburger,Westheimer Road,Houston,,burger,29.7385516,-95.4696567,Harris
Jersey Mike's Subs,Westheimer Road,Houston,,sandwich,29.7385452,-95.4703199,Harris
Bacco Wine and Spirits,Dincans Street,Houston,77005,american,29.727577,-95.4209152,Harris
Brother's Pizza,,,,pizza,29.7868898,-95.6455855,Harris
North Italia,,,,,29.7486206,-95.4621617,Harris
Mascalzone,Westheimer Road,Houston,77077,italian,29.7366568,-95.5945975,Harris
Emporio Brazilian Grill,Westheimer Road,Houston,77077,brazilian,29.7374539,-95.5972183,Harris
Papa John's,North Freeway,Houston,77037,pizza,29.9221918,-95.4139676,Harris
Wingstop,North Freeway,Houston,77037,wings,29.9224469,-95.4139431,Harris
Cafe Ginger,West Gray Street,Houston,77019,chinese,29.7542945,-95.4020514,Harris
The District,Main Street,Houston,77002,,29.7599178,-95.362833,Harris
Torchy's Tacos,San Felipe Street,,,tacos,29.749386,-95.4842853,Harris
La Madeleine,San Felipe Street,,,french,29.7495353,-95.4842881,Harris
Star Sailor,West 18th Street,Houston,,coffee_shop;american;grill,29.801213,-95.4307123,Harris
Maine-ly Sandwiches,Katy Freeway,,,,29.7856571,-95.4656215,Harris
Panera Bread,Northwest Freeway,Houston,77040,sandwich;bakery,29.8534432,-95.5123479,Harris
Burger King,Cypress North Houston Road,Cypress,77429-2856,burger,29.9529384,-95.6044007,Harris
The Cheesecake Factory,Memorial City Way,Houston,77024,american,29.781579,-95.5429021,Harris
Finn Hall,Main Street,Houston,77002,,29.7586759,-95.3638138,Harris
Fabian's Latin Flavors,Main Street,Houston,77002,,29.7620509,-95.360708,Harris
Roma's Pizza,Main Street,Houston,77002,pizza,29.7622816,-95.3604831,Harris
Subway,Sheldon Road,Channelview,77530,sandwich,29.7802662,-95.1253916,Harris
Pizza Hut,Sheldon Road,Channelview,77530,pizza,29.7800894,-95.1259295,Harris
Pho Now,East Tidwell Road,Houston,,vietnamese,29.8451048,-95.3910651,Harris
Twiga Café,Hermann Park Drive,Houston,77030,american;burger;salad;chicken;pizza,29.7123409,-95.3925345,Harris
Albert and Hazel Herzstein Trading Post,Hermann Park Drive,Houston,77030,,29.7116711,-95.3919725,Harris
Ashley's Donuts,,,,donut,29.5692599,-95.110666,Harris
Starbucks,Park Row Drive,Houston,77084,coffee_shop,29.7893236,-95.6889363,Harris
Taqueria No Toques Mi Taco,Yale Street,Houston,,mexican,29.8287103,-95.3996842,Harris
Marco's Pizza,Ella Boulevard,Houston,,pizza,29.8185841,-95.429169,Harris
Jellyfish Sushi,Ella Boulevard,Houston,,sushi,29.8184737,-95.4291834,Harris
The Union Kitchen,Ella Boulevard,Houston,,american,29.8192547,-95.4291901,Harris
Mico's Hot Chicken,North Shepherd Drive,Houston,,chicken,29.8080377,-95.4097713,Harris
E-Star Buffet,Cypress Creek Parkway,Houston,,chinese,29.9659691,-95.5363452,Harris
Sonic,Garth Road,Baytown,77521,burger,29.8079278,-94.9818518,Harris
,,,,,29.8049567,-94.9843193,Harris
Red Lobster,,,,seafood,29.8046371,-94.9871929,Harris
Panera Bread,Garth Road,Baytown,77521,sandwich;bakery,29.7955675,-94.9811593,Harris
Johnny Carino's,,,,italian,29.8029627,-94.9819033,Harris
Hooters,,,,burger,29.8033012,-94.986254,Harris
,,,,,29.8024906,-94.990898,Harris
Panda Express,Cypress Creek Parkway,Houston,77070,chinese,29.9648656,-95.5425068,Harris
The Catch,Cypress Creek Parkway,Houston,77070,seafood,29.9649389,-95.5423404,Harris
Taqueria El Sol De Mexico,,,,mexican,29.7121394,-95.4933542,Harris
Jack in the Box,Hillcroft Avenue,Houston,77081,burger,29.7155416,-95.498397,Harris
,,,,mexican,30.0072471,-95.4616322,Harris
,,,,,29.9983457,-95.4787618,Harris
,,,,,29.9978766,-95.4796678,Harris
,,,,,29.9904276,-95.4947884,Harris
,,,,mexican,29.9848433,-95.5060425,Harris
,,,,mexican,29.9854717,-95.505324,Harris
,,,,,29.9829951,-95.5081642,Harris
Starbucks,FM 1960 West,Houston,77069,coffee_shop,29.9796814,-95.5092875,Harris
Carrabba's Italian Grill,,,,italian,29.9809421,-95.5116576,Harris
IHOP,Cypress Creek Parkway,Houston,77069,breakfast;pancake,29.9786848,-95.5159752,Harris
Peli Peli Kitchen,Katy Freeway,Houston,77055,south_african,29.7852552,-95.5136307,Harris
Potbelly,Southwest Freeway,Houston,77046,sandwich,29.7298402,-95.4381054,Harris
Helen in the Heights,Studewood Street,Houston,,greek,29.7914185,-95.3881314,Harris
Mint Thai Kitchen,Waugh Drive,Houston,77019,thai,29.7601628,-95.3985633,Harris
Maison Pucha Bistro,Studewood Street,Houston,77008,french,29.789264,-95.3881148,Harris
Fifth Vessel,Main Street,,77002,american;coffee_shop,29.7637063,-95.3598509,Harris
The Burger Joint,Bay Area Blvd,Webster,77598,burger,29.5393045,-95.1457498,Harris
Denny's,Gulf Freeway,Friendswood,77546,american,29.5428464,-95.1449915,Harris
Pipeline Grill,Garth Road,Baytown,,,29.7759336,-94.9786457,Harris
Papa John's,Garth Road,Baytown,77521,pizza,29.7747706,-94.9781932,Harris
Jason's Deli,,,,sandwich,29.773156,-94.9784427,Harris
Ricks Thick and Juicy Burgers,,,,,29.7727451,-94.9784534,Harris
Buds Barbeque,,,,,29.7702947,-94.9788691,Harris
Cici's Pizza,Garth Road,Baytown,,pizza;buffet,29.7707918,-94.9766375,Harris
,,,,,29.7792841,-94.9785788,Harris
Domino's,Garth Road,Baytown,77521,pizza,29.7787964,-94.9789516,Harris
Wingstop,Garth Road,Baytown,77521,wings,29.7795996,-94.9783401,Harris
,,,,,29.7784658,-94.9788537,Harris
,,,,,29.7795938,-94.9785077,Harris
,,,,,29.7806856,-94.9770553,Harris
Five Guys,,,,burger,29.7814049,-94.9771813,Harris
Agave Taquiera,,,,tex-mex,29.9858159,-95.3396145,Harris
Starbucks,North Terminal Road,Houston,77032,coffee_shop,29.9858252,-95.3395315,Harris
H-Burger Bar,,,,burger,29.9847214,-95.3384849,Harris
Freshëns,,,,juice;salad,29.9857959,-95.3382774,Harris
Southern Belle,,,,chicken,29.9858291,-95.3369106,Harris
Subway,Terminal Road North Terminal;North Terminal Drive,Houston,77032,sandwich,29.9857861,-95.336128,Harris
Starbucks,North Terminal Road,Houston,77032,coffee_shop,29.9853309,-95.335404,Harris
Custom Burgers,,,,burger,29.9853067,-95.3352371,Harris
The Market by Villa,,,,salad;sandwich,29.9855974,-95.3354967,Harris
Pappasito's Cantina,,,,tex-mex,29.985529,-95.3354918,Harris
World Nectar,,,,smoothie;juice,29.9856552,-95.3355461,Harris
Tagliare,,,,pizza,29.9856569,-95.335512,Harris
Q - Texas BBQ & Steakhouse,,,,regional,29.9851339,-95.3351868,Harris
El Primo Tex-Mex Bar & Grill,,,,,29.9842425,-95.3351343,Harris
Tout Suite,Commerce Street,Houston,,coffee_shop,29.7586456,-95.3506867,Harris
Panda Express,West Bay Area Boulevard,Webster,77598,chinese,29.53801,-95.148867,Harris
"CoCo Crêpes, Waffles & Coffee",University Boulevard,Houston,,,29.7148259,-95.4144119,Harris
Osaka Sushi,Bellaire Boulevard,Houston,77025,sushi,29.7054824,-95.4407856,Harris
Toulouse,,Houston,77027,french;bistro,29.7429705,-95.4536536,Harris
Sprinkles Cupcakes,Westheimer Road,,,dessert;cupcake,29.7419351,-95.4459805,Harris
La Fiesta Restaurant & Cantina,Katy Freeway,Houston,77024,tex-mex,29.7821246,-95.5268053,Harris
Subway,Grant Road,Houston,77070,sandwich,29.9672118,-95.5849371,Harris
Tacos La Bala,Airline Drive,Houston,,mexican,29.8460692,-95.383395,Harris
Pizza Patron,Airline Drive,Houston,,pizza,29.8469973,-95.3838734,Harris
Mendoza Mexican Restaurant,Airline Drive,Houston,,mexican,29.8468562,-95.3838659,Harris
Taqueria Jesus Maria,Airline Drive,Houston,,mexican,29.8587843,-95.3850981,Harris
Tostada Regia,Airline Drive,Houston,,mexican,29.8603005,-95.3857126,Harris
Five Guys,Post Oak Boulevard,,,burger,29.7493774,-95.4602024,Harris
Berryhill Baja Grill,,,,mexican,29.7492781,-95.4597581,Harris
Merchant,Post Oak Boulevard,,,italian,29.7493836,-95.4601018,Harris
Jack in the Box,West Fairmont Parkway,La Porte,77571,burger,29.6517784,-95.0875361,Harris
Sanskar Maharashtrian Veg Cuisine,West Grand Parkway South Frontage Road,Katy,77494,indian;marathi;maharashtrian;thali,29.7763865,-95.7789298,Harris
Antone's,San Felipe Street,Houston,77027,sandwich,29.747776,-95.4550689,Harris
Wendy's,South Terminal Road,Houston,77032,burger,29.9854397,-95.3324967,Harris
Lee's Sandwiches,,,,vietnamese;sandwich,29.7043313,-95.5759894,Harris
Church's Chicken,East Sam Houston Parkway North,Houston,77044,chicken,29.8526322,-95.1881079,Harris
Starbucks,,Cypress,77433,coffee_shop,29.918467,-95.6897317,Harris
Starbucks,Highway 6 North,Houston,77084,coffee_shop,29.8775032,-95.6470067,Harris
JINYA Ramen Bar,Louisiana Street,Houston,77006,ramen,29.742746,-95.3798071,Harris
Starbucks,West Holcolmbe Road,Houston,77025,coffee_shop,29.7048865,-95.4249877,Harris
Wingstop,Yale Street,Houston,77007,wings,29.7735693,-95.3982558,Harris
Carnitas Gerardo's,Parker Road,Houston,,mexican,29.8590499,-95.3503149,Harris
Smith & Wollensky,Westheimer Road,Houston,,steak_house,29.7412765,-95.4456328,Harris
Fox's Pizza Den,,,,pizza,32.8539776,-84.8471989,Harris
Iron Horse Grill,Gardenview Drive,Pine Mountain,31822,,32.8532371,-84.8465303,Harris
KFC,Highway 354,Pine Mountain,31822,chicken,32.8527935,-84.8462775,Harris
Subway,Gardenview Drive,Pine Mountain,31822,sandwich,32.8529354,-84.8463057,Harris
Reel Seafood & Bar,East T C Jester Boulevard,,,seafood,29.8042462,-95.4266948,Harris
Hard Rock Cafe,,,,american,29.9869425,-95.3455899,Harris
bellagreen,,,,,29.7383385,-95.4152429,Harris
Hops Meets Barley,,,,,29.7382255,-95.4148526,Harris
Aka Sushi House,,,,,29.7388397,-95.4161373,Harris
Flemings,,,,steak_house,29.7381291,-95.4166203,Harris
China One,West Little York Road,Houston,,chinese,29.8705197,-95.4028541,Harris
Green Earth,North Shepherd Drive,Houston,,,29.8080996,-95.4097765,Harris
Ray's BBQ Shack,,,,,29.7028404,-95.356682,Harris
Local Poké,West 34th Street,Houston,,,29.8167459,-95.4303549,Harris
BB's,West 34th Street,Houston,,,29.8167417,-95.4308361,Harris
The Teahouse,West 34th Street,Houston,,,29.8168597,-95.4308518,Harris
Aladdin,West 34th Street,Houston,,mediterranean,29.8171044,-95.4308518,Harris
Craft Pita,Fountain View Drive,Houston,77057,,29.7474532,-95.4865062,Harris
Michael's cookie jar,,,,cookie,29.7476969,-95.4864724,Harris
Panda Garden,,,,,29.7479179,-95.486472,Harris
Yard House,,,,american,29.5462939,-95.1500878,Harris
Otsuka Ramen Bar,,,,ramen,29.546023,-95.1500347,Harris
Perry's Steakhouse,,,,steak_house,29.5463185,-95.1495746,Harris
The Rouxpour Restaurant & Bar,,,,cajun,29.546023,-95.1495392,Harris
Maggiano's Little Italy,,,,italian,29.545829,-95.1495038,Harris
Dave & Buster's,,,,american,29.5454749,-95.1500064,Harris
Gloria's Latin Cuisine,,,,latin_american,29.5452356,-95.1495392,Harris
Salata,,,,salad,29.5452787,-95.1491676,Harris
Grimaldi's,,,,pizza,29.5442688,-95.1496141,Harris
Fogo de Chão,,,,brazilian;steak_house,29.5454646,-95.1494259,Harris
Bisou,Westheimer Road,Houston,77027,,29.7417071,-95.4537764,Harris
Tacos Tierra Caliente,West Alabama Street,Houston,,mexican,29.7382663,-95.4082571,Harris
Chipotle,North Freeway,Houston,77037,mexican,29.9199841,-95.413573,Harris
Bonfire Wings,North Freeway,,,chicken,29.9198473,-95.4135729,Harris
Subway,North Shepherd Drive,Houston,77018,sandwich,29.8212927,-95.4097407,Harris
Miller's Cafe,North Shepherd Drive,Houston,,,29.8222243,-95.4097605,Harris
Fajita Pete's,West 43rd Street,Houston,,mexican,29.8291662,-95.4305323,Harris
Southwell's Hamburger Grill,Taylor Street,Houston,,burger,29.7742699,-95.3828309,Harris
MOD Pizza,Taylor Street,Houston,77007,pizza,29.7749406,-95.3827314,Harris
La Fresca Pizza,Kirby Drive,Houston,,,29.707591,-95.4180438,Harris
Chipotle,Southwest Freeway,Houston,77074,mexican,29.698482,-95.5182989,Harris
Blaze Pizza,Southwest Freeway,Houston,,pizza,29.6981603,-95.5186571,Harris
Jimmy John's,Southwest Freeway,Houston,,sandwich,29.6982213,-95.5185999,Harris
Salata,Southwest Freeway,Houston,,salad,29.6986345,-95.5181126,Harris
Shipley Do-Nuts,Southwest Freeway,Houston,,donut,29.6979892,-95.5188021,Harris
Firehouse Subs,Southwest Freeway,Houston,,,29.6978397,-95.5190175,Harris
Swamp City,West Little York Road,Houston,,seafood;wings,29.8703406,-95.4028595,Harris
Luchi & Joeys - Underground Downtown,,,,mexican,29.7578061,-95.3648998,Harris
Tamashi,West 43rd Street,Houston,,noodle;sushi,29.8291679,-95.4309309,Harris
Pokeworks,Heights Boulevard,,,,29.7746457,-95.398213,Harris
L&L Hawaiian Barbecue,Heights Boulevard,,,hawaiian,29.7746441,-95.3979976,Harris
Luby's,Northwest Freeway,,,american,29.8207152,-95.4686464,Harris
Subway,West 34th Street,Houston,77092,sandwich,29.8206717,-95.4683056,Harris
Les Ba'Get,West 34th Street,Houston,77018,vietnamese,29.8164608,-95.4286516,Harris
Wendy's,Airport Boulevard,Houston,77061,burger,29.6528237,-95.2766603,Harris
Mademoiselle Louise,Main Street,Houston,,coffee_shop,29.7509775,-95.3693589,Harris
Your Pie,Main Street,Houston,,pizza,29.752224,-95.3684415,Harris
Slowdrip TX,Main Street,Houston,,coffee_shop,29.7519015,-95.3679437,Harris
Sonic,West Main,La Porte,77571,burger,29.6647972,-95.0842525,Harris
Pizza Hut,West Loop North,Houston,77008,pizza,29.8006423,-95.4482231,Harris
Thai Lanna,West Loop North,Houston,,thai,29.800812,-95.4481798,Harris
Teatonic,North Freeway,Houston,,,29.8329466,-95.3831551,Harris
Wingstop,North Freeway,Houston,77022,wings,29.8330372,-95.3832152,Harris
Cicis,North Freeway,Houston,77022,pizza;buffet,29.8328283,-95.3830765,Harris
China Star,North Freeway,Houston,,chinese,29.8300027,-95.3802257,Harris
Chuck E. Cheese,North Freeway,Houston,77022,pizza,29.8329013,-95.3796092,Harris
Louisiana Fish House,East Crosstimbers Street,Houston,,seafood,29.8280382,-95.3779439,Harris
USA Wings,East Crosstimbers Street,Houston,,chicken,29.8280699,-95.3782495,Harris
Subway,East Crosstimbers Street,Houston,77022,sandwich,29.8280848,-95.3783476,Harris
Domino's,East Crosstimbers Street,Houston,77022,pizza,29.8281002,-95.3784823,Harris
Hungry Farmer Barbecue,East Crosstimbers Street,Houston,,barbecue,29.8281238,-95.3786464,Harris
Chipotle,Northwest Freeway,Houston,77092,mexican,29.8189297,-95.4669098,Harris
Cyclone Anaya's,,,,mexican,29.760222,-95.4824132,Harris
The Brisket House,,,,barbecue,29.7599293,-95.4824111,Harris
The Cheesecake Factory,,,,american,29.739685,-95.4629395,Harris
Alamo Tamale Company,Berry Road,Houston,77022,mexican,29.8380916,-95.36487,Harris
McDonald's,,,,burger,29.9366099,-95.4973993,Harris
McDonald's,Hammerly Boulevard,Houston,77080-5010,burger,29.8129875,-95.5444694,Harris
McDonald's,West Bellfort,Houston,77099-4747,burger,29.654653,-95.5667531,Harris
McDonald's,South Sam Houston West Parkway,Houston,77031,burger,29.6444081,-95.5380669,Harris
McDonald's,North Freeway,Houston,77037,burger,29.8706837,-95.4074273,Harris
McDonald's,Louetta Road,Cypress,77429,burger,29.994683,-95.6243429,Harris
BubbleEgg,West 34th Street,Houston,,coffee_shop;ice_cream,29.8169854,-95.428773,Harris
Pollo Bravo,Memorial Drive,,,peruvian;mexican,29.7609974,-95.420421,Harris
McDonald's,Fondren Road,Houston,77063,burger,29.7220028,-95.5198306,Harris
McDonald's,Spencer Highway,Deer Park,77536,burger,29.6665236,-95.1005207,Harris
Yami's Taqueria,,,,mexican,29.8593654,-95.3968073,Harris
Frenchy's Chicken,Victory Drive,Houston,,chicken,29.871364,-95.430454,Harris
Jaxton's World Flavors,Virginia Street,Houston,77098,american,29.7412297,-95.4212896,Harris
Malawis Pizza,,,,pizza,29.8151995,-95.7695188,Harris
Wingstop,West Grand Parkway North,Katy,77493,wings,29.8155427,-95.7695268,Harris
T. Jin's China Diner,,,,chinese,29.81382,-95.7700083,Harris
Subway,Grand Parkway,Katy,77449,sandwich,29.8137293,-95.7700418,Harris
Starbucks,West Grand Parkway North,Katy,77449,coffee_shop,29.8129933,-95.7703462,Harris
Little Caesars,,,,pizza,29.8182067,-95.7651159,Harris
Sake Asian Fusion,,,,,29.8182422,-95.7654532,Harris
5 O'Clock Spot Grille,Morton Ranch Road,Katy,,,29.8166319,-95.7639921,Harris
Burger King,West 18th Street,Houston,77092,burger,29.8009736,-95.4521437,Harris
Panera Bread,Post Oak Boulevard,,,sandwich;bakery,29.7499094,-95.460135,Harris
Ninfa's Uptown Houston,,,,mexican,29.7499831,-95.4627164,Harris
Pappadeaux Seafood Kitchen,,,,seafood,29.984724,-95.3351576,Harris
Livefire Burger,,,,burger,29.9856002,-95.3347956,Harris
Auntie Anne's,,,,pretzel,29.9858041,-95.3333886,Harris
Tanglewood Grille,,,,,29.9853467,-95.3321769,Harris
Gav!,,,,pizza;italian,29.9857818,-95.3331441,Harris
Einstein Bros. Bagels,,,,bagel,29.9856463,-95.3353149,Harris
Starbucks,JFK Boulevard,Houston,77032,coffee_shop,29.9856326,-95.3327675,Harris
Schlotzsky's,,,,sandwich,29.9855522,-95.332614,Harris
Yume Asian Kitchen & Market,,,,asian,29.9857569,-95.3346641,Harris
Dunkin',,Houston,77032,donut;coffee_shop,29.9856356,-95.3338505,Harris
Cibo Express,,,,,29.9842454,-95.3322602,Harris
Houston Wheelhouse Tex-Mex Bar & Grill,,,,,29.984234,-95.3321026,Harris
Ruby's Diner,,,,,29.9862216,-95.3335605,Harris
Peet's Coffee,,,,coffee_shop,29.9879086,-95.3341225,Harris
Hugo's Cocina,,,,,29.9878539,-95.334197,Harris
Q Bar Texas BBQ,,,,,29.9877175,-95.3396919,Harris
The Fruteria,,,,,29.9856644,-95.3452559,Harris
World Bean,,,,,29.9876475,-95.3429358,Harris
World Bean,,,,,29.9877863,-95.3390793,Harris
Forno Magico,,,,,29.9854256,-95.3385525,Harris
Poppy's Bagels / Little Purse Dumpling Den,,,,,29.9857914,-95.3385602,Harris
El Premio Tex-Mex Bar & Grill,,,,mexican,29.9855054,-95.3385495,Harris
Thai Jasmine,Kingspoint Road,Houston,77075,thai,29.6199078,-95.2268199,Harris
Domino's,Ella Boulevard,Houston,77018,pizza,29.8280142,-95.4293036,Harris
Murphy’s Deli,,,,,29.7641076,-95.4788553,Harris
Subway,West 43rd Street,Houston,77018,sandwich,29.8275398,-95.4322091,Harris
Russo’s New York Pizzeria,Katy Freeway,,,,29.7857342,-95.4657032,Harris
Subway,Katy Freeway,Houston,77024,sandwich,29.7852289,-95.467411,Harris
Panda Express,Katy Freeway,Houston,77024,chinese,29.7857396,-95.4675807,Harris
Dolce & Cafe,Katy Freeway,,,,29.7858758,-95.4675812,Harris
Tamashi Ramen & Sushi,Silber Road,,,sushi;ramen,29.7879317,-95.4675828,Harris
Big City Wings,Katy Freeway,,,wings,29.7854088,-95.4637509,Harris
Dave & Buster's,Katy Freeway,,,american,29.7859489,-95.4657217,Harris
Warehouse 72,Katy Freeway,,,,29.7859488,-95.4654502,Harris
Common Bond,Katy Freeway,,,coffee_shop,29.7852274,-95.4673086,Harris
Jimmy John's,Silber Road,Houston,77055,sandwich,29.7876711,-95.4675768,Harris
Red Robin,Katy Freeway,,,burger,29.785333,-95.4635849,Harris
Kiss,Edwards Street,Houston,,,29.7701525,-95.3809243,Harris
Local Pho Vietnamese Noodle,Edwards Street,Houston,,vietnamese,29.7701475,-95.3814885,Harris
Chang’s,San Felipe Street,,,chinese,29.7494571,-95.4782245,Harris
Kolache Factory,San Felipe Street,,,,29.7494552,-95.4782995,Harris
MOD Pizza,San Felipe Street,,,pizza,29.7494397,-95.478916,Harris
Hopdoddy,West 19th Street,Houston,,burger,29.8030191,-95.4053322,Harris
JINYA Ramen Bar,West 19th Street,Houston,,ramen,29.8032464,-95.4053479,Harris
Pappas Bar-B-Q Monroe,Gulf Fwy,Houston,77017,barbecue,29.6673073,-95.2620592,Harris
Mi Sombrero,North Shepherd Drive,Houston,,mexican,29.817796,-95.4111427,Harris
Snooze AM,Westheimer Road,Houston,,american;breakfast,29.7418686,-95.4618729,Harris
Paparucchos,Sage Road,,77056,mexican,29.735113,-95.4665515,Harris
Burger King,North Gessner Drive,Houston,77064,burger,29.953633,-95.5458945,Harris
Church's Chicken,Mills Road,Houston,77064,chicken,29.9528407,-95.5464932,Harris
Villa Italian Kitchen,,,,italian;pizza,29.959592,-95.5386126,Harris
Taco Bell,Willowbrook Mall,Houston,77070,tex-mex,29.9596485,-95.5384914,Harris
Starbucks,South Rice Avenue,Houston,77081,coffee_shop,29.7233225,-95.4676456,Harris
Perk Coffee Shop,,,,,29.7535592,-95.3652924,Harris
Caracol,Post Oak Boulevard,Houston,77056,mexican;seafood,29.7433601,-95.4624564,Harris
Cafe Ginger,Post Oak Boulevard,Houston,77056,asian;sushi,29.7433694,-95.4622821,Harris
Moxie's,Westheimer Road,Houston,,,29.7428244,-95.4614613,Harris
Pho King Bar,Washington Avenue,Houston,77007,vietnamese,29.7708169,-95.4089914,Harris
Yale Street Grill,Yale Street,Houston,,american,29.8051317,-95.3990443,Harris
Jinya,,,,japanese,29.7864152,-95.7451107,Harris
Chicken Salad Chick,,,,regional,29.7864245,-95.7458121,Harris
McDonald's,Barker Cypress Road,Houston,77084,burger,29.8301539,-95.685803,Harris
Uptown Sushi,Uptown Park Boulevard,,,sushi,29.7554406,-95.4564936,Harris
McCormick & Schmick's,Uptown Park Boulevard,,,seafood;steak,29.7546462,-95.4569359,Harris
Potbelly,Uptown Park Boulevard,,,sandwich,29.7551711,-95.4568998,Harris
Étoile,Uptown Park Boulevard,,,french,29.7566768,-95.4571392,Harris
Songkran,Uptown Park Boulevard,,,thai,29.7565121,-95.4571804,Harris
Mendocino Farms,Uptown Park Boulevard,,,sandwich,29.7575045,-95.4570849,Harris
Merus Grill,Uptown Park Boulevard,,,steak_house,29.7551334,-95.4584104,Harris
Panda Express,North Freeway,Houston,77037,chinese,29.917473,-95.4136084,Harris
Kim's Pho Grill,North Freeway,,,vietnamese,29.9225106,-95.413937,Harris
Chipotle,San Felipe Street,Houston,77057,mexican,29.7506198,-95.4772789,Harris
La Table,Post Oak Boulevard,Houston,,french,29.7473871,-95.4616265,Harris
Subway,South Post Oak Lane,Houston,77056,sandwich,29.751349,-95.4626595,Harris
Liberty Kitchen & Oysterette,San Felipe Street,,,american;seafood,29.7469623,-95.4498647,Harris
The Annie Café & Bar,Post Oak Boulevard,Houston,,american,29.7469247,-95.4616106,Harris
Pokeworks,South Post Oak Lane,,,,29.7511543,-95.4626536,Harris
Pizza Hut,North Freeway,Houston,77022,pizza,29.8289633,-95.3797441,Harris
La Costa del Sol,Berry Road,Houston,,mexican,29.8374336,-95.3817439,Harris
Crescent City Beignets,San Felipe Street,,,cajun,29.749307,-95.4842838,Harris
Sushi Choo Choo,South Voss Road,,,sushi,29.7492624,-95.499827,Harris
Thai Spice,South Voss Road,,,thai,29.740283,-95.5013746,Harris
Kung Fu Kebab,South Voss Road,,,sushi,29.7402193,-95.5013759,Harris
Bullritos,South Voss Road,,,mexican,29.7491825,-95.4998267,Harris
Shipley Do-Nuts,South Voss Road,Houston,,donut,29.7399912,-95.5013699,Harris
Starbucks,South Voss Road,Houston,77057,coffee_shop,29.7496535,-95.4998269,Harris
Great American Cookies,South Voss Road,,,cookie,29.7489401,-95.4998182,Harris
Jason's Deli,,,,sandwich,29.7362198,-95.5712114,Harris
Smoosh,,,,burger,29.7363036,-95.5712114,Harris
Ginza Japanese Resaurant,,,,japanese,29.7504052,-95.4844542,Harris
Fu's Garden,,,,chinese,29.7504086,-95.4843135,Harris
Starbucks,Shearn Street,Houston,77007,coffee_shop,29.7744169,-95.3850808,Harris
Becks Prime,,,,,29.7387819,-95.4821808,Harris
The Melting Pot,,,,fondue,29.7390788,-95.4912503,Harris
El Tiempo Cantina,,,,mexican,29.7382595,-95.4896028,Harris
Smoothie King,Taylor Street,Houston,,juice,29.7757751,-95.3826939,Harris
Great American Cookies,Taylor Street,Houston,,cookie,29.7755246,-95.3826904,Harris
Toasted Yolk,Washington Avenue,Houston,77007,,29.7702643,-95.4079781,Harris
,,,,,29.8797805,-95.6469769,Harris
Vic & Anthony's Steakhouse,,,,,29.7570664,-95.3582067,Harris
Guadalajara Del Centro,,,,,29.754153,-95.3644211,Harris
Kulture,,,,,29.7544398,-95.3565967,Harris
Landry's Seafood House,,,,seafood,29.7843597,-95.7577479,Harris
Huynh Restaurant,,,,vietnamese,29.7516364,-95.3556902,Harris
The Halal Guys,Ella Boulevard,Houston,,chicken;falafel;gyros,29.8137425,-95.4291273,Harris
Smoothie King,Ella Boulevard,Houston,,juice,29.8279568,-95.4293014,Harris
Luce Coffee Roasters,West 34th Street,Houston,,,29.8164623,-95.4292201,Harris
Tropical Smoothie Cafe,West 34th Street,Houston,,juice,29.8164621,-95.4291254,Harris
Los Tios,San Felipe Street,,,mexican,29.7496091,-95.4653941,Harris
Smoothie King,San Felipe Street,,,juice,29.7493355,-95.4653924,Harris
Jimmy John's,San Felipe Street,Houston,77056,sandwich,29.7490183,-95.4664972,Harris
Starbucks,San Felipe Street,Houston,77056,coffee_shop,29.7490213,-95.4662733,Harris
Jimmy John's,Westheimer Road,Houston,77057,sandwich,29.7367883,-95.4770705,Harris
Corelli’s Bistro,,,,italian,29.7385024,-95.475615,Harris
Russo’s New York Pizzeria,,,,pizza,29.7374361,-95.4780342,Harris
Kolache Factory,,,,,29.7374296,-95.476214,Harris
Red Pepper,,,,chinese,29.7384995,-95.4750236,Harris
Fu Belly,,,,,29.737129,-95.4780448,Harris
Burganic Hub,,,,burger,29.7372226,-95.4761985,Harris
Coffee Mill,,,,,29.7375031,-95.4762218,Harris
Asian Cafe,,,,asian,29.7373603,-95.47621,Harris
Mi Recuerdo,,,,mexican,29.8834689,-95.5241631,Harris
Craft F&B,West Loop South,,,american,29.7517057,-95.4570218,Harris
Post Oak Grill,South Post Oak Lane,,,american,29.7539344,-95.462725,Harris
Escalante’s,Westheimer Road,,,mexican,29.7412348,-95.4472271,Harris
1,Drexel Drive,Houston,,french;pizza,29.7410425,-95.4451093,Harris
Don Ramon's Mexican Restaurant,Cypress Creek Parkway,,,,29.978664,-95.5118678,Harris
Hippo Burger,Atascocita Road,Humble,,burger,29.9873032,-95.1937621,Harris
Big City Wings,Atascocita Road,Humble,,wings,29.987118,-95.1942756,Harris
Southern Maid Donuts,,,,donut,29.9796124,-95.1916084,Harris
Golden Wok Chinese Food and Sushi,Ella Boulevard,Houston,,,29.8187853,-95.4288964,Harris
Gatlin's BBQ,Ella Boulevard,Houston,,barbecue,29.8204413,-95.4290847,Harris
Shipley Do-Nuts,Yale Street,Houston,,donut,29.8117797,-95.3996784,Harris
Möge Tee,North Shepherd Drive,Houston,,,29.8035896,-95.4107288,Harris
Crust Pizza Company,North Shepherd Drive,Houston,,pizza,29.8034323,-95.4107865,Harris
The Spaghetti Western,West T C Jester Boulevard,,,italian,29.8026662,-95.4328898,Harris
Subway,West T C Jester Boulevard,Houston,77008,sandwich,29.8018965,-95.4321684,Harris
Kolache Factory,Louetta Road,Houston,77070,kolache,29.9972255,-95.5764976,Harris
Starbucks,Durham Drive,Houston,77007,coffee_shop,29.776509,-95.4108986,Harris
Tiff's Treats Cookie Delivery,Kingwood Drive,Kingwood,77345,bakery,30.0515332,-95.1814263,Harris
Starbucks,Northwest Freeway,Houston,77092,coffee_shop,29.8314744,-95.4827812,Harris
Napoli's Wine Cafe,Washington Avenue,Houston,77007,,29.7702889,-95.4075077,Harris
Pappa Geno's,,,,sandwich,29.8021804,-95.4305264,Harris
Firehouse Subs,West 43rd Street,Houston,,sandwich,29.829172,-95.4307504,Harris
Eugene's Gulf Coast Cuisine,Welch Street,Houston,,,29.7480102,-95.4077583,Harris
Checkers,,,,burger,29.883595,-95.1997063,Harris
Subway,East Sam Houston Parkway North,Houston,77044,sandwich,29.8527565,-95.1881191,Harris
El Rey Taqueria,Katy Freeway,,,mexican;cuban,29.7861973,-95.5344677,Harris
El Regio Pollos Asados,,,,mexican,29.9029567,-95.3369782,Harris
Best Kolaches & Donuts,Atascocita Road,Humble,,donut;kolache,29.9555899,-95.265993,Harris
Frenchy's Chicken,Atascocita Road,Humble,,chicken,29.9555969,-95.2655491,Harris
Rush Bowls,Washington Avenue,,,,29.770765,-95.4222518,Harris
Pink's Pizza,Moy Street,,,pizza,29.7709967,-95.4145639,Harris
M&M Kitchen,,,,,29.8919202,-95.2872697,Harris
2 My Cafe,East Mount Houston Road,,,vietnamese,29.8912575,-95.2567658,Harris
Checkers,East Mount Houston Road,,,burger,29.8918225,-95.3004889,Harris
Smashburger,Yale Street,,,burger,29.7732111,-95.3982518,Harris
The Greasy Spoon,Cypress Station Drive,,,soul_food,30.0314943,-95.440865,Harris
Galaxy Smoothies & Nutritional Supplements,FM 1960 Bypass Road East,Humble,77338,smoothie;coffee_shop,30.0039502,-95.2642117,Harris
Local Table,West 34th Street,Houston,,,29.8168534,-95.4347162,Harris
Valencia's Tex-Mex Garage,West 34th Street,Houston,,tex-mex,29.8168504,-95.4350164,Harris
McAlister's Deli,,,,sandwich,30.0495425,-95.4289386,Harris
Adriatic Cafe,,,,,30.0490024,-95.4289028,Harris
Starbucks,North Freeway,Spring,77388,coffee_shop,30.0509762,-95.4299095,Harris
Aldine Nutrition,Airline Drive,Houston,77037,,29.9185744,-95.4049563,Harris
The Taco Company,,,,tex-mex,29.8120484,-95.4130223,Harris
Subway,Aldine Bender Road,Houston,77060,sandwich,29.931346,-95.4019072,Harris
Taqueria Huetamo,Aldine Bender Road,Houston,,tex-mex,29.9313446,-95.4015863,Harris
Nini Kitchen,,,,,29.6943684,-95.5956164,Harris
Subway,East Richey Road,Houston,77073,sandwich,29.9963921,-95.3988703,Harris
Laredo Taco Company,,,,,29.9814841,-95.4213774,Harris
Burger King,Aldine Westfield Road,Houston,77073,burger,29.9985596,-95.3712325,Harris
Popeyes,Aldine Westfield Road,Houston,77032,chicken,29.9375525,-95.3557679,Harris
Wendy's,Aldine Westfield Road,Houston,77032,burger,29.9378965,-95.3557719,Harris
Burger King,North Sam Houston Parkway East,Houston,77032-3042,burger,29.9379941,-95.3567576,Harris
Subway,North Sam Houston Parkway East,Houston,77060,sandwich,29.9377582,-95.383687,Harris
Maza Pakistani Grill,John Fitzgerald Kennedy Boulevard,Houston,77032,pakistani,29.9442289,-95.3328779,Harris
Best Donuts & Kolaches,West Tidwell Road,Houston,,donut;kolache,29.8503485,-95.511045,Harris
Church's Chicken,West Tidwell Road,Houston,77040,chicken,29.8505291,-95.5109189,Harris
Burger King,,,,burger,29.9325556,-95.4065769,Harris
Schlotzsky's,Eastex Freeway,Humble,77338,sandwich,29.9827967,-95.2752922,Harris
Hartz Chicken Buffet,,,,chicken,29.9395302,-95.2831147,Harris
Halal Taqueria,,,,tex-mex,29.9407728,-95.302746,Harris
Golden Chick,,,,chicken,29.9739888,-95.419115,Harris
Taco Corner,,,,tex-mex,29.9561709,-95.5085774,Harris
Taqueria 3 Estados,East Tidwell Road,Houston,,mexican,29.844825,-95.384806,Harris
Las Perronas Tortas,East Tidwell Road,Houston,,chicken,29.8448227,-95.3853491,Harris
Southern Maid Donuts,,,,donut,29.9355135,-95.2501155,Harris
Jimmy John's,North Sam Houston Parkway East,Humble,77396,sandwich,29.9355102,-95.250299,Harris
Little Caesars,Wilson Road,,,pizza,29.9361635,-95.2503933,Harris
Yustis Taqueria,Will Clayton Parkway,Humble,,mexican,29.9786728,-95.248872,Harris
Toxic Tacos,Wilson Road,,,mexican,29.9614831,-95.2475005,Harris
The Curry House,North Bender Avenue,Humble,,indian,30.0040477,-95.2657235,Harris
Country Scrambled Cafe 2,FM 1960 Bypass Road East,Humble,77338,,30.0043264,-95.2656269,Harris
Pizza Hut,Little York Road,Houston,77093,pizza,29.8693172,-95.3270409,Harris
Whataburger,Center Street,Deer Park,77536,burger,29.70608,-95.1235732,Harris
Otto's,McKinney Street,Houston,77002,burger;breakfast;barbecue;coffee_shop,29.7548035,-95.3622373,Harris
Jimmy John's,Bingle Road,Houston,77092,sandwich,29.8395737,-95.4893741,Harris
Foodstreet,,,,deli,29.9824779,-95.4100267,Harris
Olla Taco,,,,burger;mexican,29.9837342,-95.4100153,Harris
Tempura Kabob Grill & More,Antoine Drive,,,,29.9598968,-95.4786431,Harris
McDonald's,West Rankin,Houston,77090,burger,29.9650165,-95.4201284,Harris
Limeños Restaurant,West Little York Road,Houston,,mexican,29.8661778,-95.5072235,Harris
Smoothie King,Cypress Creek Parkway,Houston,77068,juice,29.9871713,-95.4984603,Harris
Com gá Thoung Hai Chicken Noodle Soup,North Sam Houston Parkway West,Houston,,vietnamese,29.9386783,-95.4838626,Harris
Taco Real,North Sam Houston Parkway West,Houston,,tex-mex,29.9386801,-95.4839561,Harris
Golden Chick,North Sam Houston Parkway West,Houston,,chicken,29.9387193,-95.4844053,Harris
Lollipop Chicken,,,,chicken,29.8890181,-95.4756358,Harris
,Antoine Drive,,,donut,29.8928446,-95.4794124,Harris
Pizza Hut,Katy Freeway,Houston,77007,pizza,29.7773548,-95.3968942,Harris
Subway,Katy Freeway,Houston,77007,sandwich,29.7773979,-95.3969881,Harris
,,,,mexican,29.7895647,-95.4431154,Harris
Atomic Wings,,,,wings,29.8199887,-95.4682678,Harris
Smoothie King,Hollister Street,Houston,,juice,29.8511609,-95.5042438,Harris
Cinnabon,,,,dessert,29.7703192,-95.3982702,Harris
Schlotzsky's,Yale Street,Houston,77007,sandwich,29.7703273,-95.3983399,Harris
Subway,Katy Freeway,Spring Valley,77024,sandwich,29.7852734,-95.4950523,Harris
Starbucks,Katy Freeway,Spring Valley,77024,coffee_shop,29.7850499,-95.495051,Harris
Ashiana Indian Restaruant,Briar Forest Drive,Houston,,indian,29.7543137,-95.606584,Harris
Denny's,Katy Freeway,Houston,,american,29.7856141,-95.5351854,Harris
Kolache Factory,,,,kolache,29.78351,-95.6172726,Harris
Pizza Inn,,,,pizza,29.7729116,-95.4570588,Harris
Little Casita Mexican Restaurant,Antoine Drive,Houston,,mexican,29.8395027,-95.4739313,Harris
Cinnabon,,,,dessert,29.7862565,-95.5349797,Harris
Burger King,North Shepherd,Houston,77091-4251,burger,29.8475443,-95.4119159,Harris
Marco's Pizza,Barker Cypress Road,,,pizza,29.9414174,-95.6800072,Harris
Starbucks,FM 1960 West,Houston,77082,coffee_shop,29.9186842,-95.6055111,Harris
Starbucks,FM 2920,Tomball,77377,coffee_shop,30.0919741,-95.639264,Harris
Starbucks,San Felipe Street,Houston,77027,coffee_shop,29.744943,-95.4530436,Harris
Starbucks,Highway 59,Humble,77338,coffee_shop,30.0194487,-95.268513,Harris
Starbucks,FM 1960 East,Atascocita,77346,coffee_shop,30.000733,-95.1723021,Harris
Starbucks,Northwest Freeway,Houston,77040,coffee_shop,29.849203,-95.5020958,Harris
WingStreet,,,,wings,29.7065506,-95.4053208,Harris
Sparkles Burger,,,,,29.7266721,-95.3714477,Harris
Kung Fu Rice Express,East Tidwell Road,Houston,,chinese,29.8448258,-95.3846023,Harris
Starbucks,Studemont Street,Houston,77007,coffee_shop,29.7734436,-95.3895584,Harris
Simply Splendid Donuts,Jones Road,,,donut,29.9447788,-95.585389,Harris
Ostoneria Las Rocas,Airline Drive,Houston,,seafood,29.8667213,-95.3845081,Harris
Chicago Mexican Beef & Pizza,,,,,29.8029159,-95.3822815,Harris
Starbucks,Tomball Parkway,Houston,77070,coffee_shop,29.9998132,-95.5842438,Harris
Burger King,Jensen Drive,Houston,77093-6316,burger,29.8484772,-95.3435022,Harris
Nawab's Biryani House,,,,indian,29.7590671,-95.6259209,Harris
Aka,,,,japanese,29.7592405,-95.6259232,Harris
La Tortuga Taqueria,,,,mexican,29.7599442,-95.6262478,Harris
Foody's Gourmet,,,,,29.7602325,-95.6263601,Harris
Le Mistral,,,,,29.7603585,-95.6261162,Harris
rattan pan-asian bistro & wine bar,,,,asian,29.7607687,-95.6261889,Harris
Kolache Bar,,,,donut,29.763628,-95.6246394,Harris
Five Spice Asian Cuisine,,,,asian,29.7635436,-95.6246384,Harris
Iyara Thai Cuisine,,,,thai,29.756619,-95.6246042,Harris
Tropical Smoothie Cafe,,,,juice,29.7564491,-95.6246054,Harris
Matsu Sushi Bar,,,,sushi,29.7560905,-95.6246078,Harris
Pho Basil Vietnamese Restaurant,,,,vietnamese,29.7560258,-95.6246066,Harris
Starbucks,Eldridge Parkway,Houston,77077,coffee_shop,29.7557839,-95.6246114,Harris
Hopdoddy Burger Bar,Westheimer Road,Houston,77027,burger,29.7434855,-95.4536981,Harris
MAD,,Houston,77027,spanish,29.7436892,-95.4531002,Harris
Ouzo Bay,,Houston,77027,,29.7417056,-95.4532514,Harris
Le Colonial,Westheimer Road,Houston,77027,vietnamese,29.741905,-95.4532232,Harris
Steak 48,,,,steak_house,29.7417068,-95.4544674,Harris
Daiquiri Shack,Kirby Drive,Houston,77047,regional;american;chicken;pizza;drinks,29.6274461,-95.3960001,Harris
Thai Jin,Gessner Road,Houston,77080,thai,29.8211898,-95.5465041,Harris
Starbucks,Gessner Road,Houston,77080,coffee_shop,29.8211266,-95.5458333,Harris
Sazon Los Abuelos,,,,mexican,29.8601852,-95.4021597,Harris
JuiceLand,White Oak Drive,Houston,77007,juice,29.7817434,-95.3922518,Harris
Bubba Gump Shrimp Company,2nd Street,Kemah,77565,seafood,29.5480526,-95.0189218,Harris
Hella Bubble,Yale Street,Houston,,bubble_tea,29.8046856,-95.3995711,Harris
Poké in the bowl,,,,,29.7097482,-95.4020412,Harris
Rice Coffeehouse,,,,coffee_shop,29.7179736,-95.4023034,Harris
The Hoot,,,,,29.7179092,-95.402115,Harris
,,,,,29.7176877,-95.402071,Harris
Holland Private Dining Room,,,,,29.7177945,-95.4021187,Harris
Sammy's,,,,,29.7178664,-95.4019744,Harris
Willy's Pub,,,,,29.7178922,-95.4018772,Harris
Ambassador Cafe,,,,,29.7178549,-95.4018637,Harris
Laredo Taco Company,,,,tex-mex,29.9458592,-95.4972437,Harris
Denny's,,,,american,29.7956074,-95.0332242,Harris
IHOP,,,,breakfast;pancake,29.7967293,-95.0311723,Harris
McDonald's,I 10 East,Baytown,77521,burger,29.7983074,-95.0328755,Harris
All Star BBQ,,,,barbecue,29.8186553,-95.0355014,Harris
Brown Sugar's BBQ,,,,barbecue,29.9502529,-95.416292,Harris
The Bay Patio,East NASA Parkway,El Lago,77059,seafood;burger;regional,29.5632589,-95.0503436,Harris
Pinballz Pizzeria,Navigation Boulevard,Houston,,pizza,29.7578391,-95.3470413,Harris
Green Fork & Straw,South Shepherd Drive,Houston,,,29.741953,-95.411069,Harris
Black Walnut Cafe,Morningside Drive,Houston,77005,,29.7156942,-95.4152921,Harris
Shake Shack,Kirby Drive,Houston,77005,burger,29.7156398,-95.4180971,Harris
Sixty Vines,University Boulevard,Houston,77005,pizza;sandwich;american;wine_bar,29.7153337,-95.4175833,Harris
Sweetgreen,Amherst Street,Houston,77005,salad,29.7156942,-95.4174958,Harris
Teahouse Tapioca and Tea,Rice Boulevard,Houston,,,29.7176605,-95.4175619,Harris
Subway,1st Street West,Humble,77338,sandwich,30.0017969,-95.2684003,Harris
Pancho's Mexican Buffet,FM 1960 Bypass Road East,Humble,,mexican,30.0041243,-95.2641571,Harris
Captain Crawfish,,,,seafood,30.0029254,-95.2644515,Harris
Chick-fil-A,Kuykendahl Road,Tomball,77375,chicken,30.1325728,-95.552822,Harris
Jersey Mike's Subs,Kuykendahl Road,Tomball,77375,sandwich,30.1331143,-95.5528207,Harris
Great American Cookies,Northwest Freeway,Houston,,cookie,29.8535736,-95.5121406,Harris
Chipotle,Northwest Freeway,Houston,77040,mexican,29.8539865,-95.5128918,Harris
Laredo Taco Company,,,,tex-mex,30.0137326,-95.5895387,Harris
Celaya's Mexican Restaurant,Perry Road,Houston,,mexican,29.9471119,-95.5645953,Harris
Chick-fil-A,Springwoods Village Parkway,Spring,77389,chicken,30.1032424,-95.4461518,Harris
Tiger Noodle House,Rice Boulevard,Houston,77005,,29.7175696,-95.4160281,Harris
Raise the Roost Chicken & Biscuits,,,,chicken,30.0056062,-95.2548766,Harris
Laredo Taco Company,,,,tex-mex,29.9387983,-95.5840614,Harris
Chick-fil-A,Barker Cypress Road,Cypress,77433,chicken,29.9210361,-95.6867233,Harris
Subway,Northwest Freeway,Houston,77092,sandwich,29.8580039,-95.5232766,Harris
Kolache Factory,,,,,29.8579984,-95.5231577,Harris
MOD Pizza,Dacoma Street,Houston,77092,pizza,29.8086238,-95.4556285,Harris
Starbucks,,,,coffee_shop,30.0502178,-95.4352555,Harris
Target Snack Bar,,,,american;pizza,29.8776111,-95.6472838,Harris
McAlister's Deli,North Shepherd Drive,Houston,,sandwich,29.8159859,-95.4108234,Harris
Salata,North Shepherd Drive,Houston,,,29.8164982,-95.4108108,Harris
Crown Seafood Restaurant,Bellaire Blvd,,,,29.7048244,-95.5690079,Harris
Sonic,Jones Road,Houston,77065,burger,29.9141137,-95.5851084,Harris
Little Caesars,Jones Road,Houston,77065,pizza,29.9122244,-95.5849457,Harris
Grand Hunan Chinese,Jones Road,Houston,77065,chinese,29.9120895,-95.585829,Harris
Esam Thai,,,,thai,29.9115672,-95.5859309,Harris
Vinny's,Saint Emanuel Street,Houston,,italian,29.7494771,-95.356594,Harris
Zero Degrees,FM 1960 Bypass Road West,,,ice_cream,30.0061741,-95.2829164,Harris
7Spice Cajun Seafood,FM 1960 Bypass Road West,,,seafood,30.0061149,-95.2829107,Harris
Firehouse Subs,FM 1960 Bypass Road West,,,sandwich,30.0059964,-95.2828993,Harris
Brooklyn Pizzeria,FM 1960 Bypass Road West,,,pizza,30.0058281,-95.2828797,Harris
Little Kitchen HTX,,,,,29.7179111,-95.400868,Harris
Big Madre Tacos and Tortas,,,,tex-mex,29.9958967,-95.4346168,Harris
Sarpino's Pizzeria,South Braeswood Boulevard,Houston,77030,pizza,29.6959594,-95.4161011,Harris
Wingstop,Little York Road,Houston,77093,wings,29.8705325,-95.3347005,Harris
Pizza Hut,Kuykendahl Road,Spring,77389,pizza,30.1233599,-95.5534484,Harris
Very Fresh Clamatos & Snacks,,,,clamatos;snack,30.1234785,-95.5534438,Harris
El Chaparro,,,,,30.123721,-95.5534176,Harris
Fia's Pizzeria,Binz Street,Houston,77004,pizza,29.7238695,-95.3876716,Harris
Little Caesars,Will Clayton Parkway,Humble,,pizza,29.9787379,-95.2503598,Harris
Humble Donuts,Will Clayton Parkway,Humble,,donut,29.9785532,-95.2506032,Harris
Pho Tai 2 Noodle Soup & Grill,Will Clayton Parkway,Humble,,vietnamese,29.9785178,-95.2500617,Harris
Mama Mia Sugarcane Drinks,Bellaire Blvd,,,,29.7030201,-95.5745392,Harris
Bismillah Restaurant & Cafe,Hillcroft Avenue,Houston,77036,american;pakistani,29.7214884,-95.501622,Harris
Busy Boy,Hillcroft Avenue,Houston,77036,mediterranean,29.7205628,-95.5014203,Harris
Reza Persian Grill,Hillcroft Avenue,Houston,77036,persian,29.7207316,-95.5016186,Harris
Halal Wok,Hillcroft Avenue,Houston,77036,chinese;american,29.7214335,-95.5016208,Harris
Kandahari,Hillcroft Avenue,Houston,77036,afghan,29.7217944,-95.501624,Harris
Kabul Cuisine,Hillcroft Avenue,Houston,77036,afghan,29.7219508,-95.5013409,Harris
Sichuan Pepper Express,North Shepherd Drive,Houston,,,29.8164112,-95.4108129,Harris
Taqueria Mi Huetamo,Airline Drive,Houston,,,29.8723751,-95.3844782,Harris
Little Caesars,,,,pizza,29.9340018,-95.3998274,Harris
Tarka Indian Kitchen,West 19th Street,Houston,,,29.8030831,-95.4111965,Harris
Pepperoni's,North Shepherd Drive,,,pizza,29.7884055,-95.409465,Harris
The Waffle Bus,North Shepherd Drive,Houston,,wings,29.8024446,-95.4104695,Harris
Shri Balaji Bhavan,Hillcroft Avenue,Houston,77036,indian,29.7213023,-95.5006484,Harris
Slowpokes,West 34th Street,Houston,,,29.8167593,-95.42066,Harris
R House Cantonese Restaurant,,,,chinese,29.7039327,-95.5543211,Harris
Tortoni,Katy Freeway,,,italian,29.7850675,-95.4932882,Harris
Patagonia Grill & Cafe,Katy Freeway,,,,29.7852333,-95.492544,Harris
Russo's New York Pizzeria,White Oak Drive,Houston,,pizza,29.7813334,-95.389384,Harris
Wingstop,Blalock Road,Houston,77055,wings,29.7858306,-95.5216863,Harris
Starbucks,Katy Freeway,Houston,,coffee_shop,29.7822756,-95.5216229,Harris
Empanada Company,,,,,29.8147981,-95.4456652,Harris
Supreme Sandwiches,West T C Jester Boulevard,Houston,77018,sandwich,29.810364,-95.4430764,Harris
Active Passion,Usener Street,Houston,,coffee_shop,29.7809865,-95.3811845,Harris
Jalisco Taqueria,Hempstead Road,Houston,,mexican,29.8124153,-95.4745705,Harris
Subway,Longpoint Road,Houston,77055,sandwich,29.8030928,-95.4832117,Harris
Tiger Noodle House,,,,noodle,29.7413135,-95.4629521,Harris
Kenz Mediterranean Cafe,,,,mediterranean,29.7417348,-95.4629655,Harris
Mein Restaurant,Clarewood Drive,,,noodle,29.7075394,-95.5500939,Harris
Buzz N Bites,,,,coffee_shop;breakfast;waffle;tea;pastry,29.7967119,-95.5229621,Harris
Taco Corner,,,,tex-mex,30.0048032,-95.371668,Harris
Pepe's Kitchen,Airline Drive,Houston,,tex-mex,29.8364862,-95.3850013,Harris
Chester's,,,,chicken,29.8360046,-95.5067441,Harris
McDonald's,Lockwood Drive,Houston,77011,burger,29.7514285,-95.3227955,Harris
Red Crab Juicy Seafood and Bar,West 34th Street,Houston,,seafood,29.8205895,-95.4678103,Harris
The Taco Bar,,,,tex-mex,30.0143567,-95.4513913,Harris
Antojitos Mexican Restaurant,North Houston Rosslyn Road,Houston,77040,,29.8863392,-95.4949409,Harris
Lazaro's Pizza,North Houston Rosslyn Road,,,pizza,29.8865551,-95.4949395,Harris
Sprinkle Donuts & Coffee,North Houston Rosslyn Road,,,coffee_shop;donut,29.88687,-95.4949375,Harris
Pho Binh,Westheimer Road,Houston,,vietnamese,29.7369897,-95.4854286,Harris
Zabak's Mediterranean Cafe,Westheimer Road,Houston,,mediterranean,29.7369293,-95.4850009,Harris
Happy Lamb Hot Pot,Westheimer Road,Houston,,asian,29.7369406,-95.4845269,Harris
The French House,Westheimer Road,Houston,,french,29.7372735,-95.4854297,Harris
NU Ice & Drinks,Westheimer Road,Houston,,bubble_tea;ice_cream,29.7369373,-95.4846659,Harris
Fat Crab,Westheimer Road,Houston,,seafood,29.7369217,-95.4853228,Harris
Takumi-Ichi Ramen,Westheimer Road,Houston,,ramen,29.7369271,-95.4850958,Harris
BreWingZ Restaurant and Bar,Gulf Freeway,,,,29.6215209,-95.222919,Harris
Island Grill,Rice Boulevard,Houston,77005,american;mediterranean,29.717059,-95.4142255,Harris
Velvet Taco,Rice Boulevard,Houston,77005,mexican,29.7173059,-95.4177848,Harris
McDonald's,,,,burger,29.7080992,-95.4007673,Harris
Subway,Lockwood Drive,Houston,77026,sandwich,29.8083201,-95.3178348,Harris
Popeyes,Lockwood Drive,Houston,77026,chicken,29.797466,-95.3164554,Harris
McDonald's,North Sam Houston Parkway East,Houston,77060,burger,29.9384799,-95.3978893,Harris
Tacocina,,,,mexican,29.8466463,-95.3665819,Harris
Panera Bread,Tomball Parkway,Houston,77070,sandwich;bakery,30.0112178,-95.5905591,Harris
Krispy Krunchy Chicken,,,,chicken,29.8586482,-95.4892864,Harris
Laredo Taco Company,,,,mexican,29.8854764,-95.5416691,Harris
Tacos Tierra Caliente,,,,tex-mex,29.7746087,-95.409202,Harris
Brass Tacks,Live Oak Street,,,coffee_shop,29.7514393,-95.3493986,Harris
Chama Gaucha,Westheimer Road,,,,29.7370522,-95.4838765,Harris
The River Grill,,,,,29.7790813,-95.8049343,Harris
Yoyo's Hot Dogs,,,,,29.7707609,-95.4081454,Harris
Pink's Pizza,Bissonnet Street,Houston,77005,pizza,29.7257742,-95.4218195,Harris
Jason's Deli,North Freeway,Spring,,sandwich,30.0505014,-95.4365829,Harris
Chipotle,FM 1960 East,Humble,77346,mexican,29.9974067,-95.1640281,Harris
Teriyaki Madness,FM 1960 East,Humble,77346,,29.9973466,-95.1641758,Harris
Jimmy John's,West 34th Street,Houston,77092,sandwich,29.8191138,-95.466162,Harris
Laredo Taco Company,,,,mexican,29.7033535,-95.348762,Harris
Laredo Taco Company,,,,mexican,29.8927048,-95.5240705,Harris
Laredo Taco Company,,,,tex-mex,29.8030591,-94.9982522,Harris
Hunt Brothers Pizza,,,,pizza,29.8286811,-95.4300986,Harris
Dunkin',Ella Boulevard,Houston,77018,donut;coffee_shop,29.8140941,-95.4298827,Harris
Cracker Barrel Country Store,,,,american,29.9805189,-95.4236466,Harris
Pollo Campero,,,,chicken,29.6281456,-95.2310401,Harris
Domino's,Houston Avenue,Houston,77009,pizza,29.7871295,-95.3724176,Harris
Chipotle,East Freeway,Houston,77015,mexican,29.7698392,-95.1818998,Harris
Denny's,Crosby Freeway,Houston,77049,american,29.8550508,-95.1289978,Harris
Great American Cookies,,,,cookie,29.6231899,-95.2277198,Harris
Krispy Krunchy Chicken,,,,chicken,29.6233313,-95.2280103,Harris
Chuck E. Cheese,FM 1960 Bypass Road East,Humble,77338,pizza,30.0031464,-95.2666944,Harris
District 7 Memorial,,,,,29.7782971,-95.6249839,Harris
A&W,,,,burger,29.9147983,-95.4116162,Harris
Long John Silver's,,,,seafood,29.9147381,-95.4116168,Harris
Buffalo Wild Wings,West Sam Houston Parkway North,Houston,77064,wings,29.9034846,-95.5561472,Harris
Burger King,West Grand Parkway North,Katy,77449,burger,29.8183358,-95.7715855,Harris
Starbucks,West Grand Parkway North,Katy,77449,coffee_shop,29.8168041,-95.7721917,Harris
The Grill,,,,,29.7375503,-95.5642667,Harris
Highline Park,North Shepherd Drive,Houston,77007,burger;american,29.7830177,-95.4081299,Harris
Rakkan Ramen,North Shepherd Drive,Houston,77007,ramen,29.7828939,-95.4078445,Harris
Mendocino Farms,North Shepherd Drive,Houston,,,29.7827722,-95.4080861,Harris
Blue Sushi Sake Grill,North Shepherd Drive,Houston,77007,sushi,29.78275,-95.4078173,Harris
Da Gama Canteen,North Shepherd Drive,Houston,77007,,29.7830118,-95.407866,Harris
Casa Nomad,North Shepherd Drive,Houston,77007,,29.7829055,-95.4080894,Harris
Tight Squeeze Juice Bar,North Shepherd Drive,Houston,77007,,29.7828201,-95.4085606,Harris
Homestead,North Shepherd Drive,Houston,,,29.7829987,-95.4087975,Harris
Louisiana Famous Fried Chicken,,,,,30.0121723,-95.6073646,Harris
Little Caesars,South Post Oak Road,Houston,77035,pizza,29.6631683,-95.4647606,Harris
Laredo Taco Company,,,,mexican,30.0056492,-95.2587819,Harris
Checkers,,,,burger,29.9672486,-95.2852948,Harris
Taco Corner,,,,mexican,29.9676942,-95.2850898,Harris
La La Land Kind Cafe,North Shepherd Drive,Houston,,,29.7821171,-95.4083461,Harris
Sweetgreen,North Shepherd Drive,Houston,,salad,29.7821214,-95.4082748,Harris
Elite Meals,North Shepherd Drive,Houston,,,29.7822941,-95.408589,Harris
Salata,Heights Boulevard,Houston,,,29.7735742,-95.3979472,Harris
Barnaby's Cafe,Heights Boulevard,Houston,,american,29.7733811,-95.3979327,Harris
Starbucks,Westheimer Road,Houston,77063,coffee_shop,29.7348284,-95.5173855,Harris
Kura Sushi,Grand Circle Boulevard,Katy,77449,sushi,29.7891328,-95.7731078,Harris
Haidilao Hot Pot,Grand Circle Boulevard,Katy,77449,chinese;hotpot,29.78853,-95.7726522,Harris
85°C,,,,coffee_shop;chinese,29.7892154,-95.7731973,Harris
Squares Hot Pot,Colonial Parkway,Katy,77449,asian,29.7925405,-95.7733976,Harris
Happy Lemon,Colonial Parkway,Katy,77449,bubble_tea,29.7927725,-95.7733906,Harris
Starbucks,Fairmont Parkway,Pasadena,77505,coffee_shop,29.6523929,-95.1523223,Harris
Laredo Taco Company,,,,mexican,29.7639001,-95.2139381,Harris
Big Madre Tacos y Tortas,,,,mexican,29.7734762,-95.2152584,Harris
,,,,mexican,29.7689106,-95.2127136,Harris
Peet's Coffee,,,,coffee_shop,29.9868629,-95.345568,Harris
Big City Wings,Navigation Boulevard,Houston,,wings,29.7577408,-95.3475999,Harris
The Castle Lounge,Richmond Avenue,Houston,77063,american;creole,29.7294887,-95.5300628,Harris
Pokéworks,Westheimer Road,Houston,,hawaiian,29.7414739,-95.4091355,Harris
Churrascos,Westheimer Road,Houston,,seafood;steak_house,29.7424589,-95.4091323,Harris
The Teahouse,Westheimer Road,Houston,,bubble_tea,29.7413174,-95.4102581,Harris
Starbucks,Westheimer Road,Houston,77098,coffee_shop,29.7412914,-95.4093048,Harris
Taco Bell,Lockwood Drive,Houston,77026,tex-mex,29.7999774,-95.317419,Harris
KFC,Lockwood Drive,Houston,77026,chicken,29.8000112,-95.317423,Harris
Wingstop,Lockwood Drive,Houston,77026,wings,29.8006722,-95.3163394,Harris
MOD Pizza,Memorial Drive,Houston,77079,pizza,29.7696485,-95.6051832,Harris
Smoothie King,,,,juice,29.7696455,-95.6053617,Harris
Starbucks,Eldridge Parkway,Houston,77082,coffee_shop,29.7322467,-95.6270393,Harris
Firehouse Subs,,,,sandwich,30.0512472,-95.4352625,Harris
Bakery Donuts,Cypresswood Drive,Spring,77388,donut,30.0512937,-95.4357842,Harris
Krispy Krunchy Chicken,,,,chicken,30.0049012,-95.3717077,Harris
Pho I-10,Blalock Road,Houston,77055,vietnamese,29.7858329,-95.5217693,Harris
Tan Tan Restaurant,Ranchester Drive,Houston,77036,chinese,29.7059824,-95.545822,Harris
One Dim Sum,Gray Street,Houston,77002,chinese,29.7506296,-95.3758707,Harris
Pho Saigom,Milam Street,Houston,77006,vietnamese,29.7451159,-95.377577,Harris
Fukuoka Sushi Bar & Grill,Milam Street,Houston,77006,japanese,29.7450517,-95.3775139,Harris
Siu Lap City,Milam Street,Houston,77006,chinese,29.7452409,-95.3775674,Harris
Luce Coffee Roasters,Washington Avenue,Houston,77007,,29.7685382,-95.384016,Harris
Starbucks,Westheimer Road,Houston,77063,coffee_shop,29.7384931,-95.5375188,Harris
Signature Cafe,Westheimer Road,Houston,77063,coffee_shop,29.738491,-95.5373453,Harris
The Teahouse,Westheimer Road,Houston,77063,bubble_tea,29.7385055,-95.5376635,Harris
Blaze Pizza,Westheimer Road,Houston,77063,pizza,29.7385146,-95.5361763,Harris
Tropical Smoothie Cafe,Studemont Street,Houston,77007,juice,29.7678081,-95.391644,Harris
Sam's Cafe,Studemont Street,Houston,77007,chinese,29.7675909,-95.391678,Harris
Zapvor by Thai Spice,West 19th Street,Houston,,thai,29.8024865,-95.4056031,Harris
Simply Greek,Blalock Road,Houston,77080,greek,29.8072362,-95.5234325,Harris
Panda Express,Katy Freeway,Houston,77055,chinese,29.7856049,-95.5336449,Harris
Which Wich?,Katy Freeway,Houston,77055,sandwich,29.7856098,-95.5335869,Harris
Sharetea,Katy Freeway,Houston,77055,bubble_tea,29.7861984,-95.5343496,Harris
Starbucks,North Freeway,Spring,77388,coffee_shop,30.0651267,-95.4350845,Harris
Smoothie King,Silber Road,Houston,77055,juice,29.7892749,-95.4676941,Harris
Yantze Restaurant,West Sam Houston Parkway South,Houston,77072,chinese,29.7070537,-95.5562295,Harris
Handam BBQ,West Sam Houston Parkway South,Houston,77072,korean,29.7068264,-95.5562466,Harris
Jimmy John's,FM 2920,Tomball,77377,sandwich,30.0888587,-95.6334529,Harris
Chipotle,FM 2920 Road,Tomball,77377,mexican,30.0890026,-95.6345962,Harris
Laredo Taco Company,,,,tex-mex,30.0671209,-95.6250228,Harris
Dodo's Chicken,Richmond Avenue,Houston,77063,colombian,29.7285411,-95.5315769,Harris
,,,,burger,30.0974967,-95.6157551,Harris
Taqueria Los Agaves #3,Red Bluff Road,Pasadena,77503,mexican,29.6644323,-95.1326605,Harris
MOD Pizza,North Fry Road,Katy,77084,pizza,29.7884958,-95.7184402,Harris
MOD Pizza,Citywest Boulevard,Houston,77042,pizza,29.7374499,-95.5616287,Harris
Panera Bread,Westheimer Road,Houston,77042,sandwich;bakery,29.7374879,-95.562193,Harris
Tarka,Westheimer Road,,,indian,29.7374831,-95.5618869,Harris
CAVA,,,,mediterranean,29.7374379,-95.5612319,Harris
Tropical Smoothie Cafe,,,,juice,29.7374528,-95.5615619,Harris
Street Food Guru,North Freeway,Houston,77037,,29.9221746,-95.4101647,Harris
The Cookshack,Washington Avenue,Houston,77007,chicken,29.7697177,-95.4011909,Harris
Luna Pizzeria,Yale Street,Houston,77007,pizza,29.7725199,-95.3989765,Harris
Eggcellence Cafe & Bakery,West Bay Area Boulevard,Webster,77598,,29.5377484,-95.150043,Harris
Raising Cane's,West Bay Area Boulevard,Friendswood,77546,chicken,29.5383542,-95.151851,Harris
Red Robin,,,,burger,29.5468932,-95.1502915,Harris
Pink's Pizza,West Gray Street,,,pizza,29.7535955,-95.3892958,Harris
Laredo Taco Company,,,,mexican,29.7239047,-95.5917607,Harris
The Health Nut,2606 B Center Street,Deer Park,77536,,29.6875813,-95.1239728,Harris
Bijan Persian Grill,Hillcroft Avenue,Houston,77036,persian,29.7185138,-95.5005022,Harris
Market Street Cafe,Market Street,Tomball,,american;sandwich;tex-mex,30.0965347,-95.6158803,Harris
Craving Kernels,Market Street,Tomball,,popcorn;cookie,30.0963795,-95.6162731,Harris
Miguelangel and HJR Coffee,Holland Avenue,Houston,,,29.7626765,-95.2332996,Harris
Taqueria El Charro Mex,Holland Avenue,Houston,,mexican,29.7629568,-95.2333177,Harris
Subway,Waugh Drive,Houston,77019,sandwich,29.7602846,-95.3985678,Harris
Pizza Birra Vino,Waugh Drive,Houston,77019,pizza,29.760011,-95.3985652,Harris
Slowpokes Coffee,,,,coffee_shop,29.8018078,-95.4918543,Harris
Feges Barbecue,Long Point Road,Houston,,,29.8022591,-95.4929727,Harris
Taco Corner,,,,mexican,30.0822627,-95.6109908,Harris
Golden Chick,North Houston Rosslyn Road,Houston,,chicken,29.8899169,-95.4937367,Harris
Starbucks,Gessner Road,Houston,77024,coffee_shop,29.7823778,-95.5415355,Harris
Local Foods,Yale Street,Houston,,,29.7836351,-95.3986181,Harris
Pressed,Yale Street,Houston,,juice,29.7841149,-95.3986628,Harris
Domino's,East Airtex Drive,Houston,77073,pizza,29.9825168,-95.4096874,Harris
Naam Khao Thai Kitchen & Bar,,,,,29.7600437,-95.6263754,Harris
Wendy's,Gulf Freeway,Houston,77034,burger,29.597143,-95.198964,Harris
Laredo Taco Company,,,,mexican,29.9662771,-95.5572095,Harris
Little Caesars,,,,pizza,29.9203448,-95.4955296,Harris
La Vista,,,,mexican,29.8771219,-95.4127999,Harris
Jack in the Box,North Shepherd Drive,Houston,77088,burger,29.8697349,-95.4121848,Harris
Willie's,,,,american,29.9834954,-95.5679452,Harris
Little Woodrow's,,,,,30.0300764,-95.5998257,Harris
Charleys Philly Steaks,North Freeway,,,sandwich,29.9214916,-95.4134869,Harris
Cicis,North Freeway,Houston,,pizza;buffet,29.9221039,-95.4106256,Harris
,,,,mexican,29.8751522,-95.3673078,Harris
Big Burger V,,,,burger,29.8652114,-95.3646687,Harris
Church's Chicken,,,,chicken,29.9399736,-95.3839222,Harris
Starbucks,,,,coffee_shop,29.9679941,-95.5305272,Harris
Starbucks,Westheimer Road,Houston,77042,coffee_shop,29.7351975,-95.5679345,Harris
Pizza Hut,South Sam Houston Parkway East,Houston,77075,pizza,29.6022918,-95.2656937,Harris
Starbucks,South Sam Houston East Parkway,Houston,77075,coffee_shop,29.6024326,-95.2642795,Harris
Bouray’s PHO,,,,asian,29.7558874,-95.3702153,Harris
China King Buffet,,,,chinese,29.8477351,-95.3913926,Harris
Morton's The Steakhouse,,,,steak_house,29.7418547,-95.4617408,Harris
Burger King,Scott Street,Houston,77004,burger,29.7341927,-95.3485588,Harris
Church's Chicken,Gulf Freeway,Houston,77003,chicken,29.7365997,-95.347508,Harris
Hunt Brothers Pizza,,,,pizza,29.7966583,-95.2725671,Harris
Starbucks,Garth Road,Baytown,77521,coffee_shop,29.772226,-94.9759725,Harris
El Catrin Mexican Grill & Seafood,,,,seafood,30.0198634,-95.3804519,Harris
Jack in the Box,North Main Street,Highlands,77562,burger,29.8190365,-95.0575179,Harris
Laredo Taco Company,,,,mexican,29.8187117,-95.057088,Harris
Sonic,Main Street,Highlands,77562,burger,29.818135,-95.0570264,Harris
Sonic,East Sam Houston Parkway North,Houston,77015,burger,29.7901981,-95.1602851,Harris
Domino's,Woodforest Boulevard,Houston,77015,pizza,29.7911145,-95.1598351,Harris
Banana Leaf,Bellaire Boulevard,,77036,asian,29.7026096,-95.5531648,Harris
The Teahouse,Kirby Drive,Houston,77054,tea,29.6917716,-95.4131553,Harris
Liberty Taco,Old Spanish Trail,Houston,77054,tacos,29.6933944,-95.4120866,Harris
,,,,mexican,29.8710361,-95.282283,Harris
Subway,Patton,Houston,77009,sandwich,29.7978314,-95.3685468,Harris
Shake Shack,,,,burger,29.7591815,-95.3635376,Harris
Subway,San Jacinto Street,Houston,77004,sandwich,29.7300447,-95.3832818,Harris
Mendocino Farms,,,,sandwich,29.759611,-95.3625127,Harris
Asia Market Restaurant,,,,asian,29.8039163,-95.3682082,Harris
,,,,mexican,29.8647653,-95.4041427,Harris
Blue Water,,,,seafood,29.9750001,-95.5211475,Harris
Subway,FM 1960 East,Houston,77073,sandwich,30.020055,-95.3808483,Harris
Papa John's,FM 1960 Road East,Houston,77073,pizza,30.019931,-95.380859,Harris
Sichuan Pepper Express,Eastex Freeway,Houston,,,29.8687879,-95.3274492,Harris
Wild,,,,,29.8055874,-95.4105727,Harris
Voodoo Seafood,,,,seafood,29.7326634,-95.6243501,Harris
Urbe,Uptown Park Boulevard,Houston,77056,mexican,29.7563216,-95.457137,Harris
Texas Forever Cafe & Grill,,,,,29.7890711,-95.0913436,Harris
Barbar Mediterranean Grill,Westheimer Road,Houston,77063,mediterranean,29.7371532,-95.5069738,Harris
Jenni's Noodle House,,,,asian,29.8037177,-95.3920162,Harris
Perú Gourmet,South Post Oak Road,Houston,77035,peruvian,29.6633482,-95.4647604,Harris
Subway,West Little York,Houston,77040,sandwich,29.8663188,-95.4998534,Harris
,,,,mexican,29.8692263,-95.5367703,Harris
Subway,West Little York Street,Houston/5744 1,77091,sandwich,29.8635072,-95.4749848,Harris
Popeyes,Northwest Freeway,Houston,77040,chicken,29.8503908,-95.509289,Harris
Cicis,,,,pizza;buffet,29.8517512,-95.5029756,Harris
Domino's,Almeda Road,Houston,77054,pizza,29.6883783,-95.3911198,Harris
Abu Omar,Almeda Road,Houston,77054,arab;kebab,29.6916027,-95.3900074,Harris
Domino's,Chimney Rock Road,Houston,77035,pizza,29.6573526,-95.4775514,Harris
Wingstop,Spring Stuebner Road,Spring,77389,wings,30.0842708,-95.521493,Harris
Dripped Birria,Spring Stuebner Road,Spring,77389,mexican,30.084905,-95.5227882,Harris
Ichigo Curry and Ramen,Spring Stuebner Road,Spring,77389,,30.0849161,-95.5228571,Harris
Russo's New York Pizzaria,Spring Stuebner Road,Spring,77389,pizza,30.0849591,-95.5233422,Harris
Starbucks,,,,coffee_shop,29.537416,-95.1522759,Harris
Five Guys,Spring Stuebner Road,Spring,77389,burger,30.0856018,-95.5221083,Harris
Great American Cookies,,,,cookies,30.0856471,-95.5225813,Harris
Salata,Spring Stuebner Road,Spring,77389,salad,30.0856617,-95.5226536,Harris
Marco's Pizza,,,,pizza,30.0815697,-95.5207025,Harris
Sushi Haya,,,,sushi,30.0816412,-95.5207735,Harris
Smoothie King,,,,juice,30.081782,-95.5209166,Harris
Chicken Salad Chick,,,,chicken,30.0818295,-95.5209679,Harris
T. Jin China Diner,,,,chinese,30.0857494,-95.5236756,Harris
Potbelly,,,,sandwich,30.0857683,-95.5237687,Harris
Laredo Taco,Spring Stuebner Road,Spring,77389,mexican,30.0835412,-95.4767431,Harris
Mucho Mexico Cafe & Bakery,,,,,29.7733584,-95.2909709,Harris
Mucho Mexico Restaurant & Seafood Bar,,,,mexican;seafood,29.7730102,-95.2909426,Harris
Star Pizzeria,West Bellfort Avenue,Houston,77031,turkish;pizza,29.6523098,-95.5549858,Harris
The Taco Bar,,,,mexican,29.696021,-95.27838,Harris
Torchy's Tacos,Spring Stuebner Road,Spring,77389,mexican,30.0834356,-95.449323,Harris
Noe's Cafe,Spring Stuebner Road,Spring,77389,,30.0836055,-95.4485786,Harris
JINYA Ramen Bar,Spring Stuebner Road,Spring,77388,ramen,30.0839191,-95.4498287,Harris
CAVA,Spring Stuebner Road,Spring,77389,mediterranean,30.0843504,-95.4498539,Harris
Tarka Indian Kitchen,Spring Stuebner Road,Spring,77380,indian,30.0847226,-95.4499933,Harris
MOD Pizza,Spring Stuebner Road,Spring,77389,pizza,30.0850824,-95.4497207,Harris
Starbucks,Spring Stuebner Road,Spring,77389,coffee_shop,30.0851559,-95.4488333,Harris
Dandelion Cafe,Bellaire Boulevard,Bellaire,77401,american;coffee_shop,29.7051453,-95.4745482,Harris
Al Aseel Grill and Cafe,Richmond Avenue,Houston,77063,arab,29.7289197,-95.5143991,Harris
Zalat Pizza,West 20th Street,,,pizza,29.8037512,-95.4010999,Harris
Jamba,Spring Stuebner Road,Spring,77389,juice,30.0858336,-95.5244252,Harris
La Madeleine,North Grand Parkway West,Spring,77389,french,30.0873281,-95.5234657,Harris
Outback Steakhouse,North Grand Parkway,Spring,77389,american;steak,30.0872946,-95.5231814,Harris
The Toasted Yolk Cafe,North Grand Parkway West,Spring,77389,,30.0884377,-95.5220796,Harris
Chipotle,North Grand Parkway West,Spring,77389,mexican,30.088703,-95.5215858,Harris
Pho Viet & Grill,North Grand Parkway West,Spring,77389,vietnamese,30.0887378,-95.5215055,Harris
Bloofin Sushi,North Grand Parkway West,Spring,77389,sushi,30.088545,-95.5210542,Harris
Dutch Bros. Coffee,TX 249 Business,Tomball,77377,coffee_shop,30.0764324,-95.6286376,Harris
Casa do Brasil,Sage Road,Houston,77056,steak_house;brazilian,29.7373308,-95.4672722,Harris
Cinnaholic,North Grand Parkway West,Spring,77389,dessert,30.088888,-95.5205153,Harris
MOD Pizza,North Grand Parkway West,Spring,77389,pizza,30.0888114,-95.5204563,Harris
Starbucks,Highway 290,Cypress,77429,coffee_shop,29.9695042,-95.6962162,Harris
Five Guys,Northwest Freeway,Cypress,77429,burger,29.9700109,-95.693751,Harris
Costco Food Court,Richmond Avenue,Houston,77027-5802,hot_dog;pizza;sandwich,29.7339656,-95.4392848,Harris
Parrilla Colombiana,Bissonnet Street,Houston,77081,colombian,29.6967803,-95.4877275,Harris
La Sultana Panaderia y Pupuseria,Bissonnet Street,Houston,77081,salvadoran,29.6971344,-95.487726,Harris
The Afghan Village Resturant,Hillcroft Avenue,Houston,77081,afghan,29.7131603,-95.4942729,Harris
Buffet de Pupusas,Hillcroft Avenue,Houston,77081,salvadoran,29.7130995,-95.4941805,Harris
Chatt 'N Paan,Hillcroft Avenue,Houston,77081,indian,29.7139046,-95.4952424,Harris
Momo House,Hillcroft Street,Houston,77081,nepalese,29.7140008,-95.4951164,Harris
Taqueria El Palomo,Westheimer Road,Houston,77006,mexican,29.7444461,-95.3862311,Harris
168 Szechuan,South Post Oak Road,Houston,77035,chinese,29.6665904,-95.4628279,Harris
Dimassi's Mediterranean Buffet,Gulf Freeway Frontage Road,Webster,77598,mediterranean,29.5431111,-95.1388707,Harris
Shipley Do-Nuts,Washington Avenue,,,donut,29.771584,-95.4239024,Harris
Maderas - Kitchen & Cantina,Westheimer Road,Houston,77006,mexican,29.7449845,-95.3823374,Harris
CAVA,Washington Avenue,Houston,77007,mediterranean,29.7703263,-95.4012809,Harris
Pepperoni's,Montrose Boulevard,Houston,77006,pizza;wings,29.7452839,-95.391735,Harris
Mala Sichuan Bistro,North Shepherd Drive,Houston,77007,sichuan,29.7830635,-95.4083148,Harris
Burrito District,Kuykendahl Road,,,mexican,30.0981444,-95.5385998,Harris
Chicken 'n Grill,,,,chicken,29.6224978,-95.2200935,Harris
Aiko,Washington Avenue,,,japanese,29.7679696,-95.3775437,Harris
Taco Muy Bien,Spencer Road,Cypress,77433,mexican,29.8799439,-95.719896,Harris
Domino's,McKinney Street,Houston,77002,pizza,29.7572329,-95.3650506,Harris
Kale Me Crazy,West 18th Street,,,,29.8015295,-95.4105406,Harris
Teapresso Bar,West 18th Street,,,,29.8015295,-95.4108001,Harris
Kim's Tea House,South Mason Road,Katy,,bubble_tea,29.7604096,-95.7505189,Harris
Wingstop,South Post Oak Road Frontage Road,Houston,77096,wings,29.6720698,-95.4604869,Harris
H.S. Green,Richmond Avenue,Houston,77056,,29.7327131,-95.463989,Harris
Periodic Table,Hermann Park Drive,Houston,77030,sandwich,29.7222544,-95.3901149,Harris
Burger King,West Little York Road,Houston,77091-1123,burger,29.8636197,-95.47394,Harris
Laredo Taco Company,,,,mexican,29.8497411,-95.5626478,Harris
Laredo Taco Company,,,,mexican,29.9257533,-95.5245513,Harris
Cafe Hababi,Bintliff Drive,Houston,77074,pakistani,29.7070429,-95.5054669,Harris
Mendocino Farms,Morningside Drive,Houston,77005,sandwich,29.7161035,-95.4152848,Harris
HopDoddy,Morningside Drive,Houston,77005,burger;american,29.7162069,-95.4152792,Harris
Panda Express,,,,,29.98548,-95.3325585,Harris
Piola,South Voss Road,Houston,77057,pizza,29.751459,-95.4996573,Harris
Press Waffle Co.,Kuykendahl Road,Spring,77389,,30.1441918,-95.5519704,Harris
Postino,,,,,29.783077,-95.3985745,Harris
Spicy Girl,,,,asian,29.7389279,-95.3801327,Harris
Coastline Pizzeria,Houston Avenue,Houston,,pizza,29.7736098,-95.3722215,Harris
Cafe Brussels,Houston Avenue,Houston,77007,belgian,29.7735633,-95.3722189,Harris
Tamales Dona Tere,East Little York Road,Houston,,mexican,29.8696685,-95.3856348,Harris
Taco Bell,Yale Street,Houston,77008,tex-mex,29.8112502,-95.3997847,Harris
Halal Fried Chicken,Galveston Road,Webster,77598,burger;fried_chicken;wings,29.5658817,-95.1453412,Harris
E-Star Asian Buffet,Dacoma Street,Houston,,chinese,29.8098599,-95.4569007,Harris
Raising Cane's,West Airtex Boulevard,,77090,chicken,29.9819591,-95.4253608,Harris
Village Pizza & Seafood,,,,,29.5843542,-95.1471755,Harris
Jack in the Box,Howard Drive,Houston,77017,burger,29.676597,-95.266065,Harris
Laredo Taco Company,,,,mexican,29.6766722,-95.2675382,Harris
KFC,FM 2920,Spring,77388,chicken,30.0706718,-95.4477205,Harris
Long John Silver's,,,,seafood,30.0706693,-95.4477617,Harris
Big City Wings,Kuykendahl Road,Spring,77389,chicken,30.077542,-95.5151832,Harris
Laredo Taco Company,,,,mexican,29.8297884,-95.3555029,Harris
Tony's,Ella Boulevard,Houston,77008,mexican,29.8064293,-95.4288419,Harris
MOD Pizza,Clear Lake City Boulevard,Houston,77059,pizza,29.6041464,-95.1271329,Harris
Akashi,,,,japanese,29.6059794,-95.1236406,Harris
Pizza Hut,Clear Lake City Boulevard,Houston,77062,pizza,29.5918556,-95.1399109,Harris
Waffle House,,,,american,29.6528127,-95.2494927,Harris
DQ Grill & Chill,College Street,Houston,77017-7003,ice_cream;burger,29.6525469,-95.2499755,Harris
The Crawfish Pot & Oyster Bar,,,,seafood,29.6515237,-95.2515419,Harris
Le Jardinier,,,,,29.7265498,-95.3900365,Harris
Cafe Leonelli,,,,,29.7263099,-95.3899138,Harris
Subway,Bayport Boulevard,Seabrook,77586,sandwich,29.5900095,-95.0277605,Harris
Merlion,,,,thai,29.5605087,-95.0214811,Harris
Burger King,Fuqua,Houston,77089-2510,burger,29.6127932,-95.2230064,Harris
Subway,Fuqua,Houston,77089,sandwich,29.6137939,-95.2196722,Harris
Cicis,,,,pizza;buffet,29.6137683,-95.2197701,Harris
Marina Seafood Kitchen,,,,seafood,29.6139817,-95.219754,Harris
China King,,,,chinese,29.6143781,-95.2199377,Harris
Taco Bell,Market Place Drive,Katy,77494,tex-mex,29.781799,-95.8033535,Harris
Papa John's,Bay Area Boulevard,Houston,77058,pizza,29.5547788,-95.1193736,Harris
CANA Tea & Coffee,El Camino Real,Houston,77058,bubble_tea;asian_snacks,29.5548605,-95.1186709,Harris
Fajita Pete's,,,,mexican,29.5548535,-95.1183812,Harris
Gatti's Pizza,,,,pizza,29.5561968,-95.1205015,Harris
Dumpling World - Clear Lake,El Camino Real,,77062,chinese,29.5560323,-95.1218238,Harris
Sawa,,,,mediterranean,29.5562878,-95.1220558,Harris
Starbucks,Pearland Parkway,Houston,77075,coffee_shop,29.5991772,-95.2658584,Harris
Überrito Mexican Grill,FM 1960 East,,,mexican,29.9994022,-95.1713104,Harris
MOD Pizza,FM 1960 East,Humble,77346,pizza,29.998908,-95.1722018,Harris
Marco's Pizza,,,,pizza,29.6069864,-95.1245926,Harris
Jersey Mike's Subs,,,,sandwich,29.6060618,-95.1237263,Harris
Laredo Taco Company,,,,tex-mex,30.069896,-95.4759899,Harris
,,,,mexican,29.8087099,-95.4096213,Harris
CoCo Crepes & Coffee,Gray Street,,,crepe,29.7522625,-95.3777828,Harris
Panda Express,East Freeway,Houston,77015,chinese,29.7719216,-95.1860449,Harris
Blue Tile Coffee,Washington Avenue,Houston,,coffee_shop,29.7682028,-95.3966542,Harris
La Sicilia,Westheimer Road,Houston,77006,,29.7442106,-95.3880975,Harris
Poké in the Bowl,Westheimer Road,Houston,77006,seafood,29.7442081,-95.3881812,Harris
Pappa Geno's,Westheimer Road,Houston,77006,sandwich,29.744205,-95.3882852,Harris
Pepe's Taqueria,Quitman Street,Houston,77009,mexican,29.7815717,-95.3594187,Harris
Victor's Deli & Restaurant,4710 Farm to Market 1960 Rd W,Houston,77069,breakfast,29.9861169,-95.5020188,Harris
Underground Hall,Prairie Street,Houston,77002,,29.7603862,-95.3615978,Harris
Figata,Prairie Street,Houston,77002,italian;pizza,29.760351,-95.361675,Harris
Bunslut,Prairie Street,Houston,77002,burger;american,29.7603923,-95.3617094,Harris
Luv'em Leches,Prairie Street,Houston,77002,cake;dessert,29.760373,-95.3616479,Harris
Bird Haus Hot Chicken,Prairie Street,Houston,77002,american,29.7604022,-95.3618045,Harris
Birria Los Primos,Prairie Street,Houston,77002,mexican;tex-mex,29.7603787,-95.361766,Harris
Wokker Underground,Prairie Street,Houston,77002,asian,29.7603581,-95.3617267,Harris
The Monk's Kitchen,Heights Boulevard,Houston,,chinese;indian,29.771621,-95.3967694,Harris
Long Coffee,Bellaire Boulevard,Houston,77072,,29.7035385,-95.5686011,Harris
Tony Thai Restaurant,Bellaire Boulevard,Houston,77072,thai,29.702649,-95.5693968,Harris
Kravin Fruit Bar,Bellaire Boulevard,Houston,77072,bubble_tea,29.7030037,-95.5697049,Harris
Phở 54,Bellaire Boulevard,Houston,77072,vietnamese,29.7031491,-95.5697013,Harris
Phở Bình,Bellaire Boulevard,Houston,77072,vietnamese,29.7034734,-95.5702876,Harris
Hangout Fruit Juices & Bites,Bellaire Boulevard,Houston,77072,coffee_shop;bubble_tea;juice;snack,29.7026243,-95.5691578,Harris
Nem Houston,Bellaire Boulevard,Houston,77072,vietnamese,29.7026743,-95.5690552,Harris
My Baguettes,Bellaire Boulevard,Houston,77072,vietnamese,29.7026718,-95.5687121,Harris
Teaholic,Bellaire Boulevard,Houston,77072,coffee_shop;bubble_tea;snack,29.7026668,-95.5685952,Harris
Bambu,Bellaire Boulevard,Houston,77072,vietnamese;bubble_tea,29.702661,-95.5684706,Harris
Ramen Okidoki & Lims Chicken,Bellaire Boulevard,Houston,77072,japanese;ramen;chicken,29.7028783,-95.5681524,Harris
Kim Sơn,Bellaire Boulevard,Houston,77072,vietnamese;chinese;seafood,29.7030951,-95.5681432,Harris
Mango Mango,Bellaire Boulevard,Houston,77072,dessert,29.7032536,-95.5681557,Harris
Zero Degrees,Bellaire Boulevard,Houston,77072,asian_fusion,29.7035207,-95.5681235,Harris
Star Grill & More,Dixie Farm Road,Houston,77034,halal,29.5941702,-95.1802015,Harris
Señor Taco,,,,mexican,29.8136816,-95.4584896,Harris
Top Donuts,Kuykendahl Road,Spring,77379,donut,30.0756177,-95.5156119,Harris
Subway,Washington Avenue,Houston,77007,sandwich,29.7706931,-95.4113571,Harris
Soma Sushi,Washington Avenue,Houston,,sushi,29.7707787,-95.4101095,Harris
Zalat Pizza,Washington Avenue,Houston,,pizza,29.7710235,-95.4098841,Harris
Pizza Love,,,,pizza,29.7420679,-95.3905746,Harris
Main Bird Hot Chicken,,,,chicken,29.7421284,-95.3905749,Harris
Lao Sze Chuan,,,,chinese,29.7419044,-95.3909165,Harris
Rakkan Ramen,,,,ramen,29.7374599,-95.5613926,Harris
MOD Pizza,Katy Freeway,Houston,77055,pizza,29.7856722,-95.5359765,Harris
Chuy's,,,,tex-mex,29.7855216,-95.5366432,Harris
Summit Donuts,,,,donut,29.795294,-95.4856226,Harris
,,,,italian,29.5367127,-95.1494149,Harris
Blaze Pizza,,,,pizza,29.5377637,-95.1498188,Harris
Starbucks,West Bay Area Boulevard,Webster,77598,coffee_shop,29.5374128,-95.1522573,Harris
Little Caesars,,,,pizza,29.8808762,-95.6860325,Harris
Starbucks,North Terminal Road,Houston,77032,coffee_shop,29.985671,-95.3383507,Harris
Kura Sushi,Main Street,,,sushi,29.7396837,-95.3788841,Harris
Mini Pancakes Refresqueria,North Freeway,,,mexican,29.9223152,-95.4139588,Harris
Arby's,North McCarty Drive,Houston,77013,sandwich,29.7984947,-95.2691459,Harris
The Pho Vietnamese Kitchen,"14243 East Sam Houston Pkwy N, #900",Houston,77044,vietnamese,29.9271781,-95.2032431,Harris
Hủ Tíu Mì S.45,Scarsdale Boulevard,Houston,77089,vietnamese,29.5856279,-95.2108698,Harris
Subway,Bagby Street,Houston,77006,sandwich,29.7496595,-95.3778763,Harris
Hải Cảng,Bellaire Boulevard;Đại Lộ Sàigòn,Houston,77072,seafood,29.704939,-95.585817,Harris
Mia & More,Bellaire Boulevard;Đại Lộ Sàigòn,Houston,77072,juice,29.7048507,-95.584132,Harris
Kendra's Cook'n,Gray Street,Houston,77002,,29.7524657,-95.3779704,Harris
Minuti Coffee,Gray Street,Houston,77002,,29.752515,-95.3781153,Harris
The Fish,,,,seafood,29.7523902,-95.3772061,Harris
Zalat Pizza,Gray Street,Houston,,pizza,29.7507561,-95.3755006,Harris
Gyu-Kaku,Gray Street,Houston,77002,japanese;barbecue,29.7506279,-95.3753083,Harris
The Hot Bagel Shop,,,,,29.7472741,-95.4103502,Harris
Don Cafe,Bellaire Boulevard,Houston,77036,vietnamese,29.7053185,-95.5476827,Harris
7 Spice Cajun Seafood,,,,,29.9369075,-95.2490415,Harris
Dumpling King,Westheimer Road,Houston,77057,chinese,29.7371897,-95.499827,Harris
PrimoHoagies,Washington Avenue,Houston,77007,sandwich;italian,29.7697345,-95.4012695,Harris
Subway,Aldine Westfield Road,Houston,77039,sandwich,29.9008975,-95.355638,Harris
Papa John's,Aldine Westfield Road,Houston,77039,pizza,29.9008209,-95.3556416,Harris
Tortilleria La Familia,Aldine Westfield Road,,,mexican,29.9006994,-95.3556393,Harris
Roostar Vietnamese Grill,Gessner Road,,77080,vietnamese,29.7956679,-95.5452409,Harris
Domino's,Aldine Westfield Drive,Humble,77338,pizza,30.0137768,-95.3773232,Harris
Shipley Do-Nuts,,,,donut,30.019853,-95.4295867,Harris
Cicis,,,,pizza;buffet,30.020295,-95.4302591,Harris
Slowpokes,Richmond Avenue,,77098,,29.733355,-95.4226478,Harris
Don Juan Pupuseria y Restaurante,,,,mexican,29.8499496,-95.2228755,Harris
,,,,mexican,29.8489168,-95.223746,Harris
Hooters,Tomball Parkway,Houston,,burger,29.9571901,-95.5449632,Harris
Shiva Indian Restaurant,Buffalo Speedway,Houston,,indian,29.7265671,-95.4282694,Harris
Starbucks,Buffalo Speedway,Houston,77005,coffee_shop,29.7274521,-95.4308073,Harris
Bombay Palace,,,,indian,29.770459,-95.7499755,Harris
Koldprezz,South Mason Road,Katy,,juice,29.7706685,-95.750131,Harris
La Real Tortilleria,,,,mexican,29.7708485,-95.7512046,Harris
Home Run Dugout,Grand Boulevard West,Katy,77449,american,29.7889282,-95.768389,Harris
Tic Tac Thai,FM 2920,Spring,77388,thai;asian,30.0709796,-95.4707356,Harris
Little Caesars,,,,pizza,29.7768372,-95.3078696,Harris
Starbucks,Avenida de Las Americas,Houston,77010,coffee_shop,29.7508067,-95.3586479,Harris
Pappadeaux Seafood Kitchen,,,,seafood,29.7505489,-95.3592042,Harris
Saltgrass Steak House,,,,steak_house,29.7536618,-95.3570282,Harris
Banh Mi N More,Northwest Freeway,Houston,77092,vietnamese,29.8133012,-95.4605904,Harris
Wingstop,West 34th Street,Houston,77092,wings,29.8191066,-95.4654715,Harris
Little Caesars,West 34th Street,Houston,,pizza,29.8191065,-95.4652535,Harris
Qilu Beef Soup,,,,chinese,29.7058121,-95.5472455,Harris
Liberty Taco,Kingsride Lane,,,mexican,29.7787494,-95.5463955,Harris
Zalat Pizza,,,,pizza,29.778738,-95.545962,Harris
Abasolo #2 Restaurant,North Main Street,,,mexican,29.7761058,-95.3609277,Harris
Pizza Hut,FM 529,Katy,77493,pizza,29.874558,-95.7892482,Harris
Domino's,Antoine Drive,Houston,77088,pizza,29.866449,-95.4723427,Harris
Happy Family Chinese Buffet,FM 1960 East,,,chinese,30.0210846,-95.3781253,Harris
Tia Maria's,Dacoma Street,,,mexican,29.8070386,-95.4576941,Harris
Laredo Taco Company,,,,mexican,29.802666,-95.4757755,Harris
Domino's,Spring Stuebner Road,Spring,77388,pizza,30.0825469,-95.4483711,Harris
Dunkin',Spring Stuebner Road,Spring,77388,donut;coffee_shop,30.0825566,-95.4478195,Harris
Charm Thai Bistro,,,,thai,30.0825518,-95.4481354,Harris
The Brass Monkey Bar & Grill,,,,,29.8159225,-95.4581311,Harris
Abu Omar Halal,Texas Avenue,,,greek,29.7600821,-95.3622068,Harris
Little New Orleans,Texas Avenue,,,,29.7601535,-95.3621461,Harris
Lone Star Taco,Texas Avenue,,,mexican,29.7600179,-95.3622477,Harris
Taco Bell,FM 529 Road,Houston,77095,tex-mex,29.8786799,-95.6798465,Harris
Shogun Japanese Grill & Sushi,FM 2920,Spring,,japanese,30.0733531,-95.5121152,Harris
Kolache Factory,FM 2920,Spring,,,30.0736355,-95.5118164,Harris
Nadia's Mediterranean Grill,FM 2920,Spring,,,30.0736444,-95.5106292,Harris
Tropical Smoothie Cafe,FM 2920,Spring,,juice,30.0736463,-95.5106893,Harris
,,,,mexican,29.9027246,-95.4659904,Harris
Las Carnitas Ceibeñas,,,,mexican,29.9033435,-95.3321557,Harris
Waffle Bus,West Alabama Street,Houston,77006,american,29.738885,-95.399097,Harris
Lúa Viet Kitchen,West Alabama Street,Houston,77006,vietnamese,29.7388879,-95.3987664,Harris
Wendy's,Patton Street,Houston,77009,burger,29.7974776,-95.3699551,Harris
Chipotle,Highway 6 North,Houston,77084,mexican,29.876925,-95.6458242,Harris
Jersey Mike's Subs,,,,sandwich,29.8769639,-95.645927,Harris
Mama Juanita's,,,,mexican,30.0479396,-95.4759642,Harris
Hunam Garden,,,,chinese,30.0481331,-95.475613,Harris
McDonald's,Will Clayton Parkway,Humble,77346,burger,29.9811055,-95.1647525,Harris
Taco Bell,Barker Cypress,Houston,77084,tex-mex,29.7872316,-95.6879589,Harris
The Wooden Spoon Kitchen and Bakery,South Broadway Street,La Porte,77571,,29.6515559,-95.0181526,Harris
,Barker Cypress Road,,,bubble_tea,29.811641,-95.6877898,Harris
Waffle House,,,,american,30.044531,-95.481956,Harris
Salata,,,,,30.0661118,-95.4379349,Harris
Dickey's Barbecue Pit,,,,barbecue,30.0650701,-95.4403479,Harris
Pizza Hut Express,Westheimer Road,Houston,77063,pizza,29.7346916,-95.5173765,Harris
Texas Mesquite Grill,,,,,29.9801904,-95.7172251,Harris
Marco's Pizza,,,,pizza,29.9800665,-95.7160424,Harris
Albi,,,,,29.7527118,-95.4061913,Harris
Noon Mirch,East NASA Parkway,Webster,77598,indian,29.5411494,-95.1142566,Harris
Checkers,,,,burger,29.5433726,-95.1116181,Harris
Pho Barr,East NASA Parkway,Webster,77598,vietnamese,29.5454467,-95.1093781,Harris
Raising Cane's,,,,chicken,29.5749529,-95.1086883,Harris
The Cookshack,,,,american,29.5483663,-95.1299522,Harris
Remton,,,,asian;vietnamese,29.5488481,-95.1303995,Harris
Thai Spice Rice & Noodle,,,,thai,29.5479101,-95.130839,Harris
Bonchon Chicken,,,,chicken;korean;sushi,29.5477489,-95.1310737,Harris
Kung Fu Tea,,,,bubble_tea,29.5474597,-95.1314859,Harris
Firehouse Subs,,,,sandwich,29.5474089,-95.131563,Harris
Chipotle,West Bay Area Boulevard,Webster,77598,mexican,29.5476277,-95.1312542,Harris
Stomp's Burger Joint,,,,american,29.5478314,-95.1309683,Harris
Pizza Hut,West Bay Area Boulevard,Webster,77598,pizza,29.5480678,-95.1288155,Harris
Cafe Dew,,,,,29.5480327,-95.1288813,Harris
Chloe's Cajun Market,,,,cajun,29.5479387,-95.1290072,Harris
Samurai Japanese Steak & Sushi,,,,japanese,29.5476667,-95.1294152,Harris
Go Shabu,,,,chinese,29.5571384,-95.121377,Harris
Taqueria Los Charros (Food Truck),,,,mexican,29.5542322,-95.1215913,Harris
Cheba Hut,Dacoma Street,Houston,,sandwich,29.8085617,-95.4555579,Harris
Arby's,FM 2920,Waller,77484,sandwich,30.0644495,-95.9057012,Harris
Wendy's,Barker Cypress Road,Houston,77084,burger,29.8129101,-95.6861485,Harris
Petatlan Taqueria & Ice Cream,,,,mexican,29.8354142,-95.6513428,Harris
Viva Goa Cuisine,,,,,29.8679419,-95.4143843,Harris
Boudreaux's Cajun Kitchen,Tomball Parkway,Houston,,cajun,29.9570923,-95.5448449,Harris
Cheba Hut,Edwards Street,,,sandwich,29.7712212,-95.3804229,Harris
Torogoz Salvadorian Kitchen,West 43rd Street,Houston,77092,salvadoran,29.8336929,-95.48554,Harris
Collina's Italian Cafe,,,,italian,29.8024618,-95.406115,Harris
Starbucks,,,,coffee_shop,29.7447001,-95.3806504,Harris
Chipotle,FM 1960 Bypass Road West,Humble,77338,mexican,30.0058278,-95.2692918,Harris
DeNovo Coffee,,,,coffee_shop,30.0417503,-95.4886905,Harris
Starbucks,Kuykendahl,Spring,77379,coffee_shop,30.0398607,-95.488668,Harris
Church's Chicken,West Greens Road,Houston,77060,chicken,29.9497158,-95.4184246,Harris
Clay Pot Kitchen - Cơm Niêu Houston,Bellaire Blvd,Houston,77072,vietnamese,29.7042284,-95.6126284,Harris
Center Court Pizza & Brew,West Lake Houston Parkway,,,pizza,30.011488,-95.1799967,Harris
Sunrise Donuts & Kolaches,West Lake Houston Parkway,,,,30.0116436,-95.1801474,Harris
Azul Agave,,,,tex-mex,30.0117068,-95.1802065,Harris
Di Maria,West Lake Houston Parkway,,,,30.011237,-95.1798206,Harris
Domino's,FM 2920,Spring,77379,pizza,30.0733883,-95.5134557,Harris
El Gato Coffee House,Pecore Street,Houston,77009,,29.7904762,-95.3767655,Harris
Uberrito,,,,mexican,29.9788084,-95.5138525,Harris
Domino's,FM 1960 Road West,Houston,77069,pizza,29.9789118,-95.5136226,Harris
JINYA Ramen Bar,,,,ramen,29.9831986,-95.5076258,Harris
MOD Pizza,Farm,Houston,77069,pizza,29.9814535,-95.5092518,Harris
The Teahouse,,,,bubble_tea,29.9803909,-95.5105259,Harris
Jason's Deli,,,,sandwich,29.9799379,-95.5115105,Harris
Tropical Smoothie Cafe,,,,juice,29.9798634,-95.511765,Harris
First Watch,,,,american;breakfast,29.9795807,-95.5123476,Harris
La Madeleine,,,,french,29.9792858,-95.5124143,Harris
Kim's Teahouse,North Highway 6,Houston,77084,bubble_tea,29.8593332,-95.6458478,Harris
Starbucks,Champion Forest Drive,Spring,77379,coffee_shop,30.0029558,-95.5318958,Harris
Miyazaki Sushi & Ramen,,,,sushi,30.0034138,-95.5325758,Harris
Kumo Sushi,FM 1960 W,Houston,77069,sushi;hibachi,29.9685297,-95.5325967,Harris
Your Cup Of Tea & Trésors,Fondren Road,,,,29.7387755,-95.5224454,Harris
Citadel BBQ,Dallas Street,,,barbecue,29.7566244,-95.3674383,Harris
Zero's Sandwich Shop,Dallas Street,,,sandwich,29.7579705,-95.3698604,Harris
Marco's Pizza,,,,pizza,30.1307159,-95.5542964,Harris
Shipley Do-Nuts,,,,donut,30.1305796,-95.554305,Harris
Golden Chick,,,,chicken,30.0726939,-95.4240191,Harris
Los Cucos Mexican Cafe,North Sam Houston Parkway East,,77396,mexican,29.9336303,-95.2480695,Harris
Wendy's,Greens Road,Houston,77060,burger,29.9500088,-95.4130051,Harris
Jack in the Box,Greens Road,Houston,77060,burger,29.9501247,-95.4126044,Harris
China One,Greens Road,,77060,chinese,29.9512001,-95.4084118,Harris
Dripped Birria,Bagby Street,,,mexican,29.7484284,-95.3783271,Harris
First Watch,FM 2920,,,american;breakfast,30.0886068,-95.6333447,Harris
Laredo Taco Company,,,,tex-mex,29.8969955,-95.4582254,Harris
Baressito,,,,,29.8601862,-95.4018888,Harris
Coral Sword,,,,,29.7307101,-95.3273899,Harris
Laredo Taco Company,,,,tex-mex,29.7859945,-95.6875709,Harris
,,,,,29.7859665,-95.6871133,Harris
,,,,,29.786215,-95.6868598,Harris
,,,,,29.7862301,-95.6871951,Harris
Chipotle,Tomball Parkway,Houston,77086,mexican,29.9116247,-95.4818591,Harris
The Taco Bar,,,,mexican,29.9359276,-95.5165575,Harris
Pizza Patron,,,,pizza,29.7872897,-95.1253807,Harris
Starbucks,Westheimer,Houston,77056,coffee_shop,29.7391079,-95.4642,Harris
Auntie Anne's,,,,pretzel,29.7391588,-95.4643402,Harris
Sushigami,,,,sushi,29.739244,-95.462981,Harris
La Madeleine French Café,,,,french,29.7393802,-95.4630258,Harris
,,,,,29.8289974,-95.3953126,Harris
El Cochito,Sheldon Road,,,mexican,29.7864979,-95.1252968,Harris
Wingstop,Sheldon Road,Channelview,77530,wings,29.7787053,-95.125907,Harris
Casa Bakery & Restaurant,Hogan Street,,77009,mexican,29.7771486,-95.3581633,Harris
Domino's Pizza,Woodforest Boulevard,Houston,77015,pizza,29.7909394,-95.2001933,Harris
McDonald's,East Freeway,Houston,77015,burger,29.768493,-95.177079,Harris
Bombshells,East Freeway,,77015,grill,29.7688422,-95.1795387,Harris
EKO African Market and Kitchen,,,,,29.8354662,-95.6468897,Harris
Taqueria El Regio,Freeport Street,,77015,chicken;mexican,29.7712442,-95.1781297,Harris
Tim Hortons,Northwest Freeway,Houston,77040-6006,coffee_shop,29.8499539,-95.5097565,Harris
Fuzzy's Taco Shop,,,,mexican,30.0805252,-95.5195744,Harris
Fuhgedaboudit Bagel Company,Kuykendahl Road,Spring,77379,bagel,30.0804343,-95.5194806,Harris
Pizza Hut,Kuykendahl Road,Spring,77389,pizza,30.0803273,-95.5193703,Harris
Red Robin,,,,burger,30.0800533,-95.5190855,Harris
Wacky Mongolian Grill,Kuykendahl Road,Spring,77379,mongolian_grill,30.0773432,-95.5149846,Harris
Papa John's,Kuykendahl Road,Spring,77379,pizza,30.0759327,-95.5160209,Harris
Subway,Kuykendahl Road,Spring,77379,sandwich,30.0758908,-95.5160209,Harris
Popeyes,Bellaire Boulevard,Houston,77081,chicken,29.7051108,-95.4811775,Harris
MOD Pizza,Bellaire Boulevard,Bellaire,77401,pizza,29.7051242,-95.4690945,Harris
Crumbl Cookies,,,,,29.7051269,-95.4689363,Harris
Salata,South Rice Avenue,Bellaire,77401,salad,29.7047501,-95.4683614,Harris
Domino's,Bissonnet Street,Bellaire,77401,pizza,29.7066059,-95.4708293,Harris
,,,,barbecue,29.7075356,-95.467789,Harris
Cicis,,,,pizza;buffet,29.6897599,-95.5354963,Harris
Revolucion Coffee + Juice,West 11th Street,,,,29.7902569,-95.4092664,Harris
The Teahouse,,,,bubble_tea,29.7053736,-95.5449389,Harris
Tacocina,,,,mexican,29.8966446,-95.495034,Harris
,,,,mexican,29.9059681,-95.4953087,Harris
Phánh Ky Asian Noodle House,,,,noodle,29.911923,-95.4840333,Harris
Pho Saigon Vietnamese Noodle House,,,,vietnamese,29.9118937,-95.4841346,Harris
M Tea & Coffee,,,,,29.9118502,-95.4842849,Harris
Tacos El Bigotes,,,,mexican,29.9117927,-95.4844968,Harris
Charleys Philly Steaks,,,,sandwich,29.9124272,-95.4834773,Harris
Jamba,West Road,Houston,77086,juice,29.9124756,-95.4832386,Harris
Dunkin',Tomball Parkway,Houston,77086,donut;coffee_shop,29.9123494,-95.4829172,Harris
Rakkan Ramen,,,,ramen,29.9111638,-95.4821329,Harris
Krazy Dog Korean Hot Dog,,,,korean,29.911202,-95.4822013,Harris
Nguyen Kitchen Vietnamese Cuisine,,,,vietnamese,29.9112556,-95.4822779,Harris
Jersey Mike's Subs,,,,sandwich,29.9113002,-95.482355,Harris
Gong Cha,,,,chinese,29.9114651,-95.4826247,Harris
7 Spice Cajun Seafood,,,,seafood,29.9115467,-95.4827211,Harris
Cinnabon,,,,dessert,30.087364,-95.6324441,Harris
Smoothie King,,,,juice,29.9119022,-95.4819903,Harris
Ostioneria Michoacan,,,,seafood,29.916793,-95.490459,Harris
Bonjour Cafe,,,,,29.7755802,-95.7342514,Harris
Taco Cabana,,,,mexican,29.83149,-95.5647818,Harris
Starbucks,West Sam Houston Parkway North,Houston,77043,coffee_shop,29.8311102,-95.5647724,Harris
Golden Chick,,,,chicken,29.6859113,-95.3544121,Harris
Salata,Briar Forest Drive,Houston,77077,salad,29.7556707,-95.6260394,Harris
Teriyaki Madness,Briar Forest Drive,Houston,77077,,29.7560206,-95.6260481,Harris
Cataula Creek,U.S. Hwy 27,Cataula,31804,american,32.617496,-84.9068408,Harris
Little Caesars,,,,pizza,29.6901249,-95.5014815,Harris
Canary Coffee House,Montrose Boulevard,,77006,coffee_shop,29.7513068,-95.3917117,Harris
La Griglia,West Dallas Street,Houston,77019,italian,29.7572102,-95.3954116,Harris
Katami,West Dallas Street,Houston,77019,japanese,29.7572631,-95.3950421,Harris
City Cafe,College Avenue,South Houston,77587,diner,29.6626207,-95.2365993,Harris
Malenee Donuts,,,,donut,29.6621866,-95.2353078,Harris
El Pulgarcito de America,,,,salvadoran,29.6623253,-95.2354271,Harris
Subway,Clear Lake City Boulevard,Houston,77059,sandwich,29.6050606,-95.1255723,Harris
Taqueria de Jalisco,,,,mexican,29.6592552,-95.2108383,Harris
China River,,,,chinese,29.6643351,-95.2097064,Harris
Massaya,Westheimer Road,Houston,77063,arab;mediterranean,29.7368448,-95.5137528,Harris
MOD Pizza,FM 1960 Bypass Road,Humble,77338,pizza,30.0055335,-95.2803812,Harris
Texas Hamburger Palace,,,,burger,29.7181902,-95.5483463,Harris
Panda Express,Westheimer Road,Houston,77063,chinese,29.7380997,-95.5133848,Harris
Komeya,,,,japanese,29.5774255,-95.122519,Harris
Art of Coffee,,,,coffee_shop,29.5773625,-95.1225593,Harris
Domino's,El Dorado Boulevard,Houston,77062,pizza,29.5772086,-95.1226397,Harris
Shipley Do-Nuts,,,,donut,29.5770103,-95.1227443,Harris
The Bep,,,,bubble_tea,30.0197904,-95.3808077,Harris
Feng Cha,Katy Freeway,Houston,77094,bubble_tea;dessert,29.784326,-95.7037268,Harris
Dimassi's Mediterranean Buffet,Katy Freeway,Houston,77094,mediterranean,29.7843211,-95.703556,Harris
,,,,donut,29.8403937,-95.4292836,Harris
Maria's Tacos And More,,,,mexican,29.8404687,-95.4292737,Harris
Wokker,Airline Drive,Houston,,noodle,29.8046415,-95.3815683,Harris
Mike's Seafood,,,,seafood,29.8801037,-95.7214277,Harris
Luna Pizzeria,Westheimer Road,Houston,77063,pizza,29.7371985,-95.5039659,Harris
Domino's,Wirt Road,Houston,77055,pizza,29.7955568,-95.4853929,Harris
Wingstop,Wirt Road,Houston,77055,wings,29.7955487,-95.4855849,Harris
Underbelly Burger,,,,burger,29.7919063,-95.5393157,Harris
California Pizza Kitchen,,,,pizza,29.7809922,-95.5426886,Harris
Flying Biscuit Cafe,,,,,29.7787173,-95.5469427,Harris
Michys Chino Boricua,Katy Fort Bend Road,Katy,,puerto_rican;asian,29.7866721,-95.8008105,Harris
Buffetopia,FM 1960 Bypass Road West,,,seafood;asian;sushi,30.0040937,-95.2735755,Harris
Michys Chino Boricua,Greenhouse Road,Houston,,asian;puerto_rican,29.7979537,-95.703416,Harris
La Calle,,,,mexican,29.7518766,-95.3763204,Harris
Sazon List Abuelos,,,,mexican,29.9972687,-95.4081457,Harris
Golden Chick,West Parker Road,,,chicken,29.8591164,-95.4008848,Harris
The Bayou Cajun Cafe,,,,,30.0217077,-95.5709368,Harris
Crust Pizza Company,Spring Cypress Road,,,pizza,30.0346844,-95.555957,Harris
Caddy Shack Bistro,Spring Cypress Road,,,,30.0347811,-95.5558882,Harris
Freebirds,,,,mexican,30.0124682,-95.5891447,Harris
Scooter's Coffee,,,,coffee_shop,30.0269348,-95.5627226,Harris
Alicia's Tamale Kitchen,,,,mexican,29.8158822,-95.361521,Harris
Oui Banh Mi,Richmond Avenue,Houston,77006,vietnamese,29.7341655,-95.39972,Harris
Texas Pizza & Grill,,,,pizza,29.7339689,-95.4066066,Harris
Starbucks,Main Street,Houston,77002,coffee_shop,29.7585614,-95.3634418,Harris
Alma Latina,,,,seafood,29.8696785,-95.3858424,Harris
,,,,mexican,29.8894158,-95.4080565,Harris
Subway,West Mount Houston,Houston,77037,sandwich,29.8986598,-95.411106,Harris
Church's Chicken,,,,chicken,29.8987095,-95.4114616,Harris
Popeyes,FM 1960 Road West,Houston,77090,chicken,30.0159914,-95.4453837,Harris
KFC,Cypress Creek Parkway,Houston,77090,chicken,30.0134117,-95.4511665,Harris
Subway,,Spring,77373,sandwich,30.0704062,-95.4075757,Harris
Jack in the Box,Aldine Westfield Road,Spring,77373,burger,30.0713879,-95.4087068,Harris
Sonic,Aldine Westfield,Spring,77373,burger,30.0729503,-95.409758,Harris
Starbucks,Tomball Parkway,Houston,77070,coffee_shop,29.9792455,-95.5677275,Harris
TJ Birrias Y Mas,,,,mexican,29.8045056,-95.4125892,Harris
Taqueria El Novillo,,,,mexican,29.7764515,-95.3611691,Harris
Jersey Mike's Subs,Bellaire Boulevard,Bellaire,77401,sandwich,29.7051207,-95.4693759,Harris
Sumo Sushi,,,,sushi,29.9153713,-95.6139392,Harris
La Madeleine,,,,french,29.9155248,-95.6140271,Harris
JuiceLand,,,,juice;smoothie,29.7051256,-95.4690123,Harris
Toasted Yolk,,,,,29.7051308,-95.468711,Harris
Starbucks,FM 529,Katy,77493,coffee_shop,29.8728502,-95.7590058,Harris
Texas Buffet,,,,,29.87958,-95.6557666,Harris
3D's Krazy Kitchen,,,,,29.8826722,-95.6839147,Harris
Schlotzsky's,,,,sandwich,30.0874353,-95.6324545,Harris
Ye's Ichiban Steakhouse and Sushi,Spencer Road,Houston,77095,sushi,29.8801973,-95.6411375,Harris
Empire Pizza,,,,pizza,29.7358921,-95.5861483,Harris
Domoishi,,,,japanese,29.7360936,-95.5860008,Harris
Chipotle,Westheimer Road,Houston,77077,mexican,29.7360894,-95.5860617,Harris
Daddy's Pizza,Antoine Drive,,,pizza,29.8380792,-95.4736195,Harris
San Dong Noodle House,,,,chinese,29.7052876,-95.5554666,Harris
85°C,,,,coffee_shop;chinese,29.7051435,-95.5526945,Harris
Hokkaido,Bellaire Boulevard,Houston,77036,sushi,29.7056946,-95.543714,Harris
Hong Kong's Cafe,Bellaire Boulevard,Houston,77036,chinese,29.7056424,-95.5436601,Harris
Tapioca House,Bellaire Boulevard,Houston,77036,bubble_tea,29.7055447,-95.543654,Harris
Hungry Howie's,,,,pizza,29.9016294,-95.5533094,Harris
Ron's Hamburgers & Chil,FM 2920,Tomball,77377,american,30.0878909,-95.6391583,Harris
Buffalo Wild Wings,,,,wings,30.0881123,-95.6381037,Harris
Hong Kong Chinese Restaurant,FM 2920,Spring,77388,chinese,30.0715858,-95.4856428,Harris
Bluewater Seafood,FM 2920,Spring,77388,seafood,30.0732818,-95.4956334,Harris
Shipley Do-Nuts,,,,donut,29.8379547,-95.3431139,Harris
Pepper Twins River Oaks,West Gray Street,Houston,77019,chinese,29.7526923,-95.4034017,Harris
Everest Amazon Coffee Shop,Gentry Street,Spring,77373,coffee_shop,30.0787872,-95.4204692,Harris
McDonald's,Genoa Red Bluff Road,Pasadena,77505,burger,29.6311104,-95.1682553,Harris
The Bull & Bear,Westheimer Road,,,,29.7376274,-95.5913113,Harris
Smoothie King,,,,juice,29.7375776,-95.5627478,Harris
vacant,,,,,29.7701401,-95.3819386,Harris
Urban Bird Hot Chicken,,,,chicken,29.7701386,-95.3821113,Harris
Laredo Taco Company,,,,tex-mex,29.867856,-95.5627966,Harris
Chick-fil-A,Airport Boulevard,International Terminal,77061,chicken,29.6549587,-95.2787802,Harris
Tai Yang,,,,,29.9313024,-95.3035042,Harris
Pizza Hut,Aldine Bender Road,Houston,77032,pizza,29.931262,-95.3040491,Harris
Subway,Aldine Bender,Houston,77032,sandwich,29.9312884,-95.3037946,Harris
,,,,donut,30.0724328,-95.424365,Harris
Mirrey Tacos y Discada,East Louetta Road,,,mexican,30.0722869,-95.4245239,Harris
Mockingbird Distillery & Smokehouse,,,,,29.989004,-95.3493671,Harris
,,,,,29.7360446,-95.3465222,Harris
Gyro Hut,,,,greek,29.7894227,-95.6889419,Harris
Popeyes,Eastex Freeway Frontage Road,Humble,77396,chicken,29.9309992,-95.3010376,Harris
,,,,mexican,29.8634803,-95.6086544,Harris
Cajun Town Café,,,,,29.866819,-95.4861699,Harris
Blimpie,,,,sandwich,29.8507675,-95.5649883,Harris
McDonald's,Main Street,Houston,77025,burger,29.6784605,-95.4260128,Harris
,,,,mexican,29.8098341,-95.399891,Harris
Tostadareia Madero's,,,,mexican,29.8321407,-95.5241443,Harris
Burger King,Hampstead Road,Houston,77092-4514,burger,29.8333392,-95.5035921,Harris
Jack in the Box,Clay Road,Houston,77080,burger,29.8329809,-95.5233917,Harris
Blue Bayou Cafe,East Freeway,,77029,seafood,29.7705572,-95.2250751,Harris
Dimassi's Mediterranean Buffet,East Freeway,,77029,mediterranean,29.7704757,-95.2244539,Harris
Azuma Sushi And Robata Bar,Kirby Drive,Houston,77005,japanese,29.7214175,-95.4189113,Harris
Crave Cupcakes,Kirby Drive,Houston,77005,dessert,29.7221722,-95.4189193,Harris
Chipotle,Kirby Drive,Houston,77005,mexican,29.7219719,-95.4189166,Harris
Pizaro's Pizza,,,,pizza,29.7837497,-95.5790091,Harris
888 Chinese Restaurant,FM 2920,Spring,77388,chinese,30.0747172,-95.5025581,Harris
Subway,Antoine Drive,Houston,77024,sandwich,29.7826341,-95.4758576,Harris
Treebeards,,,,american;lousiana,29.7819521,-95.5305395,Harris
Bean & Bottle,,,,,29.7828609,-95.5305935,Harris
Masraff's,,,,american;new_american,29.7835089,-95.5304619,Harris
Buffalo Wild Wings,,,,wings,29.7835112,-95.5272873,Harris
Subway,Katy Freeway,Houston,77024,sandwich,29.7834543,-95.5272888,Harris
Velvet Taco,,,,mexican;tacos,29.7836205,-95.5481076,Harris
Pincho,,,,american,29.7835521,-95.5481046,Harris
Via 313,,,,pizza,29.7834647,-95.5481072,Harris
Liberty Kitchen,,,,seafood,29.7818536,-95.5320483,Harris
Island Grill,,,,mediterranean,29.7824881,-95.5321064,Harris
Shipley Do-Nuts,,,,donut,29.782297,-95.5320775,Harris
Papa Yu,,,,japanese,29.7857942,-95.5220362,Harris
Corner Bakery,,,,coffee_shop,29.7830408,-95.5216506,Harris
Starbucks,,,,coffee_shop,29.7792474,-95.7172526,Harris
Starbucks,,,,coffee_shop,29.7817479,-95.5608576,Harris
Subway,Highway 225,La Porte,77571,sandwich,29.6989726,-95.0720211,Harris
Southern Q BBQ,,,,barbecue,29.997015,-95.4320414,Harris
Popeyes,,,,chicken,29.9451753,-95.4655092,Harris
Pizza Hut,,,,pizza,29.9846856,-95.4333704,Harris
Taqueria Los Garcia,,,,mexican,29.923612,-95.4908258,Harris
Marco's Pizza,,,,pizza,29.9834245,-95.4339403,Harris
Tomiko Japanese Restaurant,Northwest Freeway Frontage Road,,77433,japanese,29.9948323,-95.7538359,Harris
Taco Bell,Cypresswood Drive,Houston,77070,tex-mex,29.9818109,-95.5664836,Harris
The Churro King (Food Truck),Kuykendahl Road,Spring,77379,mexican,30.0504214,-95.4923352,Harris
Taqueria los 2 carnales,Kuykendahl Road,Spring,77379,mexican,30.0504914,-95.4923041,Harris
Jack in the Box,Veterans Memorial Drive,Houston,77038,burger,29.9362506,-95.4585079,Harris
Taco Bell,Veterans Memorial Drive,Houston,77038,tex-mex,29.9360416,-95.4582055,Harris
Russo's New York Pizzeria & Italian Kitchen,Briar Forest Drive,Houston,77077,pizza,29.7548527,-95.6232576,Harris
Domino's,,,,pizza,29.8175466,-95.7720555,Harris
Sultan Pepper,,,,,29.7390956,-95.4624132,Harris
Fat Tuesday,,,,,29.7391503,-95.4632485,Harris
Burger King,,,,burger,29.7390875,-95.4632435,Harris
Sbarro,,,,pizza,29.739087,-95.4633119,Harris
Firehouse Subs,,,,sandwich,29.7390934,-95.4627041,Harris
Wok a Holic,,,,chinese,29.7391481,-95.4635195,Harris
Cinnabon,,,,dessert,29.7393866,-95.4628793,Harris
Ichiban Asian Cuisine,,,,asian,29.739108,-95.4634609,Harris
Teahouse Tapioca & Tea,,,,bubble_tea,29.739195,-95.4634857,Harris
Chipotle,,,,mexican,29.7390942,-95.4625016,Harris
Salata,,,,,29.7390963,-95.4623413,Harris
Charleys Philly Steaks,,,,sandwich,29.7390862,-95.4633849,Harris
Chick-fil-A,,,,chicken,29.7390894,-95.4631601,Harris
Raising Cane's,,,,chicken,29.7393445,-95.4634649,Harris
Subway,,,,sandwich,29.7391944,-95.4635503,Harris
Dinora's Bakery & Pupuseria,Ella Boulevard,Houston,77090,salvadoran,30.01334,-95.449259,Harris
Auntie Anne's,,,,pretzel,29.7392073,-95.4634382,Harris
Starbucks,,,,coffee_shop,29.739263,-95.4620386,Harris
Raising Cane's,,,,chicken,29.7803097,-95.606849,Harris
Freddy's,,,,ice_cream;burger,29.7806439,-95.6069988,Harris
Panera Bread,,,,sandwich;bakery,29.7754538,-95.60679,Harris
The Cheesecake Factory,,,,american,29.7397358,-95.4626607,Harris
Astor Farm & Table,,,,,29.7589471,-95.7518887,Harris
Jin Yuan Cafe,South Mason Road,Katy,,chinese,29.7759744,-95.7502844,Harris
Asian Gourmet Kitchen,South Mason Road,Katy,,asian,29.7758566,-95.7501727,Harris
Yori Yori,South Mason Road,Katy,,korean,29.7758568,-95.7502836,Harris
BJ's,Cypress Creek Parkway,Houston,,american,29.962313,-95.5445635,Harris
Rotolo's Craft & Crust,,,,pizza,30.071518,-95.5038226,Harris
Little Caesars,,,,pizza,29.674539,-95.2897326,Harris
Tamashi,Bellaire Boulevard,Houston,77036,ramen,29.7064221,-95.5543413,Harris
Fornos,Westheimer Road,Houston,77042,italian,29.7355934,-95.5497997,Harris
Masala Wok,Westheimer Road,Houston,77042,indian;chinese,29.7362683,-95.5496685,Harris
Zalat Pizza,,,,pizza,29.7364603,-95.5504834,Harris
Wingstop,Westheimer Road,Houston,77042,wings,29.7365098,-95.5503187,Harris
Golden Chick,,,,chicken,29.9653982,-95.4638416,Harris
Subway,,,,sandwich,29.9653878,-95.4637167,Harris
Texas Taphouse,Sage Road,,77056,burger;mexican,29.7351017,-95.4660024,Harris
Ed's Bistro,West Main Street,La Porte,77571,,29.6656219,-95.0197263,Harris
POST Market,Franklin Street,Houston,77201,,29.7662235,-95.3650002,Harris
Jack in the Box,Huffmeister Road,Houston,77065,burger,29.9249614,-95.6281111,Harris
MOD Pizza,Highway 6 North,Houston,77095,pizza,29.9033615,-95.6326751,Harris
Wingstop,Highway 6 North,Houston,77095,wings,29.9028645,-95.6322906,Harris
Jimmy John's,Eldridge Parkway,Houston,77079,sandwich,29.7683438,-95.6241528,Harris
Chipotle,Eldridge Parkway,Houston,77077,mexican,29.7683755,-95.6241177,Harris
Panera Bread,Dairy Ashford,Houston,77079,sandwich;bakery,29.7753551,-95.6068413,Harris
Wendy's,Perthshire,Houston,77079,burger,29.7739488,-95.6067798,Harris
Wingstop,Dairy Ashford Drive,Houston,77079,wings,29.771351,-95.60584,Harris
Domino's,Memorial Drive,Houston,77079,pizza,29.7705361,-95.604376,Harris
Einstein Bros. Bagels,West Sam Houston Parkway North,Houston,77024,bagel,29.775362,-95.5620794,Harris
Domino's,Memorial Drive,Houston,77024,pizza,29.7712644,-95.5579386,Harris
Domino's,Bingle Road,Houston,77055,pizza,29.8207519,-95.49951,Harris
Church's Chicken,Kempwood Drive,Houston,77080,,29.8215626,-95.5254743,Harris
Wingstop,Northwest Freeway,Houston,77040,wings,29.859529,-95.527351,Harris
DQ Grill & Chill,Fairbanks North Houston Road,Houston,77040-4310,ice_cream;burger,29.8646642,-95.5249829,Harris
Jack in the Box,North Sam Houston Parkway West,Houston,77064,burger,29.929269,-95.543049,Harris
Popeyes,North Sam Houston Parkway West,Houston,77064,chicken,29.930107,-95.545766,Harris
KFC,West Sam Houston Parkway North,Houston,77064,chicken,29.9038143,-95.5540245,Harris
Chipotle,West Sam Houston Parkway North,Houston,77064,mexican,29.9038179,-95.5514993,Harris
Domino's,Fairbanks,North Houston,77064,pizza,29.9012381,-95.5245666,Harris
Burger King,State Highway 249,Houston,77086,burger,29.921092,-95.496467,Harris
Church's Chicken,Antoine Drive,Houston,77088,,29.8849394,-95.4745272,Harris
Wingstop,Antoine,Houston,77088,wings,29.8683141,-95.4714531,Harris
DQ Grill & Chill,Antoine Drive,Houston,77091-4911,ice_cream;burger,29.8441314,-95.4736218,Harris
Domino's,Antoine Drive,Houston,77091,pizza,29.8415394,-95.473923,Harris
Jack in the Box,Hempstead Highway,Houston,77092,burger,29.818389,-95.482667,Harris
KFC,Long Point Road,Houston,77055,chicken,29.8031714,-95.4857603,Harris
Burger King,Long Point Road,Houston,77055-2034,burger,29.802498,-95.487356,Harris
Jimmy John's,Katy Freeway,Houston,77024,sandwich,29.7834393,-95.5133044,Harris
Chick-fil-A,Memorial City,Houston,77024,chicken,29.7808317,-95.5401871,Harris
Chipotle,Memorial City,Houston,77024,mexican,29.7805206,-95.54001,Harris
Burger King,Long Point Road,Houston,77055-4001,burger,29.7939475,-95.5435736,Harris
Jack in the Box,Gessner Road,Houston,77080,burger,29.7960838,-95.5450903,Harris
Domino's,Gessner Road,Houston,77080,pizza,29.809769,-95.5447897,Harris
Wingstop,Hammerly Boulevard,Houston,77080,wings,29.8134232,-95.5428827,Harris
Church's Chicken,Clay Road,Houston,77043,,29.8323988,-95.5695119,Harris
Jack in the Box,North Eldridge Parkway,Houston,77041,burger,29.850239,-95.605745,Harris
Domino's,Highway 6 North,Houston,77084,pizza,29.8410743,-95.6453687,Harris
Wingstop,Highway 6 North,Houston,77084,wings,29.8696076,-95.6447103,Harris
Dunkin',Highway 6 North,Houston,77095,donut;coffee_shop,29.8876422,-95.6428159,Harris
Popeyes,FM 529 Road,Houston,77095,chicken,29.878756,-95.635002,Harris
Domino's,FM 529 Road,Houston,77041,pizza,29.8798615,-95.6093856,Harris
Burger King,North Eldridge Parkway,Houston,77041-2610,burger,29.8784998,-95.6079323,Harris
Jimmy John's,North Eldridge Parkway,Houston,77041,sandwich,29.8677873,-95.6078506,Harris
Burger King,West Little York Road,Houston,77041,burger,29.8666374,-95.5887627,Harris
Jack in the Box,Jones Road,Houston,77065,burger,29.9089495,-95.5851692,Harris
Domino's,Jones Road,Houston,77065,pizza,29.9092372,-95.5859669,Harris
Wingstop,Jones Road,Houston,77065,wings,29.9159405,-95.5838414,Harris
Church's Chicken,Jones Road,Houston,77064,,29.9171025,-95.5853107,Harris
DQ Grill & Chill,FM 1960,Houston,77065-3602,ice_cream;burger,29.931938,-95.587148,Harris
Zaxby's,FM 1960 Road West,Houston,,chicken,29.9278425,-95.5943971,Harris
Chipotle,FM 1960 Road West,Houston,77065,mexican,29.9239945,-95.6013635,Harris
Panera Bread,FM 1960 West,Houston,77065,sandwich;bakery,29.923885,-95.601579,Harris
Jack in the Box,FM 1960 Road West,Houston,77065,burger,29.9226111,-95.6043426,Harris
Panda Express,Farm,Houston,77065,chinese,29.920407,-95.606822,Harris
Wingstop,FM 2920,Tomball,77377,wings,30.0890519,-95.6348643,Harris
O' Taste And See Eatery,Northwest Freeway,Houston,77092,,29.8164567,-95.4674163,Harris
Golden Chick,,,,chicken,29.9267433,-95.596297,Harris
Starbucks,,,,coffee_shop,29.9275869,-95.5949904,Harris
Rice Bowl,,,,,29.780474,-95.7522567,Harris
Jimee's Bar-B-Q,,,,barbecue,29.9796658,-95.3649932,Harris
Subway,,,,sandwich,32.7569695,-84.874732,Harris
Tiger Lillies Floral,,,,,32.7579775,-84.8748177,Harris
El Primo Mexican Grill,,,,mexican,32.7583653,-84.8748298,Harris
Breaking Bread,,,,,32.7591542,-84.8752392,Harris
Hunt Brothers Pizza,,,,pizza,32.7601379,-84.8746908,Harris
Rest House Cafe Mediterranean Grill Hookah Bar,Tomball Parkway,Houston,77064,lebanese;mediterranean,29.9518783,-95.5372464,Harris
Buffalo Wild Wings,Tomball Parkway,Houston,77064,wings,29.9540726,-95.5415684,Harris
Congregate Kitchen & Lounge,Tomball Parkway,Houston,77064,,29.9534629,-95.5421024,Harris
Yen Jing,Tomball Parkway,Houston,77064,chinese,29.9545499,-95.5430746,Harris
Subway,,,,sandwich,29.775078,-95.3160087,Harris
The Sunrise House,,,77098,breakfast,29.7389254,-95.4058948,Harris
Cajun Street,Tomball Parkway,Tomball,77375,regional;american,30.0839478,-95.6320763,Harris
Gianna Italian Kitchen,TX 249 Business,Tomball,77375,italian,30.0848568,-95.6323366,Harris
Wingstop,,,,wings,29.9108716,-95.4773274,Harris
El Maná Taqueria,,,,mexican,30.0212733,-95.4195081,Harris
Sak's Donuts,,,,donut,30.0211497,-95.4195031,Harris
Little Caesars,,,,pizza,30.0209035,-95.419448,Harris
Jack in the Box,Navigation Boulevard,Houston,77003,burger,29.7555872,-95.3353707,Harris
Domino's,Lyons Avenue,Houston,77020,pizza,29.7768264,-95.312319,Harris
Burger King,East Freeway,Houston,77020-6733,burger,29.773467,-95.307781,Harris
Jack in the Box,Wayside Drive,Houston,77011,burger,29.744944,-95.303523,Harris
Burger King,Harrisburg Boulevard,Houston,77011-4432,burger,29.7368606,-95.3073707,Harris
Popeyes,Harrisburg Boulevard,Houston,77011,chicken,29.73613,-95.3048,Harris
Domino's,Lawndale Street,Houston,77012,pizza,29.7163793,-95.2894546,Harris
Jack in the Box,Park Place Boulevard,Houston,77087,burger,29.685898,-95.291093,Harris
Burger King,Gulf Freeway,Houston,77087,burger,29.701173,-95.292818,Harris
Raising Cane's,,,,chicken,29.7018532,-95.2938357,Harris
Popeyes,Gulf Freeway,Houston,77087,chicken,29.7012549,-95.2928409,Harris
Chick-fil-A,Gulf Freeway,Houston,77087,chicken,29.7021732,-95.2940556,Harris
MOD Pizza,Gulfgate Center Mall,Houston,77087,pizza,29.6979046,-95.2966145,Harris
KFC,Gulfgate Center Mall,Houston,77087,chicken,29.698226,-95.2975124,Harris
Church's Chicken,Mykawa Road,Houston,77033,,29.693586,-95.3283222,Harris
Popeyes,Scott Street,Houston,77021,chicken,29.686507,-95.364248,Harris
Wendy's,Old Spanish Trail,Houston,77021,burger,29.7029415,-95.3575419,Harris
Einstein Bros. Bagels,Cullen Boulevard,Houston,77204,bagel,29.7227774,-95.3460583,Harris
Domino's,Scott Street,Houston,77004,pizza,29.7257041,-95.350547,Harris
Wingstop,Scott Street,Houston,77004,wings,29.7224213,-95.3519854,Harris
Chick-fil-A,Cleburne Street,Houston,77004,chicken,29.7210521,-95.3611504,Harris
Chick-fil-A,Fannin Street,Foodcourt,77030,chicken,29.7078462,-95.4016041,Harris
MOD Pizza,Fannin Street,Houston,77030,pizza,29.7095198,-95.4016465,Harris
Einstein Bros. Bagels,Fannin Street,Houston,77030,bagel,29.7099079,-95.3997225,Harris
Chick-fil-A,Bertner Avenue,Houston,77030,chicken,29.7095188,-95.3977498,Harris
Chick-fil-A,Holcombe Boulevard,Houston,77030,chicken,29.7078463,-95.3973126,Harris
Domino's,Stella Link Road,Houston,77025,pizza,29.6832316,-95.4395038,Harris
Arby's,South Loop West,Houston,77054,sandwich,29.6767746,-95.4266443,Harris
Dunkin',Main Street,Houston,77025,donut;coffee_shop,29.6814759,-95.4230841,Harris
Popeyes,Main Street,Houston,77025,chicken,29.6862576,-95.4213729,Harris
Jimmy John's,West Holcombe Boulevard,Houston,77030,sandwich,29.7057905,-95.4149616,Harris
Domino's,Kirby Drive,Houston,77005,pizza,29.7207298,-95.418207,Harris
Jimmy John's,Southwest Freeway,Houston,77027,sandwich,29.7287838,-95.4299286,Harris
Domino's,West Alabama Street,Houston,77027,pizza,29.73789,-95.438042,Harris
Wingstop,Richmond Avenue,Houston,77027,wings,29.7330734,-95.4433028,Harris
Jimmy John's,Bissonnet Street,Bellaire,77401,sandwich,29.7067624,-95.4700348,Harris
Church's Chicken,Chimney Rock Road,Houston,77081,,29.7161099,-95.4760934,Harris
Domino's,Westheimer Road,Houston,77057,pizza,29.7373735,-95.4803306,Harris
Chipotle,Westheimer Road,Houston,77056,mexican,29.7390096,-95.4625181,Harris
Chick-fil-A,Westheimer Road,Houston,77056,chicken,29.7390219,-95.4630822,Harris
Burger King,Westheimer Road,Houston,77056,burger,29.739259,-95.464466,Harris
Domino's,West 18th Street,Houston,77008,pizza,29.8011965,-95.4339986,Harris
MOD Pizza,North Shepherd Drive,Houston,77008,pizza,29.7866696,-95.4103366,Harris
KFC,,,,chicken,29.7757074,-95.3819699,Harris
Panera Bread,West Gray,Houston,77019,sandwich;bakery,29.7529434,-95.4014238,Harris
Domino's,West Gray Street,Houston,77019,pizza,29.7528468,-95.3991241,Harris
Domino's,Westheimer Road,Houston,77006,pizza,29.7449912,-95.3826658,Harris
Jimmy John's,Bagby Street,Houston,77006,sandwich,29.7485904,-95.3784073,Harris
Einstein Bros. Bagels,Louisiana Street,Houston,77002,bagel,29.757097,-95.369444,Harris
Jack in the Box,Homestead Road,Houston,77016,burger,29.848146,-95.301823,Harris
Domino's,CE King Parkway,Houston,77044,pizza,29.8482225,-95.2148527,Harris
Burger King,"Beaumont Highway, CE King Parkway",Houston,77049,burger,29.831777,-95.211015,Harris
DQ Grill & Chill,South Lake Houston Parkway,Houston,77049-2610,ice_cream;burger,29.831565,-95.210803,Harris
MOD Pizza,East Sam Houston Parkway North,Houston,77049,pizza,29.8163225,-95.1655718,Harris
Panda Express,East Sam Houston Parkway North,Houston,77049,chinese,29.8137842,-95.1648142,Harris
Burger King,East Sam Houston Parkway North,Houston,77015-3256,burger,29.8084967,-95.162269,Harris
McDonald's,East Sam Houston Parkway North,Houston,77015,burger,29.806022,-95.165343,Harris
Wingstop,Wallisville Road,Houston,77049,wings,29.8066472,-95.1680122,Harris
Jack in the Box,Wallisville Road,Houston,77049,burger,29.805805,-95.183436,Harris
DQ Grill & Chill,Wallisville Road,Houston,77049-4305,ice_cream;burger,29.805337,-95.188468,Harris
Wingstop,Woodforest Boulevard,Houston,77015,wings,29.7896701,-95.2003478,Harris
Jack in the Box,East Freeway,Houston,77015,burger,29.772241,-95.20677,Harris
Church's Chicken,East Freeway,Houston,77015,,29.7705419,-95.2057747,Harris
Jack in the Box,Federal Road,Houston,77015,burger,29.7645173,-95.2128361,Harris
Burger King,Federal Road,Houston,77015-4804,burger,29.7713301,-95.2145315,Harris
Popeyes,Federal Road,Jacinto City,77029,chicken,29.772465,-95.214472,Harris
KFC,Federal Road,Houston,77015,chicken,29.7737058,-95.2158191,Harris
Wingstop,East Frwy,Jacinto City,77029,wings,29.7715496,-95.2299025,Harris
DQ Grill & Chill,Mercury Drive,Houston,77029-2008,ice_cream;burger,29.768525,-95.247861,Harris
Church's Chicken,Market Street,Jacinto City,77029,,29.767864,-95.2454106,Harris
Domino's,Market Street Road,Houston,77029,pizza,29.7678955,-95.2433571,Harris
Popeyes,Market Street,Jacinto City,77029,chicken,29.767969,-95.237349,Harris
DQ Grill & Chill,Holland Avenue,Galena Park,77547-2537,ice_cream;burger,29.742428,-95.232517,Harris
DQ Grill & Chill,Red Bluff Road,Pasadena,77506-3752,ice_cream;burger,29.701712,-95.184369,Harris
Jack in the Box,Richey Street,Pasadena,77506,burger,29.708792,-95.219521,Harris
DQ Grill & Chill,Richey Street,Pasadena,77506-4204,ice_cream;burger,29.698719,-95.220124,Harris
KFC,West Southmore Avenue,Pasadena,77502,chicken,29.6910932,-95.2189491,Harris
Wendy's,West Southmore Avenue,Pasadena,77502,burger,29.6904311,-95.2143798,Harris
Popeyes,West Southmore Avenue,Pasadena,77502,chicken,29.691102,-95.213706,Harris
Wingstop,West Southmore Avenue,Pasadena,77502,wings,29.6913514,-95.2129346,Harris
Domino's,South Main Street,Pasadena,77506,pizza,29.6925816,-95.2088958,Harris
Burger King,Southmore,Pasadena,77502,burger,29.691077,-95.194067,Harris
Church's Chicken,East Southmore Avenue,Pasadena,77502,,29.6911314,-95.201291,Harris
Jack in the Box,Pasadena Boulevard,Pasadena,77506,burger,29.697763,-95.200592,Harris
McDonald's,Kuykendahl Road,Spring,77388,burger,30.0769267,-95.5121973,Harris
Kolache Factory,Briar Forest,,,,29.746979,-95.5596869,Harris
Jack in the Box,Bellfort Avenue,Houston,77033,burger,29.6667359,-95.3365012,Harris
Popeyes,Cullen Boulevard,Houston,77051,chicken,29.657417,-95.355797,Harris
KFC,Cullen Boulevard,Houston,77051,chicken,29.6575086,-95.3551174,Harris
Domino's,Cullen Boulevard,Houston,77051,pizza,29.6536933,-95.3547994,Harris
Wingstop,Cullen Boulevard,Houston,77051,wings,29.6546079,-95.356788,Harris
Burger King,South Sam Houston Parkway East,Houston,77047,burger,29.5990565,-95.3673276,Harris
Popeyes,South Sam Houston Parkway East,Houston,77047,chicken,29.5990371,-95.3665496,Harris
Church's Chicken,Cullen Boulevard,Houston,77047,,29.5980503,-95.3524557,Harris
McDonald's,South Sam Houston Parkway,Houston,77089,burger,29.6017919,-95.2279156,Harris
Domino's,Scarsdale Boulevard,Houston,77089,pizza,29.5857911,-95.2137955,Harris
Dunkin',Scarsdale Boulevard,Houston,77089,donut;coffee_shop,29.5832982,-95.2145145,Harris
Popeyes,South Sam Houston Parkway East,Houston,77075,chicken,29.601039,-95.28792,Harris
Burger King,South Sam Houston Parkway East,Houston,77075,burger,29.6011193,-95.2870709,Harris
DQ Grill & Chill,Telephone Road,Houston,77075-3628,ice_cream;burger,29.615144,-95.285749,Harris
Jack in the Box,Telephone Road,Houston,77075,burger,29.620093,-95.285811,Harris
Dunkin',Telephone Road,Houston,77061,donut;coffee_shop,29.6414278,-95.2893368,Harris
Wingstop,Broadway Street,Houston,77061,wings,29.671407,-95.2776272,Harris
DQ Grill & Chill,Winkler Drive,Houston,77017-4506,ice_cream;burger,29.676914,-95.267507,Harris
Burger King,Spencer Highway,South Houston,77587,burger,29.665279,-95.209447,Harris
Jack in the Box,Spencer Highway,South Houston,77587,burger,29.665122,-95.212089,Harris
Domino's,Houston Boulevard,South Houston,77587,pizza,29.65516,-95.2287139,Harris
Jack in the Box,College Avenue,South Houston,77587,burger,29.656955,-95.243495,Harris
Wingstop,Edgebrook Drive,Houston,77034,wings,29.6431846,-95.242534,Harris
Popeyes,Edgebrook Drive,Houston,77034,chicken,29.642299,-95.240666,Harris
Popeyes,Kingspoint Road,Houston,77075,chicken,29.620084,-95.229796,Harris
Wingstop,Fuqua Street,Houston,77089,wings,29.6132087,-95.2230587,Harris
Domino's,Fuqua Street,Houston,77089,pizza,29.6110894,-95.2282288,Harris
Wendy's,Fuqua Street,Houston,77075,burger,29.6115862,-95.2494317,Harris
Church's Chicken,Monroe Road,Houston,77075,,29.6113011,-95.2671526,Harris
Wingstop,South Sam Houston Parkway East,Houston,77075,wings,29.601163,-95.2636,Harris
Jack in the Box,South Sam Houston Parkway East,Houston,77075,burger,29.601223,-95.267779,Harris
KFC,West Fuqua Street,Houston,77045,chicken,29.6137292,-95.4388153,Harris
Jack in the Box,West Fuqua Street,Houston,77045,burger,29.613689,-95.443173,Harris
Popeyes,West Fuqua Street,Houston,77045,chicken,29.613614,-95.446352,Harris
Jack in the Box,South Post Oak,Houston,77045,burger,29.628093,-95.465816,Harris
Burger King,South Post Oak Road,Houston,77045-4007,burger,29.628783,-95.464489,Harris
Jack in the Box,Allum Road,Houston,77045,burger,29.641286,-95.462941,Harris
Starbucks,Spencer Road,,,coffee_shop,29.8796366,-95.6412855,Harris
Seven Brew Coffee,North Highway 6,,,coffee_shop,29.8811229,-95.6460116,Harris
Wendy's,Fry Road,,,burger,29.9287575,-95.7277341,Harris
Fyzas Alhadi,Cypress Creek Parkway,,,,29.9865629,-95.4994679,Harris
Bobo Tea,,,,bubble_tea,29.77804,-95.6068923,Harris
7Spice Cajun Seafood,Spencer Highway,,,,29.6657566,-95.1908179,Harris
Kathy's Kitchen,Strawberry Road,,,,29.6730178,-95.1927198,Harris
Taco Bell,Kuykendahl Road,,,,30.1133955,-95.5540422,Harris
Donald's Donuts,Kingwood Drive,Kingwood,77339,donut,30.0507642,-95.235522,Harris
Mencius Gourmet Hunan,Kingwood Drive,Kingwood,77339,chinese,30.0507429,-95.2356472,Harris
Pablo's Cantina Mexican Grill,Kingwood Drive,Kingwood,77339,mexican,30.0506625,-95.2357647,Harris
RC's NYC Pizza & Pasta,Kingwood Drive,Kingwood,77339,pizza,30.0488721,-95.2383872,Harris
El Chaparro Mexican Bar and Grill,Kuykendahl Road,Spring,77379,mexican,30.0683131,-95.5050501,Harris
Pastel Pizza,Kuykendahl Road,Spring,77379,pizza,30.0681288,-95.5050773,Harris
Chick-fil-A,,,,chicken,30.0038165,-95.635528,Harris
La Cocina,,,,mexican,29.9971986,-95.4071753,Harris
Laredo Taco Company,Clay Road,Katy,77493,tex-mex,29.8309079,-95.7740741,Harris
Chick-fil-A,Freeman Road,Katy,77493,chicken,29.8746524,-95.7591525,Harris
McDonald's,Freeman Road,Katy,77493,burger,29.875765,-95.7614368,Harris
Sonic,Clay Road,Katy,77493,burger,29.832054,-95.7908221,Harris
Zara's Mediterranean Kitchen On Louetta Rd,Louetta Road,Spring,77379,mediterranean,30.0073556,-95.5477519,Harris
Taco Bell,,,,tex-mex,29.7757054,-95.3818899,Harris
Federal American Grill,Katy Freeway Frontage Road,Houston,77024,american,29.7836221,-95.5046296,Harris
Cafe Ninda,Tomball Parkway,Houston,77375,coffee_shop,30.0375071,-95.6067199,Harris
Mi Cocina,Westheimer Road,,,tex-mex,29.7419019,-95.4521573,Harris
Old School Burger,South Mason Road,Katy,,burger,29.7680797,-95.7511521,Harris
Dairy Queen,,,,ice_cream;burger,29.5559459,-95.1359385,Harris
McDonald's,,,77536,burger,29.707375,-95.09283,Harris
Chester's,,,,chicken,29.7075102,-95.0929975,Harris
,,,,pizza,29.6738345,-95.0283913,Harris
Cavo Coffee,,,77005,coffee_shop,29.7252542,-95.4194939,Harris
Jack in the Box,,,,burger,29.9664432,-95.4030131,Harris
Subway,,,,sandwich,29.9655547,-95.3981184,Harris
Hartz Chicken Buffet,,,,chicken,30.0215442,-95.3807618,Harris
Grinder's Coffee Bar,Kirby Drive,,77005,coffee_shop,29.7234191,-95.4187899,Harris
Starbucks,Lake Plaza Drive,Spring,77389,coffee_shop,30.0998722,-95.4423148,Harris
Starbucks,,,,coffee_shop,29.7810238,-95.539534,Harris
Sult'an Pepper,,,,mediterranean,29.7804706,-95.5400102,Harris
Sbarro,,,,pizza,29.7806401,-95.5404279,Harris
Taco Bell,,,,tex-mex,29.7806776,-95.5400086,Harris
Credence,Katy Freeway,Houston,77024,american;fine_dining,29.7828286,-95.5329755,Harris
Crust Pizza Co,FM 2920,Spring,77388,pizza,30.073452,-95.5004146,Harris
Raise The Roost,,,,chicken,29.9658376,-95.283138,Harris
Laredo Taco Company,,,,tex-mex,29.9657576,-95.2831643,Harris
Big Max's Pizza,,,,pizza,29.9674701,-95.2851929,Harris
Hunt Brothers Pizza,,,,pizza,29.854905,-95.5336363,Harris
Spring Food park,Spring Stuebner Road,Spring,77389,,30.0823207,-95.466342,Harris
Teague's Bar-B-Que,Spring Stuebner Road,Spring,77389,barbecue,30.0821509,-95.4678866,Harris
El Parrillero Catracho,Meadow Hill Drive,Spring,77388,venezuelan,30.082073,-95.4686152,Harris
Church's Chicken,,,,chicken,29.9180636,-95.6691783,Harris
Brewingz,,,,wings,29.8480022,-95.3936806,Harris
Starbucks,Gosling Road,,,coffee_shop,30.1022299,-95.5073526,Harris
Roma Norte,,,,coffee_shop;pastry,29.7713851,-95.3824326,Harris
The Kennedy Houston,West Dallas Street,Houston,77019,american,29.7574326,-95.3999421,Harris
Denny's,Westheimer Road,Houston,,american,29.736547,-95.5154859,Harris
Krazy Katsu & Udon,Westheimer Road,Houston,,asian,29.7365464,-95.5150276,Harris
Top Sushi,Westheimer Road,Houston,,sushi,29.7365462,-95.5149309,Harris
,,,,mexican,29.7448475,-95.3437295,Harris
Bon KBBQ,West Sam Houston Parkway South,Houston,77072,barbecue,29.6876488,-95.5586541,Harris
Mia Bella Trattoria,Vintage Park Boulevard,Houston,,italian,29.9947187,-95.5719688,Harris
The Chef's Table,Vintage Park Boulevard,Houston,,,29.9943351,-95.572112,Harris
Ostioneria 59,,,,seafood,29.6511492,-95.5696065,Harris
La Jaquerita,,,,mexican,29.9031046,-95.5435546,Harris
Bagel Bob's NYTX,,,,,29.7785107,-95.6068334,Harris
Bistro Thai,,,,thai,29.7807814,-95.5400087,Harris
Salata,,,,salad,29.7805528,-95.5400086,Harris
McDonald's,,,,burger,29.7806433,-95.5401854,Harris
Totally Tea,,,,bubble_tea,29.7804075,-95.540006,Harris
Pokeworks,,,,poke,29.8161817,-95.4108206,Harris
Nundini's Chef Table,,,,,29.7804197,-95.4089742,Harris
MOD Pizza,Garth Road,,,pizza,29.794324,-94.9795505,Harris
Julia's Taco,,,,mexican,29.8500668,-95.4884762,Harris
Smoothie Strong,,,,juice,29.8026161,-95.4291259,Harris
Pho Ton,Louetta Road,Tomball,77377,vietnamese,29.9970628,-95.5995605,Harris
McDonald's,North Mccarty Street,,77013,burger,29.8003257,-95.2675557,Harris
McDonald's,Sheldon Road,,77530-3504,burger,29.7773713,-95.1239742,Harris
McDonald's,Lockwood Drive,,77026,burger,29.8103519,-95.3178682,Harris
McDonald's,C E King Parkway,,77044,burger,29.8485116,-95.2148221,Harris
Urban Bird Hot Chicken,Katy Freeway,,,chicken,29.7863896,-95.7453678,Harris
Subway,Highland Knolls Drive,Katy,77494,sandwich,29.7601119,-95.7329043,Harris
Mr. Donut & Kolaches,Highland Knolls Drive,,,donut,29.7600902,-95.7327693,Harris
Magic Cup,Bellaire Boulevard,Houston,77072,bubble_tea;smoothie;tea;coffee_shop,29.704098,-95.5848236,Harris
The Kitchen,,,,,29.9881664,-95.3384135,Harris
Urban Crave Bar and Grill,,,,,29.9892323,-95.3386915,Harris
Salata,,,,,29.9037246,-95.5514524,Harris
,,,,juice,29.9038761,-95.5516007,Harris
Wingstop,Kuykendahl Rd,,,,30.0389711,-95.4870677,Harris
McDonald's,Jensen Drive,,77093,burger,29.8471295,-95.3432946,Harris
McDonald's,North Alexander Drive,,77520-5805,burger,29.7309457,-94.9573939,Harris
McDonald's,Tidwell Road,,77016-4823,burger,29.8488637,-95.3030301,Harris
McDonald's,,,77051-2818,burger,29.6587854,-95.3557593,Harris
McDonald's,Wilcrest Drive,,77046,burger,29.7469546,-95.5724538,Harris
McDonald's,North Wilcrest Drive,,77079,burger,29.7835483,-95.5752648,Harris
McDonald's,Antoine Drive,,77091-1212,burger,29.8623549,-95.47307,Harris
McDonald's,West Sam Houston Parkway North,,77043,burger,29.8313248,-95.5626142,Harris
McDonald's,Westheimer Road,,77077,burger,29.7358819,-95.606867,Harris
McDonald's,Jones Road,,77065,burger,29.9091573,-95.5842818,Harris
McDonald's,Beechnut Street,,77072,burger,29.6889453,-95.6211782,Harris
McDonald's,East NASA Parkway,,77058,burger,29.5474442,-95.0999548,Harris
McDonald's,Kirby Drive,,77098-5008,burger,29.7279191,-95.4189591,Harris
McDonald's,Bellaire Boulevard,,77083,burger,29.7034211,-95.587031,Harris
McDonald's,Cypress North Houston Road,,77429-3237,burger,29.9471359,-95.6279994,Harris
McDonald's,Northwest Freeway,,77429,burger,29.9685005,-95.6903189,Harris
McDonald's,Fry Road,,77433,burger,29.9430518,-95.7156621,Harris
McDonald's,Telge Road,,77429,burger,29.9621212,-95.6506337,Harris
McDonald's,FM 2920,,77375,burger,30.0991853,-95.5934239,Harris
McDonald's,Veterans Memorial Drive,,77067,burger,29.9598532,-95.4776466,Harris
McDonald's,Cypresswood,,77373,burger,30.0659325,-95.4034346,Harris
McDonald's,,,77379,burger,30.0566484,-95.5743537,Harris
McDonald's,Barker Cypress Road,,77433,burger,29.9191713,-95.6867367,Harris
McDonald's,Louetta Road,,77379,burger,30.0222461,-95.5223527,Harris
Subway,,,,sandwich,29.983439,-95.5666354,Harris
Dunkin',,,,donut;coffee_shop,30.0125364,-95.5989549,Harris
Whataburger,Freeman Road,Katy,77493,burger,29.8747181,-95.7605118,Harris
Taco Bell,Freeman Road,Katy,77493,tex-mex,29.8757887,-95.7626336,Harris
Subway,,,,sandwich,29.8734252,-95.7749064,Harris
Restaurante Azucena,West Bellfort Street,Houston,77071,tacos;pupusas,29.6552189,-95.5306541,Harris
United Sisters,West Bellfort Street,Houston,77071,african,29.655011,-95.5294637,Harris
Subway,,,,sandwich,29.6817878,-95.5603042,Harris
Common Grounds Uncommon Coffee,McKinney Street,Houston,77010,coffee_shop,29.7548241,-95.3609114,Harris
Aga's Restaurant & Catering,Wilcrest Drive,Houston,77031,indian;pakistani,29.6491714,-95.567545,Harris
Dak & Bop,Binz Street,Houston,77004,korean,29.7216501,-95.3824228,Harris
Wanna Bao,Bagby Street,Houston,,chinese,29.7477061,-95.3802166,Harris
Corkscrew BBQ,Keith Street,Spring,77373,barbecue,30.0806765,-95.420013,Harris
Candente,Yoakum Boulevard,Houston,77006,tex-mex,29.7342391,-95.39291,Harris
New Heights Coffee Roasters,Studewood Street,Houston,77007,coffee_shop,29.7864805,-95.3881274,Harris
El Kiosko,,,,juice,29.6446724,-95.5078587,Harris
Little Caesars Pizza,Wallisville Road,,77049,pizza,29.8092988,-95.1593893,Harris
Cliff's Burger Grill,,,,,29.7486778,-95.4863726,Harris
Adriatic Cafe,,,,italian,29.8903467,-95.581946,Harris
Java Owl Coffee House,East NASA Parkway,Nassau Bay,77058,coffee_shop,29.5471584,-95.0989904,Harris
Ca Phe Phin,East NASA Parkway,Nassau Bay,77058,coffee_shop;vietnamese;bubble_tea,29.5476095,-95.0991574,Harris
Akimi,East NASA Parkway,Nassau Bay,77058,sushi,29.5477362,-95.0992194,Harris
Cutten Kitchen,FM 1960 W,Houston,77069,american;breakfast,29.9665832,-95.5318549,Harris
Pho Ben,,,,vietnamese,29.7882928,-95.4107972,Harris
,,,,mexican,29.7766174,-95.4173383,Harris
Ranchero King Buffet,Antoine Dr,,,,29.7848842,-95.4750861,Harris
Shabu Town,,,,,29.7682334,-95.7501913,Harris
Copenhagen European Kitchen & Bakery,,,,,29.7680901,-95.7513521,Harris
Jollibee,,,,burger;chicken,29.6934827,-95.4146275,Harris
Max's Restaurant,,,,,29.6931788,-95.4143135,Harris
Antonio's Grill,,,,,29.6930735,-95.4143108,Harris
The Original Neal's Restaurant,FM 2920,Spring,77388,,30.0737948,-95.492772,Harris
Moo House Cafe,Louetta Road,,,,30.0229596,-95.5269881,Harris
Vina Deli,Louetta Road,,,vietnamese;sandwich,30.0228503,-95.5268565,Harris
Little Caesars,Louetta Road,,,pizza,30.0228054,-95.5267951,Harris
Dan's Seafood & Wings,Uvalde Road,,77015,seafood,29.8042361,-95.182774,Harris
"Coco Crepes, Waffles & Coffee",Richmond Avenue,Houston,77098,,29.7337468,-95.4264591,Harris
Zoa Moroccan Kitchen,Richmond Avenue,Houston,77098,moroccan,29.7337487,-95.4266476,Harris
Taqueria Aguascalientes,Broadway Street,,77017,mexican,29.7003895,-95.2775356,Harris
El Mariachi Mexican Bar & Grill,Kuykendahl Road,Tomball,77375,mexican,30.1264728,-95.5546677,Harris
Jade Garden,Kuykendahl Road,Tomball,77375,chinese,30.1267181,-95.5545859,Harris
Tiger Noodle House,Jones Road,,,chinese,29.9531244,-95.5854795,Harris
,,,,coffee_shop,29.9530556,-95.5855995,Harris
Tapioca Master,,,,bubble_tea,29.9527004,-95.5853839,Harris
Sharetea,,,,bubble_tea,29.9545283,-95.5434444,Harris
Sprinkles Houston Rice Village,Amherst Street,Houston,77005,cupcakes;disert;cake,29.7157,-95.4175764,Harris
Pizza Hut,Kuykendahl Rd,,,pizza,30.0386195,-95.4877012,Harris
BreWingZ,East Freeway,,77015,american,29.7695036,-95.1867132,Harris
Charleys Philly Steaks,Main Street,Houston,77025,sandwich,29.6812792,-95.4254381,Harris
Marco's Pizza,Main Street,Houston,77025,pizza,29.681179,-95.4255239,Harris
Ojos Locos Sports Cantina,East Freeway,,77013,mexican,29.7740892,-95.2332741,Harris
Osaka Japanese Steakhouse,Wallisville Road,,77049,japanese,29.8066434,-95.1676797,Harris
Sunrise Taquitos,FM 2920,Spring,77388,mexican,30.0700824,-95.4695778,Harris
Kin Dee Thai Cuisine,,,,thai,29.7985043,-95.4102901,Harris
Flower Child,,,,,29.799013,-95.4103609,Harris
Via313 Pizzeria,,,,pizza,29.7994679,-95.4102813,Harris
Hartz Chicken Buffet,,,,chicken,29.8311174,-95.2837325,Harris
Burger King,,,,burger,29.8314734,-95.3183931,Harris
Subway,,,,sandwich,29.7907557,-95.1575614,Harris
Hippo Burgers,Wallisville Road,Houston,,burger,29.8151862,-95.1413573,Harris
Verde Garden,,,,mexican,29.7568962,-95.3952175,Harris
Pavón Coffee Den,,,,coffee_shop,29.7556397,-95.3950029,Harris
Emma Jane,,,,british,29.7555722,-95.3954026,Harris
Marco's Pizza,,,,pizza,29.7564826,-95.3977415,Harris
Hunt Brothers Pizza,,,,pizza,29.8454863,-94.9885567,Harris
,,,,mexican,29.845501,-94.988521,Harris
Subway,,,,sandwich,29.6217169,-95.5087088,Harris
Cafe East 8,,,,asian,29.7059063,-95.6423707,Harris
Sam's Gyro House,Spring Cypress Rd,,,,30.049932,-95.5151354,Harris
Bitty & Beau's,Rice Boulevard,Houston,77005,coffee_shop,29.7172561,-95.4145783,Harris
Jersey Mike's Subs,,,,sandwich,29.7718961,-95.3988623,Harris
Noon Mediterranean,,,,,29.7723787,-95.3989127,Harris
Starbucks,,,,coffee_shop,29.7911075,-95.386598,Harris
Little Caesars,Kuykendahl Rd,,,pizza,30.0723,-95.5108945,Harris
Barnaby’s Cafe,Binz Street,Houston,77004,sandwich,29.7217089,-95.3825315,Harris
Tacos del Julio,,,,mexican,29.7749451,-95.2362264,Harris
Hui Lau Shan,,,,asian;dessert,29.7392542,-95.4634876,Harris
Subway,,,,sandwich,29.7295174,-95.5182055,Harris
Domino's,,,,pizza,29.7379339,-95.5266487,Harris
Hongdae Korean BBQ,,,,korean,29.7035899,-95.5532567,Harris
Tea Top,,,,bubble_tea,29.7043187,-95.5534653,Harris
Yumcha Tea & Bakery,,,,bubble_tea,29.704329,-95.5529386,Harris
Tiger Den,,,,chinese,29.7035384,-95.5533206,Harris
Fu Fu Restaurant,,,,chinese,29.7043193,-95.5532652,Harris
Le’DRIP Coffee & Tea,,,,coffee_shop,29.7043189,-95.5534043,Harris
The Alley,,,,bubble_tea,29.7034872,-95.55332,Harris
Bao Shi Yi Bun House,,,,chinese,29.7043368,-95.5524391,Harris
Cutting Board Seafood & Pasta,,,,seafood,29.7043306,-95.5528615,Harris
Peking Impression,,,,chinese,29.7037115,-95.553331,Harris
Miss Flower Hotpot,,,,chinese,29.7041549,-95.5524248,Harris
AtCha,,,,bubble_tea,29.703431,-95.5533176,Harris
Friendship BBQ,,,,barbecue,29.7031514,-95.5532677,Harris
Tao Rice Roll,,,,chinese,29.7043207,-95.5532113,Harris
Laki Fish,,,,seafood,29.7035896,-95.5533239,Harris
Sharetea,,,,bubble_tea,29.7043252,-95.553088,Harris
Jimmy John's,,,,sandwich,29.7159385,-95.5583408,Harris
Kung Fu Tea,,,,bubble_tea,29.7037697,-95.553331,Harris
Sunright Tea Studio,,,,bubble_tea,29.7052944,-95.5550411,Harris
10X Boba Tea Lounge,Bellaire Boulevard,Houston,77036,bubble_tea,29.7058027,-95.5548966,Harris
Gao’s Crab Houston,Bellaire Boulevard,Houston,77036,seafood,29.7066555,-95.5530772,Harris
X’s Kitchen,Bellaire Boulevard,Houston,77036,chinese,29.7060058,-95.5527117,Harris
L.A. Myung Dong Kyoja,,,,korean,29.7052481,-95.5545958,Harris
Jii Fu Cafe,Bellaire Boulevard,Houston,77036,chinese,29.7065382,-95.5549115,Harris
Sinh Sinh Restaurant,Bellaire Boulevard,Houston,77036,chinese,29.7051436,-95.5535012,Harris
Yummy Yummy,Bellaire Boulevard,Houston,77036,chinese,29.7059132,-95.5548997,Harris
Taste of China,Bellaire Boulevard,Houston,77036,chinese,29.7057466,-95.5527134,Harris
Golden Dumpling House Chinese,Bellaire Boulevard,Houston,77036,chinese,29.706431,-95.5544365,Harris
Tofu Restaurant,Bellaire Boulevard,Houston,77036,korean,29.7064485,-95.5535736,Harris
Bing Su Korean Dessert Cafe,,,,,29.7051547,-95.5545965,Harris
Möge Tee,Bellaire Boulevard,Houston,77036,bubble_tea,29.706161,-95.5527135,Harris
Roce To Meet You,Bellaire Boulevard,Houston,77036,chinese,29.7062955,-95.5527204,Harris
NoriNori,,,,japanese,29.7052908,-95.5553679,Harris
San Chen,,,,bubble_tea,29.7054412,-95.5527051,Harris
7 Leaves Cafe,,,,coffee_shop,29.7050722,-95.5542408,Harris
Mr. Wish,,,,juice,29.7054948,-95.5527011,Harris
bb.q Chicken,Bellaire Boulevard,Houston,77036,korean;chicken,29.7064672,-95.5549068,Harris
Tian Tian Chuaner,Bellaire Boulevard,Houston,77036,chinese,29.706656,-95.5532217,Harris
R&B Tea,,,,bubble_tea,29.7052926,-95.5551935,Harris
Mikiya Wagyu Shabu House,Bellaire Boulevard,Houston,77036,japanese,29.7064435,-95.5545505,Harris
Ji Bei Chuan,Bellaire Boulevard,Houston,77036,noodle,29.7065526,-95.5527176,Harris
Gao’s BBQ Houston,Bellaire Boulevard,Houston,77036,barbecue,29.7066589,-95.5528995,Harris
Dim Sum King,,,,chinese,29.7050896,-95.5557214,Harris
Okome Don,,,,american,29.7050182,-95.5557203,Harris
Arco Seafood Restaurant,Bellaire Boulevard,Houston,77036,seafood,29.7064696,-95.5534617,Harris
Saigon Pagolac,,,,vietnamese,29.7067887,-95.5507286,Harris
Mian,,,,noodle,29.7057581,-95.5506471,Harris
Xing Fu Tang,,,,bubble_tea,29.7026119,-95.5533834,Harris
Juice Box,,,,bubble_tea,29.7037507,-95.55432,Harris
Hunan Bistro,,,,chinese,29.703166,-95.5528361,Harris
Jasmine Asian Cuisine,,,,vietnamese,29.7052109,-95.5556987,Harris
East Wall Restaurant,Bellaire Boulevard,Houston,77036,chinese,29.7026242,-95.552452,Harris
Liuyishou Hot Pot,,,,chinese,29.7026125,-95.5529954,Harris
Vinh Hoa,,,,vietnamese,29.7064378,-95.5510396,Harris
Flavor House,,,,chinese,29.703667,-95.5543191,Harris
Shoo Loong Kan,,,,chinese;hot_pot,29.7056122,-95.5506377,Harris
Crawfish and Beignets,,,,seafood,29.7055201,-95.5506348,Harris
Iwa Ya Teppanyaki & Sushi,,,,japanese,29.705423,-95.550635,Harris
Sichuan Noodles,Bellaire Boulevard,Houston,77036,noodle,29.7026157,-95.5526565,Harris
Happy Lemon,,,,bubble_tea,29.7052866,-95.5555664,Harris
Hui Lau Shan,,,,asian;dessert,29.7026108,-95.5535683,Harris
Royal Buffet,,,,chinese,29.7061528,-95.5509363,Harris
Spicy Hunan,Bellaire Boulevard,Houston,77036,chinese,29.7026139,-95.5527575,Harris
Le Lai Catonese Cuisine,,,,chinese,29.7059156,-95.5506517,Harris
Feng Cha,,,,bubble_tea,29.7026121,-95.5535059,Harris
Tofu Village,Bellaire Boulevard,Houston,77036,korean,29.7026205,-95.5525549,Harris
Mensho,Bellaire Boulevard,Houston,77036,ramen,29.702614,-95.552803,Harris
Fu Fu Cafe,,,,chinese,29.7039917,-95.5543213,Harris
Gong Cha,,,,bubble_tea,29.7026092,-95.5536248,Harris
HK Dim Sum,,,,chinese,29.7037087,-95.5543199,Harris
Toyori,Bellaire Boulevard,Houston,77036,ramen,29.7026151,-95.5527096,Harris
Midnight Kabob and Seafood,,,,barbecue,29.7038084,-95.5543222,Harris
Oyster Bar,,,,seafood,29.7031638,-95.5527616,Harris
Tasty Point,,,,chinese,29.7026066,-95.5536791,Harris
Sweet Memes,,,,,29.7075318,-95.5503725,Harris
Lu Xiang Village,,,,chinese,29.7060662,-95.5522189,Harris
Ohn,,,,korean,29.7075419,-95.5497599,Harris
Ishin Udon,,,,japanese,29.7075398,-95.5498372,Harris
Night Market Noodle,,,,ramen,29.7075345,-95.5502177,Harris
Yukdaejang,,,,korean,29.7061335,-95.5522187,Harris
Dipping Tiger,,,,vietnamese,29.7075326,-95.5502986,Harris
The Morii Coffee,,,,coffee_shop,29.7075368,-95.5500006,Harris
Toukei,,,,japanese,29.7075384,-95.5499219,Harris
Saigon Arts Matcha Cafe,,,,bubble_tea,29.7062128,-95.5522201,Harris
House of Bowls,,,,chinese,29.706285,-95.5522166,Harris
Ichiro Sapporo Ramen,,,,ramen,29.7045214,-95.5490108,Harris
PappaRich Malaysian Delights,,,,asian,29.7045221,-95.5490768,Harris
Meet Fresh,,,,taiwanese,29.7045192,-95.5499389,Harris
Chongqing Chicken Pot,,,,chinese,29.7045184,-95.5496985,Harris
Migo Saigon Food Street,,,,vietnamese,29.70452,-95.5498824,Harris
Two Hands Seoul Fresh Corn Dogs,,,,korean,29.7045187,-95.549765,Harris
Tiger Sugar,,,,bubble_tea,29.7045193,-95.5496227,Harris
Soho Chicken,,,,korean,29.704523,-95.5491506,Harris
Lao'd District,,,,thai,29.7045204,-95.5494913,Harris
Captain Bhang,,,,korean,29.7045191,-95.5498262,Harris
Popfancy Dessert Bar,,,,,29.7045223,-95.5494055,Harris
Tom N Toms Coffee,,,,coffee_shop,29.7045223,-95.5493203,Harris
Shi Miao Dao Yunnan Rice Noodle,,,,chinese,29.7045234,-95.5492327,Harris
Honey Pig,,,,korean,29.7065172,-95.5439923,Harris
Central China,,,,chinese,29.7053514,-95.5484113,Harris
Twinkle,,,,bubble_tea,29.70546,-95.5445144,Harris
Dim Sum King,,,,chinese,29.7065752,-95.5440062,Harris
One Dragon,,,,chinese,29.7059418,-95.5476897,Harris
Shanghai Restaurant,,,,chinese,29.7062607,-95.5439911,Harris
Lucky Bento VIP Cuisine,,,,chinese,29.7057082,-95.5465473,Harris
Jang Choong Dong,,,,korean,29.7061993,-95.5439905,Harris
Stone Age Street food Chinese BBQ,,,,barbecue,29.7054754,-95.5465429,Harris
Fuji Tea,,,,bubble_tea,29.7059418,-95.5477544,Harris
Yǐn Tàng,,,,chinese,29.7059414,-95.5478895,Harris
Hunan Plus,,,,chinese,29.7063247,-95.5439922,Harris
Shabu En,,,,asian,29.7059751,-95.5439927,Harris
Kyuramen,,,,ramen,29.706386,-95.5439913,Harris
Turan Uyghur Kitchen,,,,turkish,29.7059364,-95.5480366,Harris
Pak’s Noodle,,,,noodle,29.7064559,-95.5439924,Harris
Golden Time BBQ,Bellaire Boulevard,Houston,77036,chinese;barbecue,29.7053533,-95.5436502,Harris
Elliott’s Table,,,,american,29.779702,-95.4185011,Harris
Pizaro's Pizza Napoletana,,,,pizza,29.7535635,-95.3919524,Harris
Starbucks,,,,coffee_shop,29.7752596,-95.3906218,Harris
Zalat Pizza,West Holcombe Boulevard,Houston,77030,pizza,29.7058657,-95.4132546,Harris
Starbucks,,,,coffee_shop,29.7045761,-95.5153536,Harris
Chuck’s Kitchen,,,,chinese,29.705752,-95.5338278,Harris
Lucky Palace,,,,korean,29.7058349,-95.5348075,Harris
La Cruderia,,,,mexican,29.7053355,-95.5337085,Harris
Tolo Kebab House,Bellaire Boulevard,Houston,77036,middle_eastern;afgan,29.7045808,-95.5153942,Harris
Pizza Patron,,,,pizza,29.7060588,-95.5376524,Harris
The Ranchito #4,,,,mexican,29.7056245,-95.5375566,Harris
Happy Lamb Hot Pot,,,,chinese,29.7057479,-95.534235,Harris
ChixChixPorkPork,,,,korean,29.7057578,-95.5403786,Harris
Pizza Hut,,,,pizza,29.7057594,-95.540489,Harris
Confucius Seafood Restaurant,Bellaire Boulevard,Houston,77036,seafood,29.7057595,-95.540958,Harris
Yellow River,,,,chinese,29.7066854,-95.5507285,Harris
7Spice Cajun Seafood,,,,seafood,29.7873608,-95.7361703,Harris
Me'Khun Delicacies,,,,thai,29.7873644,-95.7363399,Harris
Maikai Hawaiian BBQ,,,,,29.7873673,-95.7364327,Harris
Mafia Sushi,,,,sushi,29.7874809,-95.7360345,Harris
Dumplingholic House,,,,chinese,29.787009,-95.7348399,Harris
Long Coffee,,,,coffee_shop,29.7873681,-95.7365165,Harris
Thaicoon Restaurant and Pub,,,,thai,29.789516,-95.7714997,Harris
Breaktime Tea Lounge & Bánh Mì,,,,,29.7885713,-95.7709273,Harris
Corner99,,,,vietnamese,29.7888562,-95.7708982,Harris
Ding Tea,,,,bubble_tea,29.7893838,-95.7719934,Harris
Pho K,,,,vietnamese,29.789403,-95.7719217,Harris
Blackpearl Seafood Bar,,,,seafood,29.7893444,-95.7708449,Harris
Xi Hot Pot,,,,chinese,29.7892692,-95.7724046,Harris
Bep Nha Pudding,,,,vietnamese,29.7893638,-95.7720666,Harris
3 Little Pigs Ramen,,,,ramen,29.7895352,-95.7713074,Harris
Jarro Cafe,,,,mexican,29.7890996,-95.770869,Harris
Hanshin Pocha,,,,korean,29.7892784,-95.7708502,Harris
Yummy Hu Tieu Nam Yang,,,,vietnamese,29.7894176,-95.7708404,Harris
Love Letter Pizza & Chicken,,,,pizza,29.7893446,-95.7721404,Harris
Tango’s Southern Blends,,,,coffee_shop,29.7892042,-95.7708575,Harris
Lava Coffee,,,,coffee_shop,29.7893188,-95.7722251,Harris
Bao Bao Banh Mi,,,,vietnamese,29.7895356,-95.7712321,Harris
Dim Sum Box,,,,chinese,29.7895056,-95.7708316,Harris
Tastea,,,,bubble_tea,29.7894268,-95.7718484,Harris
Great American Cookies,,,,cookies,29.9399376,-95.7233312,Harris
L3 Craft Coffee,Fry Road,Cypress,77433,coffee_shop,29.9403236,-95.7227696,Harris
Russo's New York Pizzeria,Fry Road,Cypress,77433,pizza,29.9406693,-95.7222772,Harris
Tacos Del Julio,,,,mexican,29.7845026,-95.7929739,Harris
Bonchon Chicken,,,,chicken;korean;sushi,29.7845021,-95.7922371,Harris
Shish Kebab Cafe,,,,,29.7818245,-95.7170473,Harris
Burger King,,,,burger,30.0112964,-95.7999522,Harris
Gauchos Do Sul,,,,,29.7415234,-95.445015,Harris
Great American Cookies,Katy Freeway Frontage Road,,,cookies,29.7810489,-95.5418132,Harris
The Alley,Westheimer Road,Houston,77077,bubble_tea,29.7370245,-95.5963231,Harris
Gen Korean BBQ,Westheimer Road,Houston,77077,korean;barbecue,29.7372646,-95.5963274,Harris
Osha Thai Kitchen,Westheimer Road,Houston,77077,thai,29.7369942,-95.5949652,Harris
Ramen Bar Ichi,South Dairy Ashford Road,Houston,77077,ramen,29.7479107,-95.6051245,Harris
Chick-fil-A,Fannin Street,Houston,77030,chicken,29.7136297,-95.398124,Harris
Just Falafel,West Loop South,,77027,,29.7454901,-95.4562717,Harris
Kasra Persian Grill,Westheimer Road,,77042,persian,29.7360918,-95.5409781,Harris
,Westheimer Road,Houston,77077,ramen,29.737451,-95.5963284,Harris
,,,,,29.9305761,-95.545191,Harris
Eden Plant Co.,Franklin Street,,77201,bagel;coffee_shop;crepe;tea,29.7653928,-95.3661463,Harris
Iguana Joe’s,,,,mexican,29.8069487,-95.1625232,Harris
Barnaby's Cafe,,,,pizza;american,29.8022214,-95.4920848,Harris
Shipley's Donut,,,,donut,29.8027589,-95.4929602,Harris
Aji Robota & Ramen Tomball,,,,japanese,30.1329445,-95.5527901,Harris
Torchy's Tacos,Louetta Rd,,,,29.9996494,-95.5616347,Harris
Starbucks,,,,coffee_shop,29.5416263,-95.1488725,Harris
Fat Tuesday,,,,,29.5418876,-95.1489329,Harris
Wetzel’s Pretzel,,,,,29.5418203,-95.1489153,Harris
Hasta La Pasta,Cypresswood Dr,,,,30.0111313,-95.5125445,Harris
,,,,,29.5422257,-95.1482565,Harris
,,,,,29.542175,-95.1486178,Harris
Auntie Anne's,,,,pretzel,29.542267,-95.1483436,Harris
Hipnotic,,,,coffee_shop,29.5423041,-95.1482969,Harris
Ruby,,,,thai,29.5422383,-95.1484219,Harris
,,,,,29.5421111,-95.1489881,Harris
Alicia's Mexican Grille,Kuykendahl Rd,,,,30.0726162,-95.5106501,Harris
Japanese Ramen Gachi,West Holcombe Boulevard,,77030,japanese;ramen;tea,29.7069519,-95.4121704,Harris
WOK & ROLL Chinese and Sushi Restaurant,Cypress Creek Pkwy G,,,,29.9958712,-95.4863399,Harris
McDonald's,,,,burger,29.8173653,-95.8028054,Harris
La Machaka Tex-Mex,Morton Ranch Road,Katy,77449,mexican,29.8166246,-95.7752643,Harris
Brisket Dog,,,,barbecue,29.8166976,-95.7641134,Harris
Donut Cafe,,,,donut,29.8025036,-95.7607556,Harris
Ella Coffee at M&Co,University Boulevard,West University Place,77005,coffee_shop;italian;pastry;sandwich;breakfast;juice,29.7150485,-95.4333479,Harris
In-N-Out Burger,El Dorado Boulevard,,77598,burger,29.5534203,-95.1503672,Harris
,Woodforest Boulevard,,77015,seafood,29.7902517,-95.1630471,Harris
Baytown Seafood,Woodforest Boulevard,,77015,seafood,29.7902517,-95.1630471,Harris
Little Caesars Pizza,Woodforest Boulevard,,77015,pizza,29.7915416,-95.1877121,Harris
,,,,,29.7398498,-95.266787,Harris
PrimoHoagies,North Highway 6,Houston,77084,sandwich,29.8744648,-95.6448427,Harris
Katy Pizza Kitchen,,,,pizza,29.7836296,-95.7067769,Harris
Subway,East Freeway,,77015,sandwich,29.7694727,-95.1868539,Harris
Taco Cabana,East Freeway,,77015,mexican,29.7713213,-95.184004,Harris
Hobo's,East Freeway,,77015,sandwich,29.7719335,-95.1854303,Harris
,,,,,29.7912954,-95.0903365,Harris
13th Street Bar-B-Que of Cataula,U.S. Hwy 27,Cataula,31804,barbecue,32.6207926,-84.9041965,Harris
Taco Corner,,,,mexican,30.0663398,-95.8586848,Harris
Potbelly Sandwich Shop,Gulf Freeway,,77598,american;sandwich,29.5423606,-95.1403307,Harris
Chick-fil-a,Pearland Parkway,,77089,american;chicken,29.5973848,-95.2669415,Harris
2 Guys 1 Pit BBQ and Catering,Spring Cypress Rd,,,,30.0123547,-95.6022049,Harris
Heights Bulldog Café,,,,,29.7954284,-95.3931374,Harris
Country Chick & Fish New York Syle,U.S. Hwy 27,Cataula,31804,,32.6335111,-84.8935151,Harris
Subway,,,,sandwich,29.7844564,-95.7915102,Harris
Freddy's,,,,ice_cream;burger,29.7844657,-95.7911454,Harris
Golden Chick,Garth Road,,,chicken,29.818352,-94.983257,Harris
Checkers,,,,burger,29.8181859,-94.983838,Harris
Charleys Philly Steaks,,,,sandwich,29.8182561,-94.9829303,Harris
Starbucks,East Orem Drive,Houston,,coffee_shop,29.6281171,-95.3855345,Harris
La Pupusa Loca,Hillcroft Avenue,Houston,77081,latin_american,29.7014051,-95.4926199,Harris
Church's Chicken,,,,chicken,29.924005,-95.2010368,Harris
Pepper Salt,Beechnut Street,Houston,77096,chinese,29.6886681,-95.4753413,Harris
Ahi Poke,Northwest Freeway,Houston,77065,hawaiian,29.9156714,-95.6162232,Harris
Tacos Tec,Northwest Freeway,Houston,77065,mexican,29.9154963,-95.6161457,Harris
Domino's,,,,pizza,29.9511959,-95.4088883,Harris
Taqueria Lola's,,,,mexican,29.9511977,-95.4086852,Harris
P.F. Chang's,Westheimer Road,,77056,asian,29.7398705,-95.4676725,Harris
P.F. Chang's,West Bay Area Boulevard,,77546,asian;chinese,29.5389479,-95.147752,Harris
Acai Brasil,,,,,29.7843465,-95.7048232,Harris
Rustika Cafe & Bakery,,,,,29.7843459,-95.7047771,Harris
Kefita Coffee,La Branch Street,Houston,77002,coffee_shop;ethiopian,29.7433146,-95.3696973,Harris
Steak 'n Shake,North Terminal Road,Houston,77032,burger,29.9855542,-95.3383049,Harris
Bahama Buck's,,,,,29.8116199,-95.3989815,Harris
Nobie's,Colquitt Street,,77098,american,29.735342,-95.4100812,Harris
La La Land Kind Cafe,South Shepherd Drive,,77098,coffee_shop,29.7348835,-95.4108541,Harris
Dripped Birria (Montrose),South Shepherd Drive,,77098,mexican,29.7343797,-95.4109773,Harris
Taquería Vicente (Food Truck),South Shepherd Drive,,77098,mexican,29.7344064,-95.4105774,Harris
Amore,South Shepherd Drive,,77098,italian,29.7360969,-95.4108515,Harris
Gusto Gourmet,South Shepherd Drive,,77098,,29.7362807,-95.4108378,Harris
LongHorn Steakhouse,,,,steak_house,29.9942584,-95.7548621,Harris
,,,,mexican,30.0475151,-95.3871535,Harris
Sushi 9,South Mason Road,Katy,77450,japanese;sushi,29.7553338,-95.7522204,Harris
Taste of Nigeria,Richmond Avenue,Houston,77057,nigerian,29.7310474,-95.4838517,Harris
Two Hands,North Freeway,Spring,77388,corn_dog,30.0725379,-95.4364865,Harris
Roll-em-Up Taquitos,,,,mexican,29.7746515,-95.3879414,Harris
Abdallah's Lebaese Cafe,Katy Freeway Service Road,Houston,77007,lebanese,29.7742711,-95.3879101,Harris
Lin’s Grand Buffet,Farm to Market 1960 Rd,,,chinese,29.986408,-95.4979305,Harris
Drake's Hollywood,Westheimer Road,,77006,steak_house,29.7449029,-95.392926,Harris
Grato Italian Restaurant,FM 529,Cypress,77433,italian,29.8789711,-95.7244801,Harris
The Boba Shop,North Freeway,Spring,77388,asian;bubble_tea,30.0722259,-95.4364152,Harris
Chocho Hot Pot Katy Premium All You Can Eat,Mercantile Parkway,Katy,77449,asian;chinese;hotpot,29.7895674,-95.7668256,Harris
Gauchos Do Sul,West Grand Parkway South,Katy,77494,steak_house;brazilian,29.7669755,-95.777397,Harris
Mariscos,,,,,29.7663071,-95.7772786,Harris
Laredo Taco Company,,,,tex-mex,29.8068431,-94.9656143,Harris
The Cuppo Coffee & Tea - Jersey Village,Jones Road,Jersey Village,77065,coffee_shop,29.902576,-95.5850595,Harris
Las Tortas Perronas,Bingle Road,Houston,77080,mexican,29.8046689,-95.5013011,Harris
Jack in the Box,,,,burger,29.7035451,-95.5715355,Harris
My Fir Foods,,,,,29.7752456,-95.3904608,Harris
Cicis Pizza,Farm to Market 1960 Rd,,,,29.9863363,-95.498081,Harris
Hayat Cafe,Westheimer Road,Houston,77063,turkish,29.7363657,-95.5250244,Harris
El Kiosko #13,Cypresswood Drive,Spring,77388,mexican,30.0540715,-95.434712,Harris
Che Gaucho,West Main Street,Tomball,77375,argentinian,30.0951303,-95.619877,Harris
Beikos,Southwest Freeway Frontage Road,Houston,77074,turkish,29.7132122,-95.5041842,Harris
Lucy,Southwest Freeway Frontage Road,Houston,77074,ethopian,29.7133476,-95.5041731,Harris
Tau Bay,Southwest Freeway Frontage Road,Houston,77074,vietnamese,29.6915944,-95.530263,Harris
Afrikiko,Bissonnet Street,Houston,77036,african;west_african,29.6743899,-95.5466475,Harris
Omelette & Waffle,Beechnut Street,Houston,77036,breakfast,29.6912206,-95.5340651,Harris
Little Caesars Pizza,Center Street,,77536,,29.6908357,-95.1230933,Harris
Adulis,Bellaire Boulevard,Houston,77081,eritrean,29.7071428,-95.4842231,Harris
Shipley Do-Nuts,Bissonnet Street,Bellaire,77401,donut,29.7051618,-95.4713429,Harris
Gold Tooth Tony’s Detroit Pizza,Bellaire Boulevard,Bellaire,77401,pizza,29.7051626,-95.4712768,Harris
,,,,,29.7371997,-95.5040708,Harris
Mad Dogs,,,,hot_dog,29.7376578,-95.5722344,Harris
Cocoa Cookie Bar,,,,,29.737647,-95.5728062,Harris
,,,,,29.7943828,-95.5223281,Harris
JuiceWell,,,,juice,29.7324159,-95.4378535,Harris
Little Jimmy's Deli,,,,sandwich,29.7324243,-95.4375997,Harris
Mia Bella Trattoria,,,,italian,29.7324243,-95.4381428,Harris
Tacos A Go Go,,,,mexican,29.7324229,-95.4376757,Harris
Koko Cafe,,,,pizza;chicken;korean,29.7164689,-95.3949106,Harris
Coco Crepes & Coffee,Vintage Park Boulevard,Houston,,crepe;coffee_shop;waffle,29.9945853,-95.5724309,Harris
Coffee Fellows,Bissonnet St,,,coffee_shop,29.7094738,-95.4649053,Harris
Fainmous BBQ,Oliver Street,Houston,77007,barbecue,29.7708078,-95.3863641,Harris
vacant,,,,,29.7708056,-95.3859688,Harris
Layne's Chicken Fingers,,,,chicken,29.8138273,-95.4291123,Harris
Urban Bird - Hot Chicken,Grand Parkway,,77388,chicken,30.0851391,-95.4495636,Harris
Craft Grill - Breakfast Club,,,,,30.1279439,-95.5545815,Harris
World of Sourdough,,,,sandwich;soup;salad,29.7748583,-95.38842,Harris
First Watch,,,,american;breakfast,29.7748647,-95.3882359,Harris
Tout Suite,Fannin Street,Houston,77002,coffee_shop,29.752239,-95.3668371,Harris
Five Guys,,,,burger,29.9683734,-95.5324993,Harris
Cafe Adel,San Felipe Street,Houston,77057,bosnian,29.749154,-95.4971248,Harris
Pizza Hut,North Fry Road,,77449,pizza,29.8496437,-95.7182008,Harris
Reggae Hut,Almeda Road,Houston,77004,caribbean,29.7265514,-95.3776957,Harris
Press Waffle Co.,Smith Street,Houston,77002,coffee_shop;pasta,29.7631385,-95.3647591,Harris
Corner Bakery,Main Street,Houston,77002,coffee_shop,29.7569524,-95.3652551,Harris
Little Caesars,,,,pizza,29.8507189,-95.7180819,Harris
Pizza Hut,,,,pizza,29.704216,-95.5715505,Harris
Wendy's,,,,,29.7939383,-95.8014306,Harris
Gee's Mini Pancakes,Louetta Road,Spring,77388,pancake;dessert,30.0410422,-95.4866052,Harris
Madras Curry House,FM 2920,Spring,77388,indian,30.0709635,-95.4738188,Harris
Subway,FM 2920,Spring,77388,sandwich,30.0709631,-95.4741826,Harris
The BobaShop,FM 2920,Spring,77388,bubble_tea,30.070963,-95.474327,Harris
Gran Colombia,FM 2920,Spring,77388,colombian,30.074485,-95.498919,Harris
Beans & Brews,FM 2920,Spring,77388,coffee_shop,30.0744691,-95.4987129,Harris
La Casa del Abuelo,FM 2920,Spring,77388,mexican,30.0744687,-95.4986271,Harris
Tara Grill,FM 2920,Spring,77388,pakistani;american,30.0744683,-95.4985244,Harris
Belly of the Beast,FM 2920,Spring,77388,mexican,30.0744669,-95.4982004,Harris
RaKuu Sushi Bar,FM 2920,Spring,77388,sushi,30.0744663,-95.4980673,Harris
CoffeeTrend,South Braeswood Boulevard,Houston,77025,coffee_shop,29.6898161,-95.4429483,Harris
La Tazza Specialty Coffee,Stella Link Road,Houston,77025,coffee_shop,29.6926465,-95.4393486,Harris
Chipotle,Eldridge Parkway,Houston,77082,mexican,29.734795,-95.6242478,Harris
Pizza Patrón,Eldridge Parkway,Houston,77082,pizza,29.734875,-95.6242453,Harris
Charleys Philly Steaks,,,,sandwich,29.7349397,-95.6242432,Harris
Little Caesers,Red Bluff Road,,77506,,29.695895,-95.1745347,Harris
Weinerschnitzel,,,,hot_dog,29.7189398,-95.6447502,Harris
Shipley Do-Nuts,,,,donut,29.8792551,-95.7205075,Harris
La Reyna Tortilleria,,,,mexican,29.8792653,-95.7207492,Harris
Subway,,,,sandwich,29.8784097,-95.7214679,Harris
Roy's Breakfast & Lunch,,,,,29.8804491,-95.7190306,Harris
Taqueria Michoacan,,,,mexican,29.9365663,-95.4827207,Harris
,,,,burger,29.7252016,-95.5544093,Harris
Tacos El Suave,,,,mexican,29.936005,-95.4975248,Harris
,,,,barbecue,29.8803063,-95.5979399,Harris
"Q Wings, Seafood, & Boba",Bissonnet Street,Houston,77074,wings;seafood,29.6899977,-95.5014838,Harris
Kolache Factory,,,,,29.816364,-95.7725384,Harris
Lo Nuevo De Jalisco,South Willow Drive,Houston,77035,mexican,29.6525557,-95.475691,Harris
IKEA Restaurant,,,,swedish,29.7855293,-95.4722962,Harris
IKEA Bistro,,,,swedish,29.785726,-95.4719299,Harris
The Gyro Guys,,,,,29.6934851,-95.4116513,Harris
Denna's Donuts,,,,donut,29.9655662,-95.3984335,Harris
Raising Cane's Chicken Fingers,Wallisville Road,,77049,chicken,29.8077092,-95.1698728,Harris
Dave's Hot Chicken,Wallisville Road,,77049,chicken,29.8079561,-95.1690134,Harris
Taquitos Sam Liis,,,,mexican,29.8572872,-95.3844058,Harris
Las Perras Cafe,Harrisburg Boulevard,Houston,77003,coffee_shop,29.7483085,-95.3407725,Harris
Domino's,,,,pizza,29.902891,-95.3310976,Harris
Chuck E. Cheese,,,,pizza,30.0198648,-95.4268121,Harris
JLB Eatery,,,,,29.9338025,-95.5845857,Harris
Dish Society,,,,,29.7904979,-95.3987269,Harris
Nan Xiang Express,Farm to Market 1960 Road West,Houston,77065,chinese,29.9184229,-95.6134996,Harris
Shipley Do-Nuts,"7211 Atascocita Rd Humble, TX",,77346,donut,29.9970851,-95.1685491,Harris
Shipley Do-Nuts,,,,donut,29.9991861,-95.192453,Harris
Chili’s Bar And Grill,,,,,30.0068823,-95.266276,Harris
Popeyes,,,,,30.0054842,-95.2660046,Harris
El Pollo Loco,,,,,30.0043851,-95.2786592,Harris
HB Japanese Sushi And Steak House,,,,,30.004336,-95.2794623,Harris
Italiano’s,,,,,30.0038978,-95.151417,Harris
Best Donuts,,,,donut,30.0040451,-95.152725,Harris
Sweet Escape,,,,,29.9826538,-95.1684677,Harris
Subway,West Lake Houston Parkway,Humble,77346,sandwich,30.0005897,-95.1637484,Harris
Qdoba,FM 1960 East,,77346,mexican,30.00009,-95.1635264,Harris
Sonic,,,,,30.0196017,-95.1093544,Harris
Tai Li Chinese Restaurant,,,,,30.0040932,-95.15338,Harris
Popeyes,,,,chicken,29.9971013,-95.1624638,Harris
Angry Crab Shack,FM 1960,Atascocita,77346,seafood,29.998987,-95.1730409,Harris
Taco’s Flores,,,,mexican,29.9987259,-95.2032009,Harris
,,,,,29.9996055,-95.1923046,Harris
Burger King,,,,burger,29.9785521,-95.2605859,Harris
Taco Bell,,,,tex-mex,29.9978066,-95.1679892,Harris
Wendy's,,,,burger,29.9978174,-95.168426,Harris
Noodle House - Bun Bo Hue,,,,noodle,29.9166147,-95.4901727,Harris
Pho Dung 3 - Vietnamese Noodle House & Restaurant,,,,vietnamese,29.9161187,-95.4892703,Harris
Flakey's Pizza,Milby Street,Houston,77003,pizza,29.7414637,-95.3422742,Harris
Liberty Grill,Smith Street,Houston,77002,,29.7518493,-95.3735476,Harris
Church's Chicken,,,,chicken,29.9205147,-95.4459529,Harris
La Palapa Mexican Cafe,,,,mexican,29.9275621,-95.4530795,Harris
CP Seafood & Daiquiri Bar,,,,seafood,29.9212605,-95.4480672,Harris
Tacos Los Gemelos,,,,mexican,29.9283324,-95.4536228,Harris
Sabores Venezolano,Westheimer Road,Houston,77077,venezuelan,29.7354314,-95.6294681,Harris
Sabores Venezolano,Westheimer Road,Houston,77063,venezuelan,29.7379419,-95.5264008,Harris
Cafe 101,Bellaire Boulevard,,,,29.7042745,-95.5544831,Harris
Subway,,,,sandwich,29.9025449,-95.3146733,Harris
Wingstop,,,,wings,29.9019205,-95.3138862,Harris
Las Quesadillas,,,,mexican,29.901785,-95.334693,Harris
Hippo Burgers,,,,burger,29.9027453,-95.3502315,Harris
Shipley Do-Nuts,,,,donut,29.9028525,-95.3387476,Harris
Spicy House,Farm to Market 1960 Rd W,,77065,asian,29.92172,-95.6059623,Harris
Backyard Grill,Jones Road,Houston,77065,burger;american;beer,29.9094411,-95.5858023,Harris
Backyard Grill To-Go Entrance,,,,,29.9095563,-95.5859513,Harris
Pizza Hut,,,,pizza,29.7947353,-95.7187303,Harris
Dutch Bros. Coffee,FM 1960 Rd W,Houston,77065,coffee_shop,29.9201685,-95.6072431,Harris
Urban Bird Hot Chicken,FM 1960 Rd W,Houston,77065,chicken;american,29.9204278,-95.6064031,Harris
V&K Donuts,,,,donut,29.9026857,-95.5850291,Harris
Gyro Hut,San Felipe Street,Houston,77057-3433,mediterranean,29.7489948,-95.4842811,Harris
Phat Eatery,Colonial Parkway,Katy,77449,malaysian,29.7933987,-95.7741974,Harris
Mrs. Donuts,Memorial Drive,Houston,77079,donut,29.7706762,-95.611632,Harris
Veteran Brew Coffee Company,Atascocita Road,Humble,77346-2846,coffee_shop,29.9871477,-95.1977096,Harris
Bea's Kitchen,US 59 (Eastex Freeway) HOV/HOT lane,Humble,77338,filipino,29.9990498,-95.2722748,Harris
RoadRunners Coffee Drive Thru,Huffmeister Road,Houston,77095,coffee_shop,29.916273,-95.6299739,Harris
Craft Grill - Breakfast Club,Kuykendahl Road,,,diner,30.1279767,-95.5544947,Harris
Soju 101,Colonial Parkway,Katy,77449,korean,29.7935002,-95.7730861,Harris
Chung Wang BBQ,Colonial Parkway,Katy,77449,chinese,29.793543,-95.7742029,Harris
Mala Sichuan Bistro,Colonial Parkway,katy,77449,chinese,29.7925144,-95.7729819,Harris
Hong Kong Food Street,Colonial Parkway,Katy,77449,chinese,29.7935097,-95.7715942,Harris
PJ's Coffee of New Orleans,Katy Fort Bend Road,Katy,77494,coffee_shop,29.7896448,-95.8021802,Harris
Talespin Pizza,Katy Freeway Frontage Road,Houston,77043,pizza,29.78545,-95.5819297,Harris
Nate's Diner,,,,american,29.9489987,-95.4693871,Harris
Yanceys Fried Lobster and Waffle,Westheimer Road,Houston,77082,,29.7338497,-95.6514864,Harris
EZ Backyard Bar B Q,West 18th Street,Houston,77008,barbecue,29.8019547,-95.4120491,Harris
EZ Backyard Bar B Q,Cullen Boulevard,Houston,77023-3046,barbecue,29.7372171,-95.3402594,Harris
EZ Backyard Bar B Q,T C Jester Boulevard,Houston,77091,barbecue,29.84518,-95.4593116,Harris
Tsukiji Fusion Sushi - Katy,Katy Freeway,Katy,77494,,29.7843917,-95.7946239,Harris
Gyro King,,,,,29.924862,-95.5994996,Harris
Firehouse Subs,,,,sandwich,29.9240692,-95.5991669,Harris
Whataburger,,,,burger,29.9328727,-95.5858226,Harris
Starbucks,Eastex Freeway,,,,30.0083093,-95.2705598,Harris
Sushi Choo Choo,,,,sushi,29.9238365,-95.5997007,Harris
Two Hands Fresh Corn Dogs,,,,,29.9239108,-95.5995639,Harris
Black Rifle Coffee Company,,,,coffee_shop,29.9330702,-95.5853828,Harris
Potbelly,,,,sandwich,29.9977426,-95.1707564,Harris
Sonic,,,,burger,29.9307275,-95.3549879,Harris
El Dorado Taqueria,,,,mexican,29.9320659,-95.4135186,Harris
Las Dos Huastecas,,,,mexican,29.923262,-95.449084,Harris
Wendy's,,,,burger,29.9648882,-95.435909,Harris
Veganism Htx,Cypresswood Drive,Spring,77373,cajun,30.062641,-95.393257,Harris
Patis & Toyo,,,,filipino;asian,29.7882419,-95.7723221,Harris
Kizuki,,,,japanese;ramen;asian,29.788322,-95.7724553,Harris
Black Rock Coffee Bar,,,,coffee_shop,29.8310118,-95.7722924,Harris
Lucho's Tex Mex,Bay Area Boulevard,,77058,mexican,29.5688788,-95.1106304,Harris
Sweet Greek Grill,Louetta Rd,,,,30.0124033,-95.5400377,Harris
Church's Chicken,,,,chicken,29.9032205,-95.3155225,Harris
Sonic,,,,burger,29.9668294,-95.4235503,Harris
Pizza Patrón,,,,pizza,29.9016324,-95.3541923,Harris
Tony's Country Kitchen,,,,american,29.9317558,-95.3567333,Harris
Frenchy's Chicken,,,,chicken,29.9655618,-95.3988551,Harris
Sammy G's  District 70,East NASA Parkway,El Lago,77586,seafood,29.5649884,-95.054954,Harris
Hartz Chicken Buffet,,,,chicken,30.0141533,-95.5873689,Harris
Shipley Do-Nuts,,,,donut,30.0140736,-95.5874835,Harris
Taco Bell,,,,tex-mex,30.0742805,-95.6266023,Harris
hTX Cones and Daiquiris,Cypresswood Drive,Spring,77373-8954,,30.0650785,-95.3672556,Harris
Laredo Taco Company,,,,tex-mex,29.9465867,-95.5630881,Harris
Pollo Campero,,,,chicken,29.9111939,-95.4810438,Harris
Hartz Chicken Buffet,,,,chicken,29.9250915,-95.50168,Harris
Subway,,,,sandwich,29.8977135,-95.4280934,Harris
Jack in the Box,,,,burger,29.9028736,-95.3334188,Harris
The Indian Deck Bar and Bistro,,,,indian,29.9021039,-95.3368107,Harris
China Wok,,,,chinese,29.9022799,-95.332728,Harris
El Vaquero Mexican Restaurant,,,,mexican,29.902865,-95.3359808,Harris
Brewingz,,,,wings,29.7132837,-95.3139403,Harris
Pick Up Stix,,,,chinese,29.6529454,-95.2766795,Harris
Yard House,,,,,29.652664,-95.2756974,Harris
Pink's Pizza,,,,pizza,29.6528112,-95.2765091,Harris
Pei Wei,,,,asian,29.6548495,-95.2791284,Harris
Starbucks,,,,coffee_shop,29.6550226,-95.2786388,Harris
The Spot,,,,,29.6549741,-95.2777135,Harris
Dunkin',,,,donut;coffee_shop,29.6525822,-95.2754084,Harris
La Trelle's Tex-Mex Kitchen,,,,mexican,29.6528839,-95.2764728,Harris
Pho Dien Vietnamese Noodle Soups,South Mason Road,Katy,77450,vietnamese,29.766579,-95.7521777,Harris
Yokushi Robata,Richmond Avenue,,,japanese,29.7322823,-95.4398303,Harris
Variedades La Oriental,Airline Drive,Houston,77037,salvadoran,29.9191565,-95.4060429,Harris
Jack in the Box,,,,burger,29.9398306,-95.3845151,Harris
Jollibee,Westheimer Road,Houston,77082,burger,29.7353257,-95.6264753,Harris
Dutch Bros. Coffee,,,,coffee_shop,29.937025,-95.2669139,Harris
Gringo’s Mexican Kitchen,Cypresswood Dr,,,,30.0107517,-95.513237,Harris
Dairy Queen,,,,ice_cream;burger;chicken,29.9314596,-95.3970896,Harris
Tacos Cecina,,,,mexican,29.9323013,-95.4091339,Harris
Le Peep,Katy Freeway,,,,29.7836898,-95.5369842,Harris
Snap Kitchen,Katy Freeway,,,,29.7836967,-95.5368084,Harris
KFC,,,,chicken,29.902627,-95.3161317,Harris
Donut Delight,,,,donut,30.0240349,-95.4150657,Harris
Viet Subs,,,,vietnamese,29.9957024,-95.5758355,Harris
Mean Burger,FM1960 Bypass Road West,Humble,77338,burger,30.0061847,-95.2842619,Harris
Starbucks,Katy Freeway,Houston,77094,coffee_shop,29.7843665,-95.7054121,Harris
Potbelly,,,,sandwich,29.7843661,-95.7056176,Harris
Teriyaki Madness,,,,japanese,29.7843434,-95.704966,Harris
Torchy's Tacos,,,,,29.7843303,-95.7023898,Harris
Wingstop,Katy Freeway,Houston,77094,wings,29.7843402,-95.702711,Harris
Pita Pit,,,,pita,29.7843426,-95.7027882,Harris
Snappy Salads,,,,,29.7843445,-95.7028525,Harris
Subway,,,,,29.6798901,-95.4244166,Harris
Chuy's,,,,tex-mex,29.9889028,-95.5710705,Harris
Shipley Do-Nuts,,,,donut,29.9714803,-95.5630544,Harris
i Boba,,,,bubble_tea,29.9142816,-95.4407091,Harris
Tacos Del Julio,,,,mexican,29.9119407,-95.4042733,Harris
Tortas and Grill,,,,mexican,29.9153415,-95.4332233,Harris
DK Japanese Street Food,Durham Drive,,,japanese,29.7764927,-95.4113467,Harris
Vibrant - Health Foods,North Picnic Lane,,,coffee_shop,29.7668025,-95.4472902,Harris
Baobae,,,,chinese,29.809174,-95.4586253,Harris
Crafty Crab,,,,seafood,30.0200926,-95.4311232,Harris
Lupe Tortilla,,,,mexican,29.9904052,-95.4258915,Harris
Slim Chickens,,,,chicken,30.0191739,-95.4373148,Harris
Mr G Pizza,,,,pizza,29.9497794,-95.4229716,Harris
Pizza Inn,,,,pizza,29.9366999,-95.483685,Harris
Zayna Cafe,Gulf Freeway,Webster,77598,,29.5277262,-95.1278616,Harris
Starbucks,,,,coffee_shop,29.8031554,-95.8025824,Harris
Gio Cha Bao Long,,,,vietnamese,29.9336256,-95.4578253,Harris
Mazajj Organic Coffee,Mason Road,Katy,77449,,29.8295256,-95.7538423,Harris
YaYa's Table,FM 529 Road,Cypress,77433-1181,,29.8795971,-95.6842039,Harris
Blessed Nutrition,Clay Road,Katy,77493,,29.8260183,-95.7764002,Harris
Darband Shishkabob,Hillcroft Avenue,Houston,77036,persian;kebab,29.7216032,-95.5016357,Harris
Taco Bell,,,,tex-mex,29.9025031,-95.3092666,Harris
Kaiten Sushi Ginza Onodera Houston,Westheimer Road,Houston,77077,sushi,29.7367077,-95.5963053,Harris
Cinnabon,,,,dessert,29.9379272,-95.372656,Harris
Eden Plant Co,,,,coffee_shop,29.769798,-95.3567452,Harris
KPOT Korean BBQ & Hot Pot,,,,korean,29.9566095,-95.5445519,Harris
Subway,,,,sandwich,29.9451666,-95.4664297,Harris
Church's Chicken,,,,chicken,29.9579163,-95.4752215,Harris
Chipotle,,,,mexican,29.9863688,-95.50025,Harris
Buffalo Wild Wings GO,,,,wings,29.9863518,-95.5003199,Harris
Biryani Pot,Westheimer Road,Houston,77057,"Indian, Hyderabadi",29.737262,-95.4995827,Harris
Laredo Taco Company,,,,tex-mex,30.0636005,-95.4394852,Harris
McDonald's,,,,burger,29.7832774,-95.5205792,Harris
Churro Mania,Silber Rd,,,,29.7890371,-95.4656497,Harris
Sarku Japan,,,,japanese,29.7804526,-95.540483,Harris
Bowl's Masala Indian Fusion Cuisine,,,,indian,29.7802982,-95.5404775,Harris
Charleys Philly Steaks,,,,sandwich,29.7805941,-95.5404882,Harris
Cinnabon,,,,dessert,29.7805887,-95.540011,Harris
Master Wok,Memorial City,,,chinese,29.7805221,-95.5404847,Harris
Twisted Grilled Cheese,,,,sandwich,29.7803774,-95.5404803,Harris
Gyro King,,,,kebab,29.6981148,-95.3876292,Harris
Burger Tex,Brittmoore Park Drive,,77041,american;burger,29.8455988,-95.5705862,Harris
,,,,mexican,29.9995864,-95.2535557,Harris
4 corners BBQ,,,,,29.7896743,-95.05756,Harris
Banh Mi No. 1,,,,vietnamese,29.933393,-95.4576171,Harris
Aloha Hawaiian BBQ,,,,barbecue,29.9246063,-95.6019338,Harris
Subway,,,,sandwich,29.9234229,-95.6051048,Harris
Ohiba Hot Pot,,,,hotpot,29.9233731,-95.6052615,Harris
Smashburger,,,,burger,29.9746922,-95.6999603,Harris
Raising Cane's,,,,chicken,29.9747459,-95.7005647,Harris
Potbelly,,,,sandwich,29.9728101,-95.6992887,Harris
Panera Bread,,,,sandwich;bakery,29.9724303,-95.6975567,Harris
Dario's Steakhouse & Seafood,,,,steak_house,29.9753295,-95.7011782,Harris
Alicia’s Mexican Grille,,,,mexican,29.974983,-95.701334,Harris
Plum Skybar and Lounge,Bertner Avenue,Houston,77030,american,29.6993958,-95.3995276,Harris
The G Spot (Food Truck),Cullen Boulevard,Houston,77051-1713,,29.6796315,-95.355582,Harris
Cowgirls Coffee,,,,coffee_shop,29.9297048,-95.5642189,Harris
D' Cuba Boy Restaurant,,,,,29.9337684,-95.5843459,Harris
Blossom Reserve,Bertner Avenue,Houston,77030,american;asian,29.6995148,-95.3995379,Harris
Daiya Foods,Wilcrest Drive,Houston,77042-2640,sri_lankan,29.745525,-95.572421,Harris
Panda Express,,Humble,,chinese,29.9805948,-95.2760842,Harris
Starbucks,,Humble,,coffee_shop,29.9797326,-95.2761893,Harris
Las Margarita's - Mexican Restaurant & Cantina,,,,mexican,29.9910861,-95.4254053,Harris
Angus Grill Brazilian Steakhouse,,Katy,77494,brazilian,29.7753693,-95.7785186,Harris
Slim Chickens,,,,,30.0056468,-95.288199,Harris
McAlister's Deli,,,,,30.0055851,-95.2819357,Harris
KFC,,,,,30.005531,-95.285952,Harris
Tropical Smoothie Cafe,Clay Road,Katy,77493,juice,29.8309992,-95.7748907,Harris
Dulce Donuts,Clay Road,Katy,77493,donut,29.8310108,-95.7750869,Harris
Pizza Twist,,,,pizza,29.9378853,-95.6799255,Harris
Black Rock Coffee,,,,coffee_shop,29.9379766,-95.6798982,Harris
The Landing,Airport Boulevard,Houston,77061,american,29.6591042,-95.2685103,Harris
La Guerita Roasted Corn #3 (food truck),North Highway 6,,,mexican,29.8664664,-95.6454431,Harris
Bistro Mistral,,,,,29.7732525,-95.5809889,Harris
Management Sushi,,,,sushi,29.7732966,-95.5812504,Harris
Mamasan Sushi,,,,sushi,29.7732912,-95.5812465,Harris
Blodgett Fish Market,Blodgett Street,,77004,,29.7239626,-95.3703119,Harris
Daily Gather,Sorella Court,,,,29.7803797,-95.5611692,Harris
Rico's Mexican Grill,,,,mexican,30.0319709,-95.5535042,Harris
San San Tofu,,,,,29.710562,-95.5709198,Harris
Sabor Mexican Kitchen & Seafood,,,,mexican,29.9709872,-95.5627698,Harris
Domino's,,,,pizza,29.7717203,-95.5582359,Harris
Takos La Gorda,Jones Road,Houston,77065,mexican,29.9197937,-95.5836014,Harris
True Texas Boil House,Beechnut Street,Houston,77072,seafood,29.690702,-95.5599196,Harris
Fu Fu Dim Sum & Hot Pot,Bellaire Boulevard,Houston,77072,chinese,29.7048867,-95.5869394,Harris
Da Boba,Bellaire Boulevard,Houston,77072,bubble_tea,29.7041783,-95.5812225,Harris
Duc Phuong Thach Chè,Bellaire Boulevard,Houston,77072,vietnamese,29.7044554,-95.5799873,Harris
Arepas By Perla,,,,,29.7806413,-95.5403191,Harris
Nguyen-Ngo,,,,vietnamese;sandwich,29.7048213,-95.5773854,Harris
Viet Alley,,,,vietnamese;noodle,29.7049271,-95.5771666,Harris
Thien Thanh,,,,vietnamese;noodle,29.7045507,-95.5773867,Harris
Black Rock Coffee Bar,West Bay Area Boulevard,,77598,,29.544497,-95.1352858,Harris
Shawarma Stop,,,,arab,29.7142353,-95.3814921,Harris
Taqueria La India,Larkin Street,,77007,mexican,29.7792345,-95.4198996,Harris
Jimmy John's,Dallas Street,Houston,77002,sandwich,29.7574595,-95.3702188,Harris
Morningside Thai Restaurant,South Braeswood Boulevard,Houston,77030,thai,29.6959947,-95.4161699,Harris
Dawn Donuts,S Main Street,Houston,77025,donut,29.6859023,-95.4219471,Harris
Calliope's,S Main Street,Houston,77025,seafood,29.6855854,-95.4221549,Harris
Ella Coffee,Sunset Boulevard,Houston,77005,coffee_shop;italian,29.7232593,-95.415771,Harris
Chycho's,Aldine Westfield Road,,77373,mexican,30.0492314,-95.3870332,Harris
Houston Taco Plug,Washington Avenue,Houston,77007,mexican,29.7706858,-95.4148711,Harris
Alicia's,Northwest Freeway,,77429,mexican,29.9750049,-95.7012513,Harris
Galiana's,Northwest Freeway,,77429,mexican,29.9529033,-95.6708567,Harris
Romero's Las Brazos Mexican Kitchen,Longenbaugh Drive,,77095,mexican,29.8913948,-95.6426624,Harris
Taco de Oro,Barker Cypress Road,,77433,mexican,29.9198238,-95.6855713,Harris
Torchy's Tacos,Barker Cypress Road,,77433,mexican,29.922717,-95.6869751,Harris
La Hacienda On The Creek,Telge Road,,77429,mexican,29.9566348,-95.6502932,Harris
El Mejor Taco,,,,mexican,29.9267681,-95.4519246,Harris
Raising Cain's,Barker Cypress Road,,77433,chicken,29.9075372,-95.685394,Harris
Sushi Masa,Westheimer Road,,77042,japanese;sushi,29.7358866,-95.5406638,Harris
Yummy Seafood & Oyster Bar,,,,seafood,29.7931279,-95.7732881,Harris
Isa Matcha,West Alabama Street,,77006,tea,29.7388616,-95.3989474,Harris
Yangguofu,,,,chinese;malatang,29.793515,-95.7711495,Harris
Snooze an A.M. Eatery,West Sam Houston Parkway North,Houston,77024,breakfast;brunch,29.7740432,-95.5620458,Harris
Starbucks,Memorial Drive,Houston,77024,coffee_shop,29.7736687,-95.5621094,Harris
Flower child,Memorial Drive,Houston,77024,,29.7746837,-95.5617767,Harris
Burger King,,,,burger,29.7943968,-95.3388818,Harris
Big Madre Tacos y Tortas,,,,mexican,29.9366739,-95.4328297,Harris
Station 8 Coffe,Texas Avenue,,TX7702,,29.7613666,-95.3643192,Harris
Parlor Doughtnuts,,,,,29.7799287,-95.3984117,Harris
La Rosa Blanca Mexican Restaurant,Airline Drive,Houston,77009,mexican,29.8095307,-95.3814048,Harris
Subway,Tomball Parkway,,,sandwich,30.0454531,-95.6093868,Harris
Chick-fil-A,Washington Avenue,Houston,77007,chicken,29.7701552,-95.3992242,Harris
Voodoo Doughnut,Washington Avenue,Houston,77007,donut,29.7693538,-95.3983544,Harris
Aban Persian Restaurant,,Houston,77063,persian;mediterranean;middle_eastern,29.736187,-95.5354892,Harris
Basa's Mexican Grill,Clay Road,Katy,77449-5857,mexican,29.8311755,-95.7460727,Harris
Via 313,Tuckerton Road,Cypress,77433,pizza,29.9256743,-95.7275711,Harris
CC's Cafe Waller,Hempstead Highway,Waller,,,30.0550111,-95.9180546,Harris
Captain Hook's Fish and Chicken,,,,chicken;fish,29.8552972,-95.7192035,Harris
Açaí Brasil,West Lake Houston Parkway,Houston,77044-6452,brazilian;açaí,29.9231492,-95.2020628,Harris
Açaí Brasil,Sabine Street,Houston,77007-8322,brazilian;açaí,29.7628743,-95.3760131,Harris
Papa John's,,,,pizza,30.0003446,-95.1601793,Harris
Wingstop,,,,wings,30.0003198,-95.1601265,Harris
Huffman Cajun House,,,,,30.0249876,-95.0888695,Harris
Great American Cookies,FM 1960,,77346,cookies,30.0005698,-95.1604699,Harris
Waffle House,Dinero Drive,Humble,77346,american,29.9988365,-95.1587474,Harris
Louisiana Famous Fried Chicken,,,,chicken,29.9735909,-95.2270354,Harris
Church's Chicken,,,,chicken,29.9786672,-95.2175737,Harris
Ling's,,,,chinese,29.9928529,-95.177695,Harris
Marco's Pizza,,,,pizza,29.9967451,-95.1683999,Harris
CAVA,,,,mediterranean,30.050868,-95.1841066,Harris
Smoothie King,,,,juice,30.0463184,-95.1814478,Harris
Subway,,,,sandwich,30.0516659,-95.186209,Harris
Charleys Philly Steaks,,,,sandwich,29.997803,-95.1774657,Harris
Three Lil Pigs,Main St,,31822,barbecue,32.8615233,-84.8526189,Harris
Moore’s Whistling Pig Cafe,S Main Ave,,31822,barbecue,32.8546349,-84.8483469,Harris
San Marcos Mexican Restaurant,Main St,,31822,mexican,32.8687031,-84.8566007,Harris
Iguana Joe’s,West Lake Houston Parkway,,77346,mexican,29.9836627,-95.162201,Harris
Dunkin’,West Lake Houston Parkway,,77346,coffee_shop;donut,29.9824743,-95.1628673,Harris
Louisiana Famous Fried Chicken,,,,american;chicken,29.9989168,-95.2696614,Harris
Domino’s,,,,,30.004661,-95.2592892,Harris
Portillo’s,,,,,30.005913,-95.2652484,Harris
Shipley Do-Nuts,,,,donut,29.999677,-95.2711307,Harris
Jack in the Box,FM 528,Webster,77598,burger,29.522781,-95.161127,Harris
Kanau Sushi & Izakaya,Fannin Street,Houston,77002,sushi,29.7436251,-95.374487,Harris
Taste Katchers Kafe,Sheldon Road,Channelview,77530,,29.7662677,-95.1244843,Harris
Ginger Cafe,,,,chinese,29.9974319,-95.1603218,Harris
7Spice,,,,seafood,30.0005249,-95.1604069,Harris
Starbucks,West Lake Houston Parkway,,,coffee_shop,30.0009255,-95.1609087,Harris
TB Pho & Grill 2,,,,vietnamese,30.0035704,-95.1512135,Harris
Landry’s Creole,,,,seafood,30.003915,-95.1543104,Harris
burger king,,,,,29.9485941,-95.4201037,Harris
Little Caesars,,,,pizza,30.0479245,-94.8852175,Liberty
Burger King,West Southline Street,Cleveland,77328-5098,burger,30.3359539,-95.1010743,Liberty
Pizza Hut,South Washington Avenue,Cleveland,77327,pizza,30.3377288,-95.0935972,Liberty
Arby's,FM 2025,Cleveland,77328,sandwich,30.3548116,-95.0912815,Liberty
Denny's,State Highway 242,New Caney,77357,american,30.1924868,-95.1926708,Liberty
Subway,West Southline Street,Cleveland,77327,sandwich,30.3356456,-95.0963311,Liberty
Snowflake Donuts,,,,donut,30.1734518,-95.1936483,Liberty
Checkers,,,,burger,30.247903,-94.7413234,Liberty
Big Max's Pizza,,,,pizza,30.2479107,-94.7410588,Liberty
Taco Corner,,,,tex-mex,30.2479121,-94.740974,Liberty
Yo Taco,,,,tex-mex,30.3338219,-95.059247,Liberty
Dickey's Barbecue Pit,,,,barbecue,30.3340487,-95.0595608,Liberty
Hunt Brothers Pizza,,,,pizza,30.0281365,-94.5930818,Liberty
Taco Corner,,,,mexican,30.0278044,-94.5983738,Liberty
Checkers,,,,burger,30.0278532,-94.5986393,Liberty
Checkers,,,,burger,29.9864093,-94.965941,Liberty
Taco Corner,,,,mexican,29.9862211,-94.9662173,Liberty
Taco Corner,,,,mexican,29.9875419,-94.9645449,Liberty
Dickey's Barbecue Pit,,,,barbecue,29.9876139,-94.9646066,Liberty
Taco Corner,,,,mexican,29.9538179,-94.9066481,Liberty
Big Max's Pizza,,,,pizza,29.9538702,-94.9066602,Liberty
Donut Delight,Highway 146 South,Dayton,,donut,29.953644,-94.9065391,Liberty
,,,,,30.1964231,-95.1996643,Liberty
Shipley Do-Nuts,,,,donut,30.3443676,-95.0895027,Liberty
Wagon Wheel Restaurant,,,,pizza;seafood;steak_house,30.3428457,-95.0906744,Liberty
KFC,Highway 59,Splendora,77372,chicken,30.2303605,-95.1649671,Liberty
Laredo Taco Company,,,,tex-mex,30.0559096,-94.7951835,Liberty
Popeyes,,,,chicken,30.042515,-94.8937845,Liberty
Starbucks,,,,coffee_shop,30.0423362,-94.8941171,Liberty
Los Tacos,,,,mexican,30.0476133,-94.8858108,Liberty
Subway,South Prairie Street,Dayton,77535,sandwich,30.0478871,-94.8837219,Liberty
D&M Diner,East Houston Street,Cleveland,77327,,30.3407611,-95.0750181,Liberty
Laredo Taco Company,,,,tex-mex,30.3417506,-95.0737852,Liberty
Subway,East Houston Street,Cleveland,77327,sandwich,30.3407306,-95.068397,Liberty
Fish Tales,East Houston Street,Cleveland,77327,seafood,30.3392082,-95.0667179,Liberty
Little Caesars,East Houston Street,Cleveland,77327,pizza,30.3391133,-95.0667442,Liberty
Subway,,,,sandwich,30.3199231,-94.9971456,Liberty
Jack in the Box,,,,burger,30.3387943,-95.0920409,Liberty
Las Fuentes,,,77354,,30.2159759,-95.7495879,Montgomery
Jack in the Box,FM 1488 Road,Magnolia,77354,burger,30.218252,-95.7404094,Montgomery
Américas Woodlands,Waterway Avenue,,,,30.1600814,-95.4593497,Montgomery
North Italia,Lake Woodlands Drive,The Woodlands,77380,italian,30.1626351,-95.4552464,Montgomery
Hubbell & Hudson Bistro,Waterway Avenue,,,,30.1611336,-95.4588579,Montgomery
Panera Bread,Lake Woodlands Drive,The Woodlands,77380,sandwich;bakery,30.1629858,-95.4548748,Montgomery
The Cheesecake Factory,Lake Woodlands Drive,,,american,30.1626027,-95.456039,Montgomery
Which Wich?,Lake Robbins Drive,,,sandwich,30.1615726,-95.4597868,Montgomery
Chipotle,Six Pines Drive,Spring,77380,mexican,30.1643773,-95.464917,Montgomery
Buca di Beppo,,,,italian,30.1834778,-95.4513869,Montgomery
Wahoo's Fish Taco,,,,seafood;mexican,30.186084,-95.4515478,Montgomery
Katz's Deli Express,Interstate 45 South,Shenandoah,,american,30.181136,-95.4512522,Montgomery
Tropical Smoothie Cafe,Interstate 45 South,Shenandonah,,juice,30.1811685,-95.4509094,Montgomery
Popeyes,West Montgomery Street,Willis,77318,chicken,30.4212199,-95.4932913,Montgomery
Sonic,Melton Street,Magnolia,77354,burger,30.2118843,-95.7526145,Montgomery
KFC,FM 1488 Road,Magnolia,77354,chicken,30.2176629,-95.7437229,Montgomery
Pizza Hut,FM 1488,Magnolia,77354,pizza,30.21732,-95.7444623,Montgomery
Magnolia Diner,,,,,30.2142321,-95.7510212,Montgomery
Chicken Express,Farm-to-Market Road 1774,Magnolia,,chicken,30.2095063,-95.7516279,Montgomery
Fleming's,Lake Woodlands Drive,The Woodlands,,steak_house,30.1627068,-95.4545126,Montgomery
Burger King,FM 1374 Road,New Waverly,77358-3937,burger,30.549868,-95.500388,Montgomery
Chipotle,West Davis Street,Conroe,77304,mexican,30.3152594,-95.4734915,Montgomery
Chick-fil-A,College Park Drive,Conroe,77384,chicken,30.2059073,-95.4712003,Montgomery
McDonald's,Highway 242,Conroe,77385,burger,30.2084341,-95.4550038,Montgomery
Perks Beanery,,,,,30.1640502,-95.6736685,Montgomery
Waverly House,TX 75,,,,30.5362975,-95.4834825,Montgomery
Freebirds,West Dallas Street,Conroe,77301,mexican,30.315797,-95.469531,Montgomery
Subway,Farm-to-Market Road 1488,Magnolia,77355,sandwich,30.2131323,-95.7516073,Montgomery
Sam's Boat,,,,,30.3581482,-95.5920826,Montgomery
Fajita Jack's,,,,mexican,30.3585962,-95.5920868,Montgomery
McDonald's,State Highway 105,Montgomery,77356,burger,30.359987,-95.597624,Montgomery
Atsumi,College Park Drive,The Woodlands,77384,asian,30.2078021,-95.4629501,Montgomery
The Hop,State Highway 150,Coldspring,77331,american,30.5892937,-95.1354144,Montgomery
California Pizza Kitchen,,,,pizza,30.1708523,-95.4713122,Montgomery
Fogo de Chão,Hughes Landing Boulevard,The Woodlands,77380,brazilian;steak_house,30.1711148,-95.4716041,Montgomery
Local Pour - The Woodlands,,,,bar_and_grill,30.1710098,-95.471443,Montgomery
Schlotzsky's,FM 1488,Magnolia,77354,sandwich,30.222762,-95.5618107,Montgomery
Schlotzsky's,Research Forest Drive,Shenandoah,77381,sandwich,30.1775733,-95.4608061,Montgomery
Schlotzsky's,Interstate 45 Frontage Road,Willis,77318,sandwich,30.4235975,-95.4942966,Montgomery
Starbucks,Hughes Landing Boulevard,The Woodlands,77380,coffee_shop,30.1702142,-95.4712511,Montgomery
Starbucks,Interstate 45 North,Willis,77318,coffee_shop,30.4227029,-95.494282,Montgomery
Papa John's,FM 1097 West,Willis,77318,pizza,30.4200985,-95.494931,Montgomery
Los Pericos,,,,tex-mex,30.419374,-95.4784957,Montgomery
Church's Chicken,,,,chicken,30.421183,-95.4781359,Montgomery
Pizza Hut,Canyon Park Lane,Willis,77318,pizza,30.4199056,-95.4985065,Montgomery
Subway,FM 2978,Magnolia,77354,sandwich,30.1897703,-95.5909778,Montgomery
China Delight,West Cartwright Road,Conroe,77301,chinese,30.335261,-95.4724743,Montgomery
Texas Roadhouse,,,,steak_house,30.3364706,-95.4783529,Montgomery
Buffalo Wild Wings,,,,wings,30.3466327,-95.4821434,Montgomery
Wendy's,League Line Road,Conroe,77303,burger,30.3656351,-95.4818124,Montgomery
McDonald's,League Line Road,Conroe,77303,burger,30.3672505,-95.483926,Montgomery
Jack in the Box,League Line Road,Conroe,77301,burger,30.3677457,-95.4863293,Montgomery
Chuy's,Interstate 45 South,Shenandoah,77385,tex-mex,30.1945041,-95.4531504,Montgomery
Hawaiian Grill,,,,,30.1638681,-95.4552273,Montgomery
Sonic,,,,burger,30.1640212,-95.4557021,Montgomery
Sarku Japan,,,,japanese,30.1639289,-95.4551867,Montgomery
P.F. Chang's,,,,asian,30.1628876,-95.4560366,Montgomery
Pretzelmaker,,,,pretzel,30.1643967,-95.4543284,Montgomery
Starbucks,Lake Woodlands Drive,The Woodlands Mall,77380,coffee_shop,30.164311,-95.4566556,Montgomery
Wendy's,,,,burger,30.1639812,-95.4551457,Montgomery
Famous Cajun Grill,,,,,30.1640399,-95.4551103,Montgomery
Chick-fil-A,Lake Woodlands Drive,The Woodlands,77380,chicken,30.1641069,-95.4550984,Montgomery
Great American Cookies,,,,cookies,30.1641184,-95.4550032,Montgomery
Famous Wok,,,,,30.1639188,-95.4555913,Montgomery
Great Wraps Grill,,,,,30.1641488,-95.4557285,Montgomery
Morton's The Steakhouse,,,,steak_house,30.1613,-95.4591965,Montgomery
Philly Steaks,,,,,30.1639667,-95.4556612,Montgomery
Villa,,,,,30.1640805,-95.455731,Montgomery
Auntie Anne's,,,,pretzel,30.1649137,-95.4569259,Montgomery
Great American Cookies,,,,cookies,30.1642855,-95.4565529,Montgomery
Dimassi's Mediterranean Buffet,,,,mediterranean;buffet,30.1675973,-95.4592153,Montgomery
Wings 'N More,I-45,Conroe,77384,american,30.2149178,-95.4578537,Montgomery
Chipotle,College Park Drive,Conroe,77384,mexican,30.2062867,-95.4636027,Montgomery
Dunkin' Donuts,College Park Drive,Conroe,77384,donut;coffee_shop,30.2064592,-95.4636074,Montgomery
Subway,FM 1488,Conroe,77384,sandwich,30.2287704,-95.519401,Montgomery
Eden Table,Egypt Lane,Magnolia,77354,,30.2216925,-95.5621453,Montgomery
Jack in the Box,North Loop 336 West,Conroe,77304,burger,30.3322671,-95.480433,Montgomery
Starbucks,North Loop 336,Conroe,77304,coffee_shop,30.332796,-95.4795713,Montgomery
Potbelly,West Cartwright Road,Conroe,77301,sandwich,30.3344577,-95.4770825,Montgomery
Ron's Hamburgers & Chili,Farm-to-Market Road 1488,Magnolia,77354,,30.2143476,-95.7508939,Montgomery
Locatelli's,Farm-to-Market Road 1488,Magnolia,77354,,30.2139868,-95.7513376,Montgomery
Papa John's,Farm-to-Market Road 1488,Magnolia,77354,pizza,30.2123767,-95.7540865,Montgomery
Domino's,Farm-to-Market Road 1488,Magnolia,77354,pizza,30.2136444,-95.7536214,Montgomery
Kitty's Cafe,Farm-to-Market Road 1488,Magnolia,77355,,30.2085944,-95.7566008,Montgomery
Freebirds,,,,mexican,30.1674153,-95.4595892,Montgomery
Torchys Taco,,,,,30.1838449,-95.4899058,Montgomery
Subway,East Williams Road,Conroe,77303,sandwich,30.393195,-95.3288249,Montgomery
Pappadeaux,,,,seafood,30.1923484,-95.452547,Montgomery
Burger King,Farm-to-Market Road 1488,Magnolia,77354,burger,30.2117922,-95.7531302,Montgomery
Taco Bell,Farm-to-Market Road 1488,Magnolia,77354,tex-mex,30.2176335,-95.7438227,Montgomery
Magnolia Super Burger,Farm-to-Market Road 1488,Magnolia,77355,,30.1941156,-95.7805872,Montgomery
Woodson's Local Tap + Kitchen,FM Road 1488,Conroe,77384,chicken;seafood;fish_and_chips;beer,30.2319981,-95.4997461,Montgomery
Broken Barrell,,,,,30.1709212,-95.4722655,Montgomery
Firehouse Subs,,,,sandwich,30.1676334,-95.4594316,Montgomery
Starbucks,Lake Woodlands Drive,The Woodlands,77380,coffee_shop,30.1688819,-95.4572988,Montgomery
Quiznos,Lake Woodlands Drive,The Woodlands,,sandwich,30.1692623,-95.4572798,Montgomery
Buffalo Wild Wings,,,,wings,30.1811641,-95.4499622,Montgomery
Church's Chicken,,,,chicken,30.1780547,-95.4507624,Montgomery
Smokey Mo's,,,,barbecue,30.3488541,-95.4827879,Montgomery
Pizza Hut,FM 2978,Magnolia,77354,pizza,30.2178173,-95.567449,Montgomery
Smoothie King,FM 1488,Magnolia,77354,juice,30.2203426,-95.5664249,Montgomery
Five Guys,FM 1488,Magnolia,77354,burger,30.2204102,-95.5662483,Montgomery
The Draft,,,,bar_and_grill,30.2236186,-95.5544661,Montgomery
Kolache Factory,,,,donut,30.2236103,-95.5551043,Montgomery
Top Donuts,,,,donut,30.2223502,-95.563364,Montgomery
Subway,FM 1488,Magnolia,77354,sandwich,30.2219497,-95.5640185,Montgomery
Jersey Mike's Subs,FM 1488,Magnolia,,sandwich,30.2203865,-95.5663514,Montgomery
Jimmy John's,FM 1488 Road,Magnolia,77354,sandwich,30.2229151,-95.5644105,Montgomery
Tropical Smoothie Cafe,,,,juice,30.2237575,-95.5505038,Montgomery
Shipley Do-Nuts,,,,donut,30.2239486,-95.5493541,Montgomery
Herrera's Mexican Restaurant,,,,mexican,30.2273727,-95.5087252,Montgomery
Dunkin' Donuts,FM 1488 Road,Conroe,77384,donut;coffee_shop,30.2240139,-95.5462384,Montgomery
Brothers Pizza Express,FM 1488,Magnolia,77354,pizza,30.2211681,-95.5648546,Montgomery
Tailgators,,,,,30.2217007,-95.5617,Montgomery
Mikado Asian Cuisine & Sushi,,,,asian,30.2234722,-95.5584544,Montgomery
GenuWine Tasting Room,,,,,30.2207015,-95.5644326,Montgomery
Citizens Grill,,,,,30.226079,-95.5417799,Montgomery
Mezcal Cantina,,,,mexican,30.2250992,-95.5422682,Montgomery
WingStreet,,,,wings,30.2178213,-95.5675496,Montgomery
Wingstop,FM 1488 Road,Magnolia,77354,wings,30.2226747,-95.5661069,Montgomery
Lone Star Taco,,,,mexican;tex-mex;tacos,30.2227251,-95.5661956,Montgomery
Little Caesars,,,,pizza,30.2228099,-95.5663497,Montgomery
Subway,Research Forest Drive,The Woodlands,77381,sandwich,30.2108101,-95.5287582,Montgomery
CRUST Pizza Co.,,,,pizza,30.2109193,-95.5289692,Montgomery
Radunare Italian American Table,,,,italian,30.1771384,-95.4756506,Montgomery
Shogun Japanese Grill & Sushi Bar,,,,japanese,30.2278568,-95.5088001,Montgomery
Golden Chopsticks,,,,chinese,30.2292645,-95.5092313,Montgomery
Julio's Mexican Grill,,,,mexican,30.2217301,-95.5612888,Montgomery
Patra's Thai Cuisine,FM 2978,Magnolia,,thai,30.2179075,-95.5684802,Montgomery
World's Burgers,,,,,30.2255806,-95.5417743,Montgomery
Noe's Crepes,,,,,30.2255332,-95.5417725,Montgomery
Burger and Bordeaux,,,,,30.2251005,-95.541815,Montgomery
Tapped Drafthouse & Kitchen,Woodland Square Boulevard,Conroe,77384,regional,30.2253787,-95.5423742,Montgomery
Donut Express,,,,donut,30.1929976,-95.5884321,Montgomery
Gringo's Tex-Mex,,,,mexican,30.1940317,-95.5883988,Montgomery
Sapporo Japanese Bistro & Sushi Bar,,,,sushi,30.1944826,-95.5880574,Montgomery
Subway,Highway 150,Coldspring,77331,sandwich,30.5902423,-95.1351762,Montgomery
The Toasted Yolk,East Shore Drive,,,,30.1583023,-95.4728949,Montgomery
Pizza Hut,West Cartwright Road,Conroe,77301,pizza,30.3334847,-95.4763975,Montgomery
Subway,South Loop 336 West,Conroe,77304,sandwich,30.2807069,-95.4606422,Montgomery
Pizza Hut,South Loop 336 West,Conroe,77304,pizza,30.2815507,-95.4593984,Montgomery
Torchys Tacos,South Loop 336 West,Conroe,77304,mexican,30.2782916,-95.4648843,Montgomery
Subway,State Highway 105 East,Conroe,77301,sandwich,30.3240559,-95.4017446,Montgomery
Waterfall Cafe,FM 2978,Magnolia,,,30.2178416,-95.5684789,Montgomery
Yummy Pho,FM 2978,Magnolia,,vietnamese,30.2174766,-95.5684574,Montgomery
All-Sports Bar & Grill,FM 2978,Magnolia,,american,30.2174117,-95.5684561,Montgomery
Fu's Garden,,,,chinese,30.2206342,-95.5645047,Montgomery
Mason Jar,Byrd Avenue,Coldspring,77331,american,30.5928539,-95.1288815,Montgomery
Paradise Grill,Live Oak Street,Coldspring,77331,american,30.5921474,-95.1299317,Montgomery
Taco Express,Church Street,Coldspring,77331,mexican,30.5919935,-95.1292195,Montgomery
El Bosque Mexican Grill,Interstate 45 South,Shenandoah,77385,mexican,30.1888804,-95.4511173,Montgomery
Starbucks,Eastex Freeway,New Caney,77357,coffee_shop,30.1514397,-95.2189209,Montgomery
Cyclone Anaya's,,,,mexican,30.1600136,-95.4589607,Montgomery
Starbucks,Eva Street,Montgomery,77356,coffee_shop,30.3874779,-95.6807631,Montgomery
Starbucks,Eva Street,Montgomery,77356,coffee_shop,30.3899476,-95.6786197,Montgomery
Five Guys,Interstate 45 North,Conroe,77304,burger,30.312968,-95.4724004,Montgomery
Schlotzsky's,Interstate 45 North,Conroe,,sandwich,30.3129093,-95.4724935,Montgomery
Starbucks,FM 2978 Road,Magnolia,77354,coffee_shop,30.2170968,-95.5649775,Montgomery
Starbucks,Lake Woodlands Drive,The Woodlands,77380,coffee_shop,30.1695962,-95.4533684,Montgomery
Starbucks,Interstate 45 North,Conroe,77304,coffee_shop,30.3135565,-95.4738307,Montgomery
Uni Sushi,Market Street,The Woodlands,,sushi,30.1634838,-95.4636521,Montgomery
Starbucks,Six Pines Drive,The Woodlands,77380,coffee_shop,30.1637095,-95.4643015,Montgomery
Potbelly,Market Street,The Woodlands,,sandwich,30.163958,-95.4642863,Montgomery
Starbucks,Research Forest Drive,The Woodlands,77381,coffee_shop,30.1798157,-95.4806049,Montgomery
Poke Chef,Lake Woodlands Drive,The Woodlands,,hawaiian,30.1688895,-95.457429,Montgomery
Which Wich?,,,,sandwich,30.1762187,-95.5363351,Montgomery
Turbo Joe's,,,,,30.2159495,-95.2802382,Montgomery
Turbo Joe's,,,,burger;chicken;pizza,30.1717394,-95.3192791,Montgomery
Cinnabon,,,,dessert,30.1716768,-95.3192335,Montgomery
Charleys Philly Steaks,FM 1314,Porter,,sandwich,30.1718275,-95.3193221,Montgomery
Hodge Podge Lodge,Prairie Street,Montgomery,77356,american,30.3900673,-95.6942052,Montgomery
Wasabi Bistro,,,,chinese,30.2790574,-95.4679804,Montgomery
Salata,,,,salad;soup,30.2788805,-95.4673984,Montgomery
Summer Moon Coffee,,,,coffee_shop,30.2785284,-95.4676235,Montgomery
Smoothie King,,,,juice,30.2782064,-95.4665904,Montgomery
Wingstop,South Loop 336 West,Conroe,77304,wings,30.2785401,-95.4663744,Montgomery
Teriyaki Madness,,,,japanese,30.2785597,-95.4664351,Montgomery
MOD Pizza,South Loop 336 West,Conroe,77304,pizza,30.2783156,-95.4656799,Montgomery
Starbucks,South Loop 336 West,Conroe,77304,coffee_shop,30.2779876,-95.461009,Montgomery
Jersey Mike's Subs,,,,sandwich,30.2779369,-95.4615826,Montgomery
McAlister's Deli,,,,sandwich,30.2780463,-95.4603983,Montgomery
Golden Hour Coffee & Tea,,,,,30.2241922,-95.5396937,Montgomery
Hunt Brothers Pizza,,,,pizza,30.2685632,-95.8322127,Montgomery
Church's Chicken,,,,chicken,30.2149877,-95.2789508,Montgomery
Popeyes,Panther Creek Pines,The Woodlands,77381,chicken,30.1667364,-95.5070543,Montgomery
Taco Bell,Panther Creek Pine,The Woodlands,77381,tex-mex,30.1665251,-95.5067264,Montgomery
Nona's Italian Grill,,,,,30.2050255,-95.4634291,Montgomery
Domino's,North Loop 336 West,Conroe,77301,pizza,30.3354218,-95.4692757,Montgomery
MOD Pizza,North Loop 336 West,Conroe,77301,pizza,30.3345325,-95.4768588,Montgomery
Papa John's,Research Forest Drive,The Woodlands,77382,pizza,30.2097048,-95.5265817,Montgomery
El Chaparro Mexican Bar & Grill,Research Forest Drive,The Woodlands,77382,tex-mex,30.2101336,-95.5273874,Montgomery
Wienerschnitzel,Eastex Freeway,,,hot_dog,30.1532112,-95.2179029,Montgomery
Wingstop,Highway 59,New Caney,77537,wings,30.153388,-95.2177808,Montgomery
Coco,,,,cafe,30.1803277,-95.5392691,Montgomery
Angie's Mexican Restaurant,,,,mexican,30.3262085,-95.4657108,Montgomery
Panera Bread,West Davis Street,Conroe,77304,sandwich;bakery,30.3162227,-95.4734525,Montgomery
Akashi,,,,sushi,30.3586888,-95.5921113,Montgomery
Crust Pizza Company,,,,,30.3587345,-95.592198,Montgomery
Subway,West Davis Street,Conroe,77304,sandwich,30.3162335,-95.4762779,Montgomery
Starbucks,West Davis Street,Conroe,77304,coffee_shop,30.3162516,-95.4763607,Montgomery
Kolache Factory,West Davis Street,,,,30.316236,-95.4763155,Montgomery
Taco Bell,West Davis,Conroe,77304,tex-mex,30.3211959,-95.4869264,Montgomery
Lucky Cafe,Glen Loch Drive,The Woodlands,77381,,30.1515287,-95.4943668,Montgomery
Conduit Coffee,Glen Loch Drive,,,coffee_shop,30.1516649,-95.494499,Montgomery
Pizza Tonight,Glen Loch Drive,,,pizza,30.1519269,-95.4947496,Montgomery
Torchy's Tacos,Lake Woodlands Drive,The Woodlands,,tex-mex,30.1667466,-95.4585916,Montgomery
Salata,Lake Woodlands Drive,The Woodlands,,,30.1666645,-95.4587363,Montgomery
Jason's Deli,Lake Woodlands Drive,The Woodlands,,sandwich,30.1681115,-95.455701,Montgomery
Little Caesars,Eastex Freeway,,,pizza,30.1508123,-95.2193708,Montgomery
Subway,FM 1488,Conroe,77384,sandwich,30.2373389,-95.4629761,Montgomery
El Bosque,,,,mexican,30.3876053,-95.6933344,Montgomery
Subway,Eva Street,Montgomery,77356,sandwich,30.3877952,-95.6932302,Montgomery
Best Donuts,,,,donut,30.3890848,-95.6956235,Montgomery
Panda Express,Eva Street,Montgomery,77356,chinese,30.3875791,-95.6813077,Montgomery
Jersey Mike's Subs,,,,sandwich,30.3874008,-95.6805545,Montgomery
MOD Pizza,Eva Street,Montgomery,77356,pizza,30.3873929,-95.6804213,Montgomery
Chipotle,Eva Street,Montgomery,77356,mexican,30.3871961,-95.6793291,Montgomery
Cozy Grape,Liberty Street,Montgomery,77356,bistro,30.3903124,-95.6964552,Montgomery
Urban Coffee Culture,McCown Street,Montgomery,,coffee_shop,30.3901381,-95.6957639,Montgomery
Uptown Asian Fusion,Woodlands Parkway,The Woodlands,77382,chinese,30.1828036,-95.536336,Montgomery
Perry's Steak House & Grille,Woodlands Parkway,The Woodlands,77382,steak_house,30.1828595,-95.5366504,Montgomery
Wasabi Bistro Woodforest,Fish Creek Thoroughfare,Montgomery,77316,chinese,30.2823211,-95.5719722,Montgomery
Villa Italia,North Thompson Street,Conroe,77301,italian,30.3142401,-95.4583755,Montgomery
Roasted,,,,coffee_shop,30.2811151,-95.5708083,Montgomery
Galindo's Coffee & Elixirs,,,,,30.2319799,-95.4994494,Montgomery
McDonald's,FM 1488,Conroe,77384,burger,30.2371244,-95.4647615,Montgomery
Sugar Britches,,,,american,30.2319552,-95.5001459,Montgomery
Blue Door Coffee,,,,,30.1603297,-95.4593177,Montgomery
True Food Kitchen,,,,american,30.1642244,-95.4617802,Montgomery
Bosscat,,,,,30.1637594,-95.4617587,Montgomery
The Republic Grille,West Panther Creek Drive,The Woodlands,77381,american,30.169305,-95.5042981,Montgomery
The Republic Grille,FM 2978 Road,Magnolia,77354,american,30.1895631,-95.5911037,Montgomery
Shake Shack,Lake Woodlands Drive,The Woodlands,,burger,30.163201,-95.4555752,Montgomery
Another Broken Egg,,,,,30.1814518,-95.4500046,Montgomery
Chi Japanese Cuisine,,,,japanese,30.1588918,-95.4488246,Montgomery
Mia's Table,,,,,30.1877104,-95.4537593,Montgomery
Twin Peaks,,,,american,30.1922534,-95.4549952,Montgomery
Wingstop,Needham Road,,,wings,30.2069355,-95.4535444,Montgomery
Poke Man,Needham Road,,,poke,30.2069313,-95.4538984,Montgomery
Mama Juanita's Mexican Restaurant,Needham Road,,,mexican,30.2069139,-95.4540694,Montgomery
Pho An & Sushi Bar,Needham Road,,,vietnamese;sushi,30.2068573,-95.4545675,Montgomery
Pizza Hut Delivery,,,,pizza,30.2050258,-95.463028,Montgomery
Jersey Mike's Subs,,,,sandwich,30.2050522,-95.4638814,Montgomery
Kung Fu Tea,,,,bubble_tea,30.2050555,-95.4636475,Montgomery
Gringo's Mexican Kitchen (Conroe),Interstate 45 North,,77303,mexican,30.3429636,-95.4806266,Montgomery
Goode Co. Fish Camp,Six Pines Drive,,77380,fish,30.1760222,-95.4606817,Montgomery
Jamba,Lake Woodlands Drive,The Woodlands,77380,juice,30.1645263,-95.4539102,Montgomery
McDonald's,Woodlands Parkway,,77381-3586,burger,30.1668232,-95.5044411,Montgomery
,,,,,30.2795233,-95.4636692,Montgomery
McDonald's,South Loop 336 West,,77304,burger,30.2793578,-95.4629608,Montgomery
McDonald's,East Davis Street,,77306,burger,30.3228733,-95.4015821,Montgomery
Cafe Express,College Park Drive,The Woodlands,77384,regional;sandwich;salad;american,30.2054218,-95.4623687,Montgomery
,,,,,30.4373099,-95.4977852,Montgomery
PrimoHoagies,Pine Market Avenue,Montgomery,77316,sandwich,30.2837353,-95.5701619,Montgomery
Little Caesars,South Frazier Street,,77301,pizza,30.2996644,-95.4572554,Montgomery
Acqua,,,,,30.1609481,-95.4607424,Montgomery
Brooklyn Cafe,West Panther Creek Drive,The Woodlands,77381,bagel;breakfast;burger;coffee_shop;deli;diner,30.1678448,-95.5033087,Montgomery
CAVA,,,,mediterranean,30.1821303,-95.5348793,Montgomery
Brothers Pizza Express,,,,pizza,30.1825797,-95.5345571,Montgomery
Ruah Cafe - Woodlands,FM 2978 Road,,77354,,30.1938867,-95.5884694,Montgomery
Jersey Mike's Subs,Six Pines Dr,,,,30.1677239,-95.4610646,Montgomery
Kura Revolving Sushi Bar,Six Pines Dr,,,,30.1673904,-95.4611504,Montgomery
Pei Wei Asian Kitchen,I-45,,,,30.1827529,-95.4512239,Montgomery
Xalisko,Lake Woodlands Dr,,,,30.1671178,-95.4552805,Montgomery
MOD Pizza,I-45,,,,30.1826884,-95.4515508,Montgomery
Lupe Tortilla,I-45 Freeway,,,,30.1743053,-95.4500207,Montgomery
EAD Vietnamese Restaurant,I-45,,,,30.195715,-95.4514151,Montgomery
Mi Rancho Shenandoah,I-45,,,,30.1781793,-95.4497817,Montgomery
"JAX Burgers, Fries & Shakes",Metropark Dr,,,,30.1951766,-95.4519372,Montgomery
Black Bear Diner The Woodlands,Metropark Dr,,,,30.195206,-95.4531866,Montgomery
The Blue Lion Pub,,,,,30.1828238,-95.5594077,Montgomery
Pizza Hut,,,,pizza,30.1826522,-95.5590355,Montgomery
Zoner's Pizza Joint,,,,pizza,30.1824386,-95.5585721,Montgomery
El Jarrito Mexican Grill,Hardin Store Road,Magnolia,77354,mexican,30.1742444,-95.6029352,Montgomery
Pizzaiolo's,Hardin Store Road,Magnolia,77354,pizza,30.174686,-95.6028315,Montgomery
1st Donut World,Hardin Store Road,Magnolia,77354,donut,30.1747492,-95.6027543,Montgomery
Mochi Mochi Chillin,Hardin Store Road,Magnolia,77354,ice_cream;donut;coffee_shop,30.174277,-95.6028392,Montgomery
Dave's Hot Chicken,FM 2978 Road,Magnolia,77354,chicken,30.2167943,-95.567571,Montgomery
The Kebab Shop,FM 2978 Road,Magnolia,77354,mediterranean,30.2164485,-95.5675008,Montgomery
Playa Bowls,FM 2978 Road,Magnolia,77354,açaí,30.2165551,-95.567547,Montgomery
Wendys,,,,,30.2238052,-95.6828241,Montgomery
Little Caesars,North Frazier Street,Conroe,77301,pizza,30.3345315,-95.4653358,Montgomery
Chick-fil-A,North Loop 336 West,Conroe,77301,chicken,30.336956,-95.4661426,Montgomery
Latin Nutricion,North Frazier Street,Conroe,77301,,30.3328978,-95.4678174,Montgomery
Pollos Asados Mi Regio,North Frazier Street,Conroe,77301,mexican,30.3329055,-95.4677801,Montgomery
El Tri,North Frazier Street,Conroe,77301,mexican,30.3330984,-95.4672005,Montgomery
East Buffet,North Frazier Street,Conroe,77301,chinese,30.3346528,-95.465373,Montgomery
BoomaBoom Tacos,,,,mexican;tex-mex,30.5705706,-95.1438312,Montgomery
Perla's Taqueria #2,State Highway 150 West,Coldspring,77331,mexican,30.5709353,-95.1449038,Montgomery
Space City Hotdogs,FM 1488,Magnolia,77354-1304,hot_dog,30.2218923,-95.6456464,Montgomery
Daisy's Coffee Shop,,,,coffee_shop,30.1567848,-95.4341967,Montgomery
Domino's,,,,pizza,30.1567463,-95.4338692,Montgomery
Overall Nutrition,Farm to Market Road 1485,New Caney,77357,juice;smoothie,30.1503434,-95.2121582,Montgomery
Overall Crawfish and Seafood,Farm to Market Road 1485,New Caney,77357,seafood,30.1506164,-95.2123352,Montgomery
Taqueria Mi Taquito,Farm to Market Road 1485,New Caney,77357,mexican,30.1503033,-95.211573,Montgomery
Crepes of Brittany,,,77356,french,30.3862706,-95.6668469,Montgomery
Sodexo Campus Dining Services,,,,,30.0928437,-95.9907843,Waller
AJ's Family Restaurant,,,,,30.203268,-96.059823,Waller
Waller County Line BBQ,FM 362,Waller,,barbecue,30.069323,-95.935098,Waller
Angie's Mexican and Seafood,Farm-to-Market Road 1488,Waller,77484,,30.1636173,-95.9117715,Waller
Dickey's Barbeque,Katy Freeway,Brookshire,,,29.7778297,-95.9661502,Waller
McDonald's,,,,burger,29.777654,-95.9522228,Waller
Taco Corner,,,,mexican,30.0765315,-96.0058214,Waller
Denny's,Waller Avenue,Brookshire,77423,american,29.7799312,-95.9523251,Waller
Popeyes,FM 359 Road South,Brookshire,77423,chicken,29.7768593,-95.9518947,Waller
Dunkin',FM 1488 Road,Hempstead,77445,donut;coffee_shop,30.1081227,-96.0473462,Waller
Subway,FM 1488,Hempstead,77445,sandwich,30.1080552,-96.0475721,Waller
Domino's,Austin Street,Hempstead,77445,pizza,30.0967821,-96.0766156,Waller
Las Fuentes,,,,mexican,30.0990757,-96.0790682,Waller
Erick's Mexican Restaurant,,,,mexican,30.0978471,-96.0787903,Waller
,,,,barbecue,30.1096172,-96.073749,Waller
Marco's Pizza,,,,pizza,29.7687356,-95.8997351,Waller
